$ lake build
⚠ [8923/9257] Replayed SparseSGD.Scaling.GeometricKernel
warning: SparseSGD/Scaling/GeometricKernel.lean:68:40: try 'simp' instead of 'simpa'

Note: This linter can be disabled with `set_option linter.unnecessarySimpa false`
warning: SparseSGD/Scaling/GeometricKernel.lean:43:78: Used `tac1 <;> tac2` where `(tac1; tac2)` would suffice

Note: This linter can be disabled with `set_option linter.unnecessarySeqFocus false`
⚠ [8924/9257] Replayed SparseSGD.Logistic.SquareRemainderConvex
warning: SparseSGD/Logistic/SquareRemainderConvex.lean:17:53: Used `tac1 <;> tac2` where `(tac1; tac2)` would suffice

Note: This linter can be disabled with `set_option linter.unnecessarySeqFocus false`
warning: SparseSGD/Logistic/SquareRemainderConvex.lean:34:53: Used `tac1 <;> tac2` where `(tac1; tac2)` would suffice

Note: This linter can be disabled with `set_option linter.unnecessarySeqFocus false`
⚠ [8926/9257] Replayed SparseSGD.Logistic.ContinuousBootstrap
warning: SparseSGD/Logistic/ContinuousBootstrap.lean:11:29: Variable name `hT` is not explicitly referenced.

Hint: The binding can be removed (if unused) or named `_` (if used implicitly). Alternatively, prefix the name with `_` to silence this warning:
  [apply] _hT

Note: This linter can be disabled with `set_option linter.unusedVariables false`
⚠ [8930/9257] Replayed SparseSGD.Discrete.Loads
warning: SparseSGD/Discrete/Loads.lean:21:4: Used `tac1 <;> tac2` where `(tac1; tac2)` would suffice

Note: This linter can be disabled with `set_option linter.unnecessarySeqFocus false`
warning: SparseSGD/Discrete/Loads.lean:30:2: Used `tac1 <;> tac2` where `(tac1; tac2)` would suffice

Note: This linter can be disabled with `set_option linter.unnecessarySeqFocus false`
⚠ [8932/9257] Replayed SparseSGD.Discrete.RenewalBounds
warning: SparseSGD/Discrete/RenewalBounds.lean:20:4: Used `tac1 <;> tac2` where `(tac1; tac2)` would suffice

Note: This linter can be disabled with `set_option linter.unnecessarySeqFocus false`
warning: SparseSGD/Discrete/RenewalBounds.lean:61:4: Used `tac1 <;> tac2` where `(tac1; tac2)` would suffice

Note: This linter can be disabled with `set_option linter.unnecessarySeqFocus false`
⚠ [8933/9257] Replayed SparseSGD.Continuum.Algebra
warning: SparseSGD/Continuum/Algebra.lean:11:2: Used `tac1 <;> tac2` where `(tac1; tac2)` would suffice

Note: This linter can be disabled with `set_option linter.unnecessarySeqFocus false`
warning: SparseSGD/Continuum/Algebra.lean:26:2: Used `tac1 <;> tac2` where `(tac1; tac2)` would suffice

Note: This linter can be disabled with `set_option linter.unnecessarySeqFocus false`
⚠ [8935/9257] Replayed SparseSGD.Scaling.Exponents
warning: SparseSGD/Scaling/Exponents.lean:78:27: This simp argument is unused:
  heq

Hint: Omit it from the simp argument list.
  [apply] simp

Note: This linter can be disabled with `set_option linter.unusedSimpArgs false`
ℹ [8939/9257] Replayed SparseSGD.Logistic.Equilibrium
info: SparseSGD/Logistic/Equilibrium.lean:47:2: Try this:
  [apply] ring_nf
  
  The `ring` tactic failed to close the goal. Use `ring_nf` to obtain a normal form.
    
  Note that `ring` works primarily in *commutative* rings. If you have a noncommutative ring, abelian group or module, consider using `noncomm_ring`, `abel` or `module` instead.
info: SparseSGD/Logistic/Equilibrium.lean:109:2: Try this:
  [apply] ring_nf
  
  The `ring` tactic failed to close the goal. Use `ring_nf` to obtain a normal form.
    
  Note that `ring` works primarily in *commutative* rings. If you have a noncommutative ring, abelian group or module, consider using `noncomm_ring`, `abel` or `module` instead.
⚠ [8941/9257] Replayed SparseSGD.Continuum.Spectrum
warning: SparseSGD/Continuum/Spectrum.lean:13:63: Variable name `hd` is not explicitly referenced.

Hint: The binding can be removed (if unused) or named `_` (if used implicitly). Alternatively, prefix the name with `_` to silence this warning:
  [apply] _hd

Note: This linter can be disabled with `set_option linter.unusedVariables false`
warning: SparseSGD/Continuum/Spectrum.lean:18:4: This simp argument is unused:
  Matrix.one_apply

Hint: Omit it from the simp argument list.
  [apply] simp [continuumGenerator, spectrumPolynomial, Matrix.sub_apply, Matrix.smul_apply]

Note: This linter can be disabled with `set_option linter.unusedSimpArgs false`
warning: SparseSGD/Continuum/Spectrum.lean:20:2: Used `tac1 <;> tac2` where `(tac1; tac2)` would suffice

Note: This linter can be disabled with `set_option linter.unnecessarySeqFocus false`
⚠ [8942/9257] Replayed SparseSGD.Probability.GramStep
warning: SparseSGD/Probability/GramStep.lean:22:48: This simp argument is unused:
  inner_add_left

Hint: Omit it from the simp argument list.
  [apply] simp only [inner_sub_left, inner_sub_right, inner_add_right, real_inner_smul_left, real_inner_smul_right,
    real_inner_comm, real_inner_self_eq_norm_sq, heξ, hmξ]

Note: This linter can be disabled with `set_option linter.unusedSimpArgs false`
warning: SparseSGD/Probability/GramStep.lean:22:64: This simp argument is unused:
  inner_add_right

Hint: Omit it from the simp argument list.
  [apply] simp only [inner_sub_left, inner_sub_right, inner_add_left, real_inner_smul_left, real_inner_smul_right,
    real_inner_comm, real_inner_self_eq_norm_sq, heξ, hmξ]

Note: This linter can be disabled with `set_option linter.unusedSimpArgs false`
warning: SparseSGD/Probability/GramStep.lean:23:6: This simp argument is unused:
  real_inner_smul_left

Hint: Omit it from the simp argument list.
  [apply] simp only [inner_sub_left, inner_sub_right, inner_add_left, inner_add_right, real_inner_smul_right,
    real_inner_comm, real_inner_self_eq_norm_sq, heξ, hmξ]

Note: This linter can be disabled with `set_option linter.unusedSimpArgs false`
warning: SparseSGD/Probability/GramStep.lean:31:15: This simp argument is unused:
  inner_sub_left

Hint: Omit it from the simp argument list.
  [apply] simp only [inner_sub_right, inner_add_left, inner_add_right, real_inner_smul_left, real_inner_smul_right,
    real_inner_comm, real_inner_self_eq_norm_sq, heξ, hmξ]

Note: This linter can be disabled with `set_option linter.unusedSimpArgs false`
warning: SparseSGD/Probability/GramStep.lean:31:31: This simp argument is unused:
  inner_sub_right

Hint: Omit it from the simp argument list.
  [apply] simp only [inner_sub_left, inner_add_left, inner_add_right, real_inner_smul_left, real_inner_smul_right,
    real_inner_comm, real_inner_self_eq_norm_sq, heξ, hmξ]

Note: This linter can be disabled with `set_option linter.unusedSimpArgs false`
warning: SparseSGD/Probability/GramStep.lean:32:6: This simp argument is unused:
  real_inner_smul_left

Hint: Omit it from the simp argument list.
  [apply] simp only [inner_sub_left, inner_sub_right, inner_add_left, inner_add_right, real_inner_smul_right,
    real_inner_comm, real_inner_self_eq_norm_sq, heξ, hmξ]

Note: This linter can be disabled with `set_option linter.unusedSimpArgs false`
warning: SparseSGD/Probability/GramStep.lean:38:31: This simp argument is unused:
  inner_sub_right

Hint: Omit it from the simp argument list.
  [apply] simp only [inner_sub_left, inner_add_left, inner_add_right, real_inner_smul_left, real_inner_smul_right,
    real_inner_comm, real_inner_self_eq_norm_sq, heξ, hmξ]

Note: This linter can be disabled with `set_option linter.unusedSimpArgs false`
warning: SparseSGD/Probability/GramStep.lean:38:48: This simp argument is unused:
  inner_add_left

Hint: Omit it from the simp argument list.
  [apply] simp only [inner_sub_left, inner_sub_right, inner_add_right, real_inner_smul_left, real_inner_smul_right,
    real_inner_comm, real_inner_self_eq_norm_sq, heξ, hmξ]

Note: This linter can be disabled with `set_option linter.unusedSimpArgs false`
warning: SparseSGD/Probability/GramStep.lean:39:6: This simp argument is unused:
  real_inner_smul_left

Hint: Omit it from the simp argument list.
  [apply] simp only [inner_sub_left, inner_sub_right, inner_add_left, inner_add_right, real_inner_smul_right,
    real_inner_comm, real_inner_self_eq_norm_sq, heξ, hmξ]

Note: This linter can be disabled with `set_option linter.unusedSimpArgs false`
⚠ [8943/9257] Replayed SparseSGD.Probability.MomentReduction
warning: SparseSGD/Probability/MomentReduction.lean:30:2: Try this: 
  letI̵

The goal is a proposition, so `let` is preferred over `letI`.
The difference between `let` and `letI` is that `letI` inlines the value.
But this is not relevant for proofs because of proof irrelevance.

Note: This linter can be disabled with `set_option linter.style.haveILetI false`
warning: SparseSGD/Probability/MomentReduction.lean:58:6: this tactic is never executed

Note: This linter can be disabled with `set_option linter.unreachableTactic false`
warning: SparseSGD/Probability/MomentReduction.lean:58:6: Unused tactic linter: `ring` does nothing

Note: This linter can be disabled with `set_option linter.unusedTactic false`
warning: SparseSGD/Probability/MomentReduction.lean:74:2: Try this: 
  letI̵

The goal is a proposition, so `let` is preferred over `letI`.
The difference between `let` and `letI` is that `letI` inlines the value.
But this is not relevant for proofs because of proof irrelevance.

Note: This linter can be disabled with `set_option linter.style.haveILetI false`
⚠ [8948/9257] Replayed SparseSGD.Probability.Covariance
warning: SparseSGD/Probability/Covariance.lean:10:49: This simp argument is unused:
  real_inner_self_eq_norm_sq

Hint: Omit it from the simp argument list.
  [apply] simp [gramMoments, Moments.cov, Matrix.gram, real_inner_comm]

Note: This linter can be disabled with `set_option linter.unusedSimpArgs false`
⚠ [8955/9257] Replayed SparseSGD.Continuum.Hurwitz
warning: SparseSGD/Continuum/Hurwitz.lean:12:65: This simp argument is unused:
  Matrix.one_apply

Hint: Omit it from the simp argument list.
  [apply] simp [continuumGenerator, Matrix.sub_apply, Matrix.smul_apply]

Note: This linter can be disabled with `set_option linter.unusedSimpArgs false`
warning: SparseSGD/Continuum/Hurwitz.lean:15:2: Used `tac1 <;> tac2` where `(tac1; tac2)` would suffice

Note: This linter can be disabled with `set_option linter.unnecessarySeqFocus false`
⚠ [8957/9257] Replayed SparseSGD.Continuum.Energy
warning: SparseSGD/Continuum/Energy.lean:43:78: Used `tac1 <;> tac2` where `(tac1; tac2)` would suffice

Note: This linter can be disabled with `set_option linter.unnecessarySeqFocus false`
⚠ [8965/9257] Replayed SparseSGD.Probability.LeastSquares.Model
warning: SparseSGD/Probability/LeastSquares/Model.lean:61:0: Definition `SparseSGD.Probability.LeastSquares.pastSigma` of class type is semireducible. Most type class instances should be instance-reducible, so consider marking this
definition with `@[instance_reducible]`. If it is intentionally semireducible, this warning can be disabled with `set_option warn.classDefReducibility false`.
⚠ [8975/9257] Replayed SparseSGD.Probability.LeastSquares.Process
warning: SparseSGD/Probability/LeastSquares/Process.lean:58:29: this tactic is never executed

Note: This linter can be disabled with `set_option linter.unreachableTactic false`
warning: SparseSGD/Probability/LeastSquares/Process.lean:58:29: Unused tactic linter: `ring` does nothing

Note: This linter can be disabled with `set_option linter.unusedTactic false`
⚠ [8976/9257] Replayed SparseSGD.Probability.LeastSquares.Dynamic
warning: SparseSGD/Probability/LeastSquares/Dynamic.lean:24:2: Try this: 
  letI̵

The goal is a proposition, so `let` is preferred over `letI`.
The difference between `let` and `letI` is that `letI` inlines the value.
But this is not relevant for proofs because of proof irrelevance.

Note: This linter can be disabled with `set_option linter.style.haveILetI false`
⚠ [8977/9257] Replayed SparseSGD.Probability.LeastSquares.SourceFiltration
warning: SparseSGD/Probability/LeastSquares/SourceFiltration.lean:15:0: Definition `SparseSGD.Probability.LeastSquares.sourceSigma` of class type is semireducible. Most type class instances should be instance-reducible, so consider marking this
definition with `@[instance_reducible]`. If it is intentionally semireducible, this warning can be disabled with `set_option warn.classDefReducibility false`.
warning: SparseSGD/Probability/LeastSquares/SourceFiltration.lean:30:2: Try this: 
  letI̵

The goal is a proposition, so `let` is preferred over `letI`.
The difference between `let` and `letI` is that `letI` inlines the value.
But this is not relevant for proofs because of proof irrelevance.

Note: This linter can be disabled with `set_option linter.style.haveILetI false`
⚠ [8978/9257] Replayed SparseSGD.Probability.LeastSquares.SourceOracle
warning: SparseSGD/Probability/LeastSquares/SourceOracle.lean:43:6: Try this: 
  letI̵

The goal is a proposition, so `let` is preferred over `letI`.
The difference between `let` and `letI` is that `letI` inlines the value.
But this is not relevant for proofs because of proof irrelevance.

Note: This linter can be disabled with `set_option linter.style.haveILetI false`
warning: SparseSGD/Probability/LeastSquares/SourceOracle.lean:62:6: Try this: 
  letI̵

The goal is a proposition, so `let` is preferred over `letI`.
The difference between `let` and `letI` is that `letI` inlines the value.
But this is not relevant for proofs because of proof irrelevance.

Note: This linter can be disabled with `set_option linter.style.haveILetI false`
⚠ [8983/9257] Replayed SparseSGD.Probability.RawOracle
warning: SparseSGD/Probability/RawOracle.lean:18:0: automatically included section variable(s) unused in theorem `SparseSGD.memLp_of_condLExp_sq`:
  [InnerProductSpace ℝ E]
  [CompleteSpace E]
consider restructuring your `variable` declarations so that the variables are not in scope or explicitly omit them:
  omit [InnerProductSpace ℝ E] [CompleteSpace E] in theorem ...

Note: This linter can be disabled with `set_option linter.unusedSectionVars false`
warning: SparseSGD/Probability/RawOracle.lean:33:0: automatically included section variable(s) unused in theorem `SparseSGD.condExp_sq_of_condLExp`:
  [InnerProductSpace ℝ E]
  [CompleteSpace E]
  [IsProbabilityMeasure μ]
consider restructuring your `variable` declarations so that the variables are not in scope or explicitly omit them:
  omit [InnerProductSpace ℝ E] [CompleteSpace E] [IsProbabilityMeasure μ] in theorem ...

Note: This linter can be disabled with `set_option linter.unusedSectionVars false`
⚠ [8984/9257] Replayed SparseSGD.Discrete.GeometricDecay
warning: SparseSGD/Discrete/GeometricDecay.lean:43:42: Variable name `hC` is not explicitly referenced.

Hint: The binding can be removed (if unused) or named `_` (if used implicitly). Alternatively, prefix the name with `_` to silence this warning:
  [apply] _hC

Note: This linter can be disabled with `set_option linter.unusedVariables false`
⚠ [8985/9257] Replayed SparseSGD.Discrete.Stability
warning: SparseSGD/Discrete/Stability.lean:122:18: Variable name `hg0` is not explicitly referenced.

Hint: The binding can be removed (if unused) or named `_` (if used implicitly). Alternatively, prefix the name with `_` to silence this warning:
  [apply] _hg0

Note: This linter can be disabled with `set_option linter.unusedVariables false`
warning: SparseSGD/Discrete/Stability.lean:132:4: Used `tac1 <;> tac2` where `(tac1; tac2)` would suffice

Note: This linter can be disabled with `set_option linter.unnecessarySeqFocus false`
⚠ [8989/9257] Replayed SparseSGD.Continuum.KernelEstimates
warning: SparseSGD/Continuum/KernelEstimates.lean:126:73: Used `tac1 <;> tac2` where `(tac1; tac2)` would suffice

Note: This linter can be disabled with `set_option linter.unnecessarySeqFocus false`
⚠ [8990/9257] Replayed SparseSGD.Continuum.PositiveFlow
warning: SparseSGD/Continuum/PositiveFlow.lean:128:57: Used `tac1 <;> tac2` where `(tac1; tac2)` would suffice

Note: This linter can be disabled with `set_option linter.unnecessarySeqFocus false`
warning: SparseSGD/Continuum/PositiveFlow.lean:186:31: Used `tac1 <;> tac2` where `(tac1; tac2)` would suffice

Note: This linter can be disabled with `set_option linter.unnecessarySeqFocus false`
⚠ [8991/9257] Replayed SparseSGD.Continuum.OscillatorFormula
warning: SparseSGD/Continuum/OscillatorFormula.lean:23:115: This simp argument is unused:
  Pi.sub_def

Hint: Omit it from the simp argument list.
  [apply] simp [oscillatorFormula, continuumMeanGenerator, Matrix.mul_apply, Fin.sum_univ_two, Pi.mul_def, Pi.add_def,
    Pi.neg_def]

Note: This linter can be disabled with `set_option linter.unusedSimpArgs false`
warning: SparseSGD/Continuum/OscillatorFormula.lean:23:127: This simp argument is unused:
  Pi.neg_def

Hint: Omit it from the simp argument list.
  [apply] simp [oscillatorFormula, continuumMeanGenerator, Matrix.mul_apply, Fin.sum_univ_two, Pi.mul_def, Pi.add_def,
    Pi.sub_def]

Note: This linter can be disabled with `set_option linter.unusedSimpArgs false`
warning: SparseSGD/Continuum/OscillatorFormula.lean:25:103: This simp argument is unused:
  Pi.add_def

Hint: Omit it from the simp argument list.
  [apply] simp [oscillatorFormula, continuumMeanGenerator, Matrix.mul_apply, Fin.sum_univ_two, Pi.mul_def, Pi.sub_def,
    Pi.neg_def]

Note: This linter can be disabled with `set_option linter.unusedSimpArgs false`
warning: SparseSGD/Continuum/OscillatorFormula.lean:25:115: This simp argument is unused:
  Pi.sub_def

Hint: Omit it from the simp argument list.
  [apply] simp [oscillatorFormula, continuumMeanGenerator, Matrix.mul_apply, Fin.sum_univ_two, Pi.mul_def, Pi.add_def,
    Pi.neg_def]

Note: This linter can be disabled with `set_option linter.unusedSimpArgs false`
warning: SparseSGD/Continuum/OscillatorFormula.lean:25:127: This simp argument is unused:
  Pi.neg_def

Hint: Omit it from the simp argument list.
  [apply] simp [oscillatorFormula, continuumMeanGenerator, Matrix.mul_apply, Fin.sum_univ_two, Pi.mul_def, Pi.add_def,
    Pi.sub_def]

Note: This linter can be disabled with `set_option linter.unusedSimpArgs false`
warning: SparseSGD/Continuum/OscillatorFormula.lean:27:103: This simp argument is unused:
  Pi.add_def

Hint: Omit it from the simp argument list.
  [apply] simp [oscillatorFormula, continuumMeanGenerator, Matrix.mul_apply, Fin.sum_univ_two, Pi.mul_def, Pi.sub_def,
    Pi.neg_def]

Note: This linter can be disabled with `set_option linter.unusedSimpArgs false`
warning: SparseSGD/Continuum/OscillatorFormula.lean:27:115: This simp argument is unused:
  Pi.sub_def

Hint: Omit it from the simp argument list.
  [apply] simp [oscillatorFormula, continuumMeanGenerator, Matrix.mul_apply, Fin.sum_univ_two, Pi.mul_def, Pi.add_def,
    Pi.neg_def]

Note: This linter can be disabled with `set_option linter.unusedSimpArgs false`
warning: SparseSGD/Continuum/OscillatorFormula.lean:27:127: This simp argument is unused:
  Pi.neg_def

Hint: Omit it from the simp argument list.
  [apply] simp [oscillatorFormula, continuumMeanGenerator, Matrix.mul_apply, Fin.sum_univ_two, Pi.mul_def, Pi.add_def,
    Pi.sub_def]

Note: This linter can be disabled with `set_option linter.unusedSimpArgs false`
warning: SparseSGD/Continuum/OscillatorFormula.lean:29:103: This simp argument is unused:
  Pi.add_def

Hint: Omit it from the simp argument list.
  [apply] simp [oscillatorFormula, continuumMeanGenerator, Matrix.mul_apply, Fin.sum_univ_two, Pi.mul_def, Pi.sub_def,
    Pi.neg_def]

Note: This linter can be disabled with `set_option linter.unusedSimpArgs false`
warning: SparseSGD/Continuum/OscillatorFormula.lean:29:127: This simp argument is unused:
  Pi.neg_def

Hint: Omit it from the simp argument list.
  [apply] simp [oscillatorFormula, continuumMeanGenerator, Matrix.mul_apply, Fin.sum_univ_two, Pi.mul_def, Pi.add_def,
    Pi.sub_def]

Note: This linter can be disabled with `set_option linter.unusedSimpArgs false`
warning: SparseSGD/Continuum/OscillatorFormula.lean:16:100: this tactic is never executed

Note: This linter can be disabled with `set_option linter.unreachableTactic false`
warning: SparseSGD/Continuum/OscillatorFormula.lean:23:139: Used `tac1 <;> tac2` where `(tac1; tac2)` would suffice

Note: This linter can be disabled with `set_option linter.unnecessarySeqFocus false`
warning: SparseSGD/Continuum/OscillatorFormula.lean:25:139: Used `tac1 <;> tac2` where `(tac1; tac2)` would suffice

Note: This linter can be disabled with `set_option linter.unnecessarySeqFocus false`
warning: SparseSGD/Continuum/OscillatorFormula.lean:27:139: Used `tac1 <;> tac2` where `(tac1; tac2)` would suffice

Note: This linter can be disabled with `set_option linter.unnecessarySeqFocus false`
warning: SparseSGD/Continuum/OscillatorFormula.lean:29:139: Used `tac1 <;> tac2` where `(tac1; tac2)` would suffice

Note: This linter can be disabled with `set_option linter.unnecessarySeqFocus false`
warning: SparseSGD/Continuum/OscillatorFormula.lean:16:100: Unused tactic linter: `ring` does nothing

Note: This linter can be disabled with `set_option linter.unusedTactic false`
warning: SparseSGD/Continuum/OscillatorFormula.lean:61:59: Used `tac1 <;> tac2` where `(tac1; tac2)` would suffice

Note: This linter can be disabled with `set_option linter.unnecessarySeqFocus false`
⚠ [8992/9257] Replayed SparseSGD.Continuum.ModalInversion
warning: SparseSGD/Continuum/ModalInversion.lean:39:66: This simp argument is unused:
  Complex.div_re

Hint: Omit it from the simp argument list.
  [apply] simp [oscillatoryRoot, pow_two, Complex.mul_re, Complex.mul_im]

Note: This linter can be disabled with `set_option linter.unusedSimpArgs false`
warning: SparseSGD/Continuum/ModalInversion.lean:48:66: This simp argument is unused:
  Complex.div_im

Hint: Omit it from the simp argument list.
  [apply] simp [oscillatoryRoot, pow_two, Complex.mul_re, Complex.mul_im]

Note: This linter can be disabled with `set_option linter.unusedSimpArgs false`
⚠ [8994/9257] Replayed SparseSGD.Comparison.QuadratureBound
warning: SparseSGD/Comparison/QuadratureBound.lean:45:4: try 'simp' instead of 'simpa'

Note: This linter can be disabled with `set_option linter.unnecessarySimpa false`
warning: SparseSGD/Comparison/QuadratureBound.lean:47:44: This simp argument is unused:
  he

Hint: Omit it from the simp argument list.
  [apply] simp [expSlope, dslope_of_ne _ hy, slope, hy, sub_ne_zero.mpr he]

Note: This linter can be disabled with `set_option linter.unusedSimpArgs false`
warning: SparseSGD/Comparison/QuadratureBound.lean:114:13: This simp argument is unused:
  norm_mul

Hint: Omit it from the simp argument list.
  [apply] simp [y, Complex.norm_real, abs_of_pos hh]

Note: This linter can be disabled with `set_option linter.unusedSimpArgs false`
warning: SparseSGD/Comparison/QuadratureBound.lean:118:6: this tactic is never executed

Note: This linter can be disabled with `set_option linter.unreachableTactic false`
warning: SparseSGD/Comparison/QuadratureBound.lean:118:6: Unused tactic linter: `ring` does nothing

Note: This linter can be disabled with `set_option linter.unusedTactic false`
⚠ [8996/9257] Replayed SparseSGD.Comparison.MatchingScalars
warning: SparseSGD/Comparison/MatchingScalars.lean:10:45: Used `tac1 <;> tac2` where `(tac1; tac2)` would suffice

Note: This linter can be disabled with `set_option linter.unnecessarySeqFocus false`
warning: SparseSGD/Comparison/MatchingScalars.lean:10:57: Used `tac1 <;> tac2` where `(tac1; tac2)` would suffice

Note: This linter can be disabled with `set_option linter.unnecessarySeqFocus false`
⚠ [8998/9257] Replayed SparseSGD.Comparison.ExactEmbedding
warning: SparseSGD/Comparison/ExactEmbedding.lean:51:0: automatically included section variable(s) unused in theorem `SparseSGD.Params.sampledImpulse_eq_power`:
  hb0
  hb1
  hw0
  hw1
consider restructuring your `variable` declarations so that the variables are not in scope or explicitly omit them:
  omit hb0 hb1 hw0 hw1 in theorem ...

Note: This linter can be disabled with `set_option linter.unusedSectionVars false`
warning: SparseSGD/Comparison/ExactEmbedding.lean:196:64: This simp argument is unused:
  zero_add

Hint: Omit it from the simp argument list.
  [apply] simp only [Matrix.mul_apply, Matrix.transpose_apply, Fin.sum_univ_two, h00, h01, one_mul, zero_mul, mul_one,
    mul_zero, add_zero]

Note: This linter can be disabled with `set_option linter.unusedSimpArgs false`
⚠ [9005/9257] Replayed SparseSGD.Logistic.Coefficients
warning: SparseSGD/Logistic/Coefficients.lean:208:4: try 'simp' instead of 'simpa'

Note: This linter can be disabled with `set_option linter.unnecessarySimpa false`
warning: SparseSGD/Logistic/Coefficients.lean:215:4: try 'simp' instead of 'simpa'

Note: This linter can be disabled with `set_option linter.unnecessarySimpa false`
⚠ [9007/9257] Replayed SparseSGD.Logistic.GaussianStein
warning: SparseSGD/Logistic/GaussianStein.lean:12:28: Used `tac1 <;> tac2` where `(tac1; tac2)` would suffice

Note: This linter can be disabled with `set_option linter.unnecessarySeqFocus false`
warning: SparseSGD/Logistic/GaussianStein.lean:66:28: Used `tac1 <;> tac2` where `(tac1; tac2)` would suffice

Note: This linter can be disabled with `set_option linter.unnecessarySeqFocus false`
⚠ [9008/9257] Replayed SparseSGD.Continuum.LaplaceTransform
warning: SparseSGD/Continuum/LaplaceTransform.lean:139:77: This simp argument is unused:
  Pi.sub_apply

Hint: Omit it from the simp argument list.
  [apply] simp only [id_eq, Pi.add_apply]

Note: This linter can be disabled with `set_option linter.unusedSimpArgs false`
warning: SparseSGD/Continuum/LaplaceTransform.lean:139:26: Used `tac1 <;> tac2` where `(tac1; tac2)` would suffice

Note: This linter can be disabled with `set_option linter.unnecessarySeqFocus false`
⚠ [9009/9257] Replayed SparseSGD.Continuum.ExponentialStability
warning: SparseSGD/Continuum/ExponentialStability.lean:76:73: Used `tac1 <;> tac2` where `(tac1; tac2)` would suffice

Note: This linter can be disabled with `set_option linter.unnecessarySeqFocus false`
warning: SparseSGD/Continuum/ExponentialStability.lean:198:90: this tactic is never executed

Note: This linter can be disabled with `set_option linter.unreachableTactic false`
warning: SparseSGD/Continuum/ExponentialStability.lean:198:90: Unused tactic linter: `ring` does nothing

Note: This linter can be disabled with `set_option linter.unusedTactic false`
warning: SparseSGD/Continuum/ExponentialStability.lean:403:94: Used `tac1 <;> tac2` where `(tac1; tac2)` would suffice

Note: This linter can be disabled with `set_option linter.unnecessarySeqFocus false`
⚠ [9011/9257] Replayed SparseSGD.Continuum.LargeDeltaModes
warning: SparseSGD/Continuum/LargeDeltaModes.lean:59:96: this tactic is never executed

Note: This linter can be disabled with `set_option linter.unreachableTactic false`
warning: SparseSGD/Continuum/LargeDeltaModes.lean:59:96: Unused tactic linter: `ring` does nothing

Note: This linter can be disabled with `set_option linter.unusedTactic false`
warning: SparseSGD/Continuum/LargeDeltaModes.lean:124:38: Used `tac1 <;> tac2` where `(tac1; tac2)` would suffice

Note: This linter can be disabled with `set_option linter.unnecessarySeqFocus false`
warning: SparseSGD/Continuum/LargeDeltaModes.lean:124:50: Used `tac1 <;> tac2` where `(tac1; tac2)` would suffice

Note: This linter can be disabled with `set_option linter.unnecessarySeqFocus false`
warning: SparseSGD/Continuum/LargeDeltaModes.lean:194:60: This simp argument is unused:
  pow_two

Hint: Omit it from the simp argument list.
  [apply] simp [largeModeHomogeneousFlow, exponentialModeMoments, modeCrossFactor, largeModeRootPlus,
    largeModeOscCoefficient, Complex.mul_re, Complex.mul_im, Complex.div_re, Complex.div_im, Complex.normSq_apply]

Note: This linter can be disabled with `set_option linter.unusedSimpArgs false`
warning: SparseSGD/Continuum/LargeDeltaModes.lean:246:47: this tactic is never executed

Note: This linter can be disabled with `set_option linter.unreachableTactic false`
warning: SparseSGD/Continuum/LargeDeltaModes.lean:249:43: Used `tac1 <;> tac2` where `(tac1; tac2)` would suffice

Note: This linter can be disabled with `set_option linter.unnecessarySeqFocus false`
warning: SparseSGD/Continuum/LargeDeltaModes.lean:249:58: Used `tac1 <;> tac2` where `(tac1; tac2)` would suffice

Note: This linter can be disabled with `set_option linter.unnecessarySeqFocus false`
warning: SparseSGD/Continuum/LargeDeltaModes.lean:252:43: Used `tac1 <;> tac2` where `(tac1; tac2)` would suffice

Note: This linter can be disabled with `set_option linter.unnecessarySeqFocus false`
warning: SparseSGD/Continuum/LargeDeltaModes.lean:252:58: Used `tac1 <;> tac2` where `(tac1; tac2)` would suffice

Note: This linter can be disabled with `set_option linter.unnecessarySeqFocus false`
warning: SparseSGD/Continuum/LargeDeltaModes.lean:246:47: Unused tactic linter: `ring` does nothing

Note: This linter can be disabled with `set_option linter.unusedTactic false`
warning: SparseSGD/Continuum/LargeDeltaModes.lean:346:24: This simp argument is unused:
  norm_mul

Hint: Omit it from the simp argument list.
  [apply] simp

Note: This linter can be disabled with `set_option linter.unusedSimpArgs false`
warning: SparseSGD/Continuum/LargeDeltaModes.lean:401:33: this tactic is never executed

Note: This linter can be disabled with `set_option linter.unreachableTactic false`
warning: SparseSGD/Continuum/LargeDeltaModes.lean:401:33: Unused tactic linter: `ring` does nothing

Note: This linter can be disabled with `set_option linter.unusedTactic false`
ℹ [9013/9257] Replayed SparseSGD.Comparison.ModalQuadrature
info: SparseSGD/Comparison/ModalQuadrature.lean:41:2: Try this:
  [apply] ring_nf
  
  The `ring` tactic failed to close the goal. Use `ring_nf` to obtain a normal form.
    
  Note that `ring` works primarily in *commutative* rings. If you have a noncommutative ring, abelian group or module, consider using `noncomm_ring`, `abel` or `module` instead.
⚠ [9014/9257] Replayed SparseSGD.Continuum.KernelModes
warning: SparseSGD/Continuum/KernelModes.lean:21:72: Used `tac1 <;> tac2` where `(tac1; tac2)` would suffice

Note: This linter can be disabled with `set_option linter.unnecessarySeqFocus false`
warning: SparseSGD/Continuum/KernelModes.lean:41:33: This simp argument is unused:
  Complex.ofReal_im

Hint: Omit it from the simp argument list.
  [apply] simp only [Complex.ofReal_re]

Note: This linter can be disabled with `set_option linter.unusedSimpArgs false`
warning: SparseSGD/Continuum/KernelModes.lean:44:6: This simp argument is unused:
  ← Complex.ofReal_div

Hint: Omit it from the simp argument list.
  [apply] simp [exponentialModeSum, freeModeRates, kernelModeCoefficients, Fin.sum_univ_succ, oscillatoryRoot,
    Complex.exp_re, Complex.mul_re, Complex.mul_im, ← Complex.ofReal_pow, ← Complex.ofReal_mul, ← Complex.ofReal_neg]

Note: Simp arguments with `←` have the additional effect of removing the other direction from the simp set, even if the simp argument itself is unused. If the hint above does not work, try replacing `←` with `-` to only get that effect and silence this warning.

Note: This linter can be disabled with `set_option linter.unusedSimpArgs false`
warning: SparseSGD/Continuum/KernelModes.lean:44:27: This simp argument is unused:
  ← Complex.ofReal_pow

Hint: Omit it from the simp argument list.
  [apply] simp [exponentialModeSum, freeModeRates, kernelModeCoefficients, Fin.sum_univ_succ, oscillatoryRoot,
    Complex.exp_re, Complex.mul_re, Complex.mul_im, ← Complex.ofReal_div, ← Complex.ofReal_mul, ← Complex.ofReal_neg]

Note: Simp arguments with `←` have the additional effect of removing the other direction from the simp set, even if the simp argument itself is unused. If the hint above does not work, try replacing `←` with `-` to only get that effect and silence this warning.

Note: This linter can be disabled with `set_option linter.unusedSimpArgs false`
warning: SparseSGD/Continuum/KernelModes.lean:44:48: This simp argument is unused:
  ← Complex.ofReal_mul

Hint: Omit it from the simp argument list.
  [apply] simp [exponentialModeSum, freeModeRates, kernelModeCoefficients, Fin.sum_univ_succ, oscillatoryRoot,
    Complex.exp_re, Complex.mul_re, Complex.mul_im, ← Complex.ofReal_div, ← Complex.ofReal_pow, ← Complex.ofReal_neg]

Note: Simp arguments with `←` have the additional effect of removing the other direction from the simp set, even if the simp argument itself is unused. If the hint above does not work, try replacing `←` with `-` to only get that effect and silence this warning.

Note: This linter can be disabled with `set_option linter.unusedSimpArgs false`
warning: SparseSGD/Continuum/KernelModes.lean:46:31: This simp argument is unused:
  neg_sq

Hint: Omit it from the simp argument list.
  [apply] simp only [div_pow, mul_pow]

Note: This linter can be disabled with `set_option linter.unusedSimpArgs false`
warning: SparseSGD/Continuum/KernelModes.lean:51:15: This simp argument is unused:
  Complex.ofReal_re

Hint: Omit it from the simp argument list.
  [apply] simp only [Complex.ofReal_im]

Note: This linter can be disabled with `set_option linter.unusedSimpArgs false`
warning: SparseSGD/Continuum/KernelModes.lean:54:6: This simp argument is unused:
  ← Complex.ofReal_div

Hint: Omit it from the simp argument list.
  [apply] simp [exponentialModeSum, freeModeRates, kernelModeCoefficients, Fin.sum_univ_succ, oscillatoryRoot,
    Complex.exp_im, Complex.mul_re, Complex.mul_im, ← Complex.ofReal_pow, ← Complex.ofReal_mul, ← Complex.ofReal_neg]

Note: Simp arguments with `←` have the additional effect of removing the other direction from the simp set, even if the simp argument itself is unused. If the hint above does not work, try replacing `←` with `-` to only get that effect and silence this warning.

Note: This linter can be disabled with `set_option linter.unusedSimpArgs false`
warning: SparseSGD/Continuum/KernelModes.lean:54:27: This simp argument is unused:
  ← Complex.ofReal_pow

Hint: Omit it from the simp argument list.
  [apply] simp [exponentialModeSum, freeModeRates, kernelModeCoefficients, Fin.sum_univ_succ, oscillatoryRoot,
    Complex.exp_im, Complex.mul_re, Complex.mul_im, ← Complex.ofReal_div, ← Complex.ofReal_mul, ← Complex.ofReal_neg]

Note: Simp arguments with `←` have the additional effect of removing the other direction from the simp set, even if the simp argument itself is unused. If the hint above does not work, try replacing `←` with `-` to only get that effect and silence this warning.

Note: This linter can be disabled with `set_option linter.unusedSimpArgs false`
warning: SparseSGD/Continuum/KernelModes.lean:54:48: This simp argument is unused:
  ← Complex.ofReal_mul

Hint: Omit it from the simp argument list.
  [apply] simp [exponentialModeSum, freeModeRates, kernelModeCoefficients, Fin.sum_univ_succ, oscillatoryRoot,
    Complex.exp_im, Complex.mul_re, Complex.mul_im, ← Complex.ofReal_div, ← Complex.ofReal_pow, ← Complex.ofReal_neg]

Note: Simp arguments with `←` have the additional effect of removing the other direction from the simp set, even if the simp argument itself is unused. If the hint above does not work, try replacing `←` with `-` to only get that effect and silence this warning.

Note: This linter can be disabled with `set_option linter.unusedSimpArgs false`
warning: SparseSGD/Continuum/KernelModes.lean:61:49: This simp argument is unused:
  abs_div

Hint: Omit it from the simp argument list.
  [apply] simp [kernelModeCoefficients, Fin.sum_univ_succ, abs_of_pos hdp, abs_of_nonneg (sq_nonneg omega)]

Note: This linter can be disabled with `set_option linter.unusedSimpArgs false`
warning: SparseSGD/Continuum/KernelModes.lean:62:19: This simp argument is unused:
  abs_of_nonneg (sq_nonneg omega)

Hint: Omit it from the simp argument list.
  [apply] simp [kernelModeCoefficients, Fin.sum_univ_succ, abs_div, abs_of_pos hdp]

Note: This linter can be disabled with `set_option linter.unusedSimpArgs false`
⚠ [9016/9257] Replayed SparseSGD.Comparison.MatchedFlow
warning: SparseSGD/Comparison/MatchedFlow.lean:22:75: Used `tac1 <;> tac2` where `(tac1; tac2)` would suffice

Note: This linter can be disabled with `set_option linter.unnecessarySeqFocus false`
⚠ [9017/9257] Replayed SparseSGD.Comparison.BoundedComparison
warning: SparseSGD/Comparison/BoundedComparison.lean:293:20: Used `tac1 <;> tac2` where `(tac1; tac2)` would suffice

Note: This linter can be disabled with `set_option linter.unnecessarySeqFocus false`
warning: SparseSGD/Comparison/BoundedComparison.lean:293:34: Used `tac1 <;> tac2` where `(tac1; tac2)` would suffice

Note: This linter can be disabled with `set_option linter.unnecessarySeqFocus false`
⚠ [9018/9257] Replayed SparseSGD.Comparison.SquareRootLift
warning: SparseSGD/Comparison/SquareRootLift.lean:184:4: This simp argument is unused:
  Matrix.mul_zero

Hint: Omit it from the simp argument list.
  [apply] simp only [continuumCovarianceSource, zero_mul, add_zero, mul_zero, zero_smul, Matrix.zero_mul,
    intervalIntegral.integral_zero, add_zero] at h

Note: This linter can be disabled with `set_option linter.unusedSimpArgs false`
warning: SparseSGD/Comparison/SquareRootLift.lean:184:21: This simp argument is unused:
  Matrix.zero_mul

Hint: Omit it from the simp argument list.
  [apply] simp only [continuumCovarianceSource, zero_mul, add_zero, mul_zero, zero_smul, Matrix.mul_zero,
    intervalIntegral.integral_zero, add_zero] at h

Note: This linter can be disabled with `set_option linter.unusedSimpArgs false`
warning: SparseSGD/Comparison/SquareRootLift.lean:250:81: Used `tac1 <;> tac2` where `(tac1; tac2)` would suffice

Note: This linter can be disabled with `set_option linter.unnecessarySeqFocus false`
⚠ [9020/9257] Replayed SparseSGD.Comparison.LargeComparison
warning: SparseSGD/Comparison/LargeComparison.lean:86:21: This simp argument is unused:
  abs_sub_comm

Hint: Omit it from the simp argument list.
  [apply] simp only [mul_one] at H

Note: This linter can be disabled with `set_option linter.unusedSimpArgs false`
⚠ [9021/9257] Replayed SparseSGD.Comparison.NormalizationBound
warning: SparseSGD/Comparison/NormalizationBound.lean:93:6: this tactic is never executed

Note: This linter can be disabled with `set_option linter.unreachableTactic false`
warning: SparseSGD/Comparison/NormalizationBound.lean:93:6: Unused tactic linter: `ring` does nothing

Note: This linter can be disabled with `set_option linter.unusedTactic false`
⚠ [9022/9257] Replayed SparseSGD.Logistic.Drift
warning: SparseSGD/Logistic/Drift.lean:130:25: `ContinuousLinearMap.sub_apply` has been deprecated: Use `sub_apply` instead

Note: The updated constant is in a different namespace. Dot notation may need to be changed (e.g., from `x.sub_apply` to `sub_apply x`).
warning: SparseSGD/Logistic/Drift.lean:131:4: `ContinuousLinearMap.smul_apply` has been deprecated: Use `smul_apply` instead

Note: The updated constant is in a different namespace. Dot notation may need to be changed (e.g., from `x.smul_apply` to `smul_apply x`).
warning: SparseSGD/Logistic/Drift.lean:132:54: This simp argument is unused:
  inv_pow

Hint: Omit it from the simp argument list.
  [apply] simp only [bulkLinear, ContinuousLinearMap.sub_apply, ContinuousLinearMap.id_apply,
    ContinuousLinearMap.smul_apply, ContinuousLinearMap.smulRight_apply, innerSL_apply_apply, bulkPart, signalCoord,
    smul_smul, div_eq_mul_inv, real_inner_comm mu x]

Note: This linter can be disabled with `set_option linter.unusedSimpArgs false`
warning: SparseSGD/Logistic/Drift.lean:152:27: `ContinuousLinearMap.sub_apply` has been deprecated: Use `sub_apply` instead

Note: The updated constant is in a different namespace. Dot notation may need to be changed (e.g., from `x.sub_apply` to `sub_apply x`).
warning: SparseSGD/Logistic/Drift.lean:153:6: `ContinuousLinearMap.smul_apply` has been deprecated: Use `smul_apply` instead

Note: The updated constant is in a different namespace. Dot notation may need to be changed (e.g., from `x.smul_apply` to `smul_apply x`).
warning: SparseSGD/Logistic/Drift.lean:165:2: Used `tac1 <;> tac2` where `(tac1; tac2)` would suffice

Note: This linter can be disabled with `set_option linter.unnecessarySeqFocus false`
warning: SparseSGD/Logistic/Drift.lean:241:2: Used `tac1 <;> tac2` where `(tac1; tac2)` would suffice

Note: This linter can be disabled with `set_option linter.unnecessarySeqFocus false`
warning: SparseSGD/Logistic/Drift.lean:429:2: Used `tac1 <;> tac2` where `(tac1; tac2)` would suffice

Note: This linter can be disabled with `set_option linter.unnecessarySeqFocus false`
warning: SparseSGD/Logistic/Drift.lean:493:14: this tactic is never executed

Note: This linter can be disabled with `set_option linter.unreachableTactic false`
warning: SparseSGD/Logistic/Drift.lean:493:14: Unused tactic linter: `ring` does nothing

Note: This linter can be disabled with `set_option linter.unusedTactic false`
warning: SparseSGD/Logistic/Drift.lean:508:14: this tactic is never executed

Note: This linter can be disabled with `set_option linter.unreachableTactic false`
warning: SparseSGD/Logistic/Drift.lean:508:14: Unused tactic linter: `ring` does nothing

Note: This linter can be disabled with `set_option linter.unusedTactic false`
warning: SparseSGD/Logistic/Drift.lean:616:23: This simp argument is unused:
  bulkPart_sub

Hint: Omit it from the simp argument list.
  [apply] simp only [update, bulkPart_add, bulkPart_smul, bulkResidual, P, driftParams, SparseSGD.oracleParams]

Note: This linter can be disabled with `set_option linter.unusedSimpArgs false`
⚠ [9023/9257] Replayed SparseSGD.Logistic.ConditionalDrift
warning: SparseSGD/Logistic/ConditionalDrift.lean:17:0: Definition `SparseSGD.Logistic.pastSigma` of class type is semireducible. Most type class instances should be instance-reducible, so consider marking this
definition with `@[instance_reducible]`. If it is intentionally semireducible, this warning can be disabled with `set_option warn.classDefReducibility false`.
warning: SparseSGD/Logistic/ConditionalDrift.lean:161:2: Try this: 
  letI̵

The goal is a proposition, so `let` is preferred over `letI`.
The difference between `let` and `letI` is that `letI` inlines the value.
But this is not relevant for proofs because of proof irrelevance.

Note: This linter can be disabled with `set_option linter.style.haveILetI false`
warning: SparseSGD/Logistic/ConditionalDrift.lean:220:2: Try this: 
  letI̵

The goal is a proposition, so `let` is preferred over `letI`.
The difference between `let` and `letI` is that `letI` inlines the value.
But this is not relevant for proofs because of proof irrelevance.

Note: This linter can be disabled with `set_option linter.style.haveILetI false`
warning: SparseSGD/Logistic/ConditionalDrift.lean:266:0: Definition `SparseSGD.Logistic.sourceSigma` of class type is semireducible. Most type class instances should be instance-reducible, so consider marking this
definition with `@[instance_reducible]`. If it is intentionally semireducible, this warning can be disabled with `set_option warn.classDefReducibility false`.
warning: SparseSGD/Logistic/ConditionalDrift.lean:281:2: Try this: 
  letI̵

The goal is a proposition, so `let` is preferred over `letI`.
The difference between `let` and `letI` is that `letI` inlines the value.
But this is not relevant for proofs because of proof irrelevance.

Note: This linter can be disabled with `set_option linter.style.haveILetI false`
⚠ [9028/9257] Replayed SparseSGD.Comparison.SingleModeQuadrature
warning: SparseSGD/Comparison/SingleModeQuadrature.lean:8:43: Variable name `hT` is not explicitly referenced.

Hint: The binding can be removed (if unused) or named `_` (if used implicitly). Alternatively, prefix the name with `_` to silence this warning:
  [apply] _hT

Note: This linter can be disabled with `set_option linter.unusedVariables false`
warning: SparseSGD/Comparison/SingleModeQuadrature.lean:37:87: Used `tac1 <;> tac2` where `(tac1; tac2)` would suffice

Note: This linter can be disabled with `set_option linter.unnecessarySeqFocus false`
⚠ [9029/9257] Replayed SparseSGD.Logistic.MarkovReduction
warning: SparseSGD/Logistic/MarkovReduction.lean:149:52: This simp argument is unused:
  Submodule.liftQ_apply

Hint: Omit it from the simp argument list.
  [apply] simp only [T, LinearMap.comp_apply, LinearEquiv.coe_toLinearMap, LinearMap.quotKerEquivRange_symm_apply_image]

Note: This linter can be disabled with `set_option linter.unusedSimpArgs false`
warning: SparseSGD/Logistic/MarkovReduction.lean:179:2: Used `tac1 <;> tac2` where `(tac1; tac2)` would suffice

Note: This linter can be disabled with `set_option linter.unnecessarySeqFocus false`
warning: SparseSGD/Logistic/MarkovReduction.lean:216:14: This simp argument is unused:
  real_inner_self_eq_norm_sq

Hint: Omit it from the simp argument list.
  [apply] simp [hnθ, hnm, hinner, hθ, hm, hθrev, hmrev, hinnerrev]

Note: This linter can be disabled with `set_option linter.unusedSimpArgs false`
warning: SparseSGD/Logistic/MarkovReduction.lean:346:0: Definition `SparseSGD.Logistic.reducedSigma` of class type is semireducible. Most type class instances should be instance-reducible, so consider marking this
definition with `@[instance_reducible]`. If it is intentionally semireducible, this warning can be disabled with `set_option warn.classDefReducibility false`.
warning: SparseSGD/Logistic/MarkovReduction.lean:353:4: Try this: 
  letI̵

The goal is a proposition, so `let` is preferred over `letI`.
The difference between `let` and `letI` is that `letI` inlines the value.
But this is not relevant for proofs because of proof irrelevance.

Note: This linter can be disabled with `set_option linter.style.haveILetI false`
⚠ [9033/9257] Replayed SparseSGD.Scaling.RegularPerturbation
warning: SparseSGD/Scaling/RegularPerturbation.lean:200:8: This simp argument is unused:
  Matrix.mulVec

Hint: Omit it from the simp argument list.
  [apply] simp [regularMomentVector, regularParameterForcing, continuumGenerator, continuumField, dotProduct,
    Fin.sum_univ_three]

Note: This linter can be disabled with `set_option linter.unusedSimpArgs false`
warning: SparseSGD/Scaling/RegularPerturbation.lean:200:23: This simp argument is unused:
  dotProduct

Hint: Omit it from the simp argument list.
  [apply] simp [regularMomentVector, regularParameterForcing, continuumGenerator, continuumField, Matrix.mulVec,
    Fin.sum_univ_three]

Note: This linter can be disabled with `set_option linter.unusedSimpArgs false`
warning: SparseSGD/Scaling/RegularPerturbation.lean:200:35: This simp argument is unused:
  Fin.sum_univ_three

Hint: Omit it from the simp argument list.
  [apply] simp [regularMomentVector, regularParameterForcing, continuumGenerator, continuumField, Matrix.mulVec,
    dotProduct]

Note: This linter can be disabled with `set_option linter.unusedSimpArgs false`
warning: SparseSGD/Scaling/RegularPerturbation.lean:205:8: This simp argument is unused:
  Matrix.mulVec

Hint: Omit it from the simp argument list.
  [apply] simp [regularMomentVector, regularParameterForcing, continuumGenerator, continuumField, dotProduct,
    Fin.sum_univ_three]

Note: This linter can be disabled with `set_option linter.unusedSimpArgs false`
warning: SparseSGD/Scaling/RegularPerturbation.lean:205:23: This simp argument is unused:
  dotProduct

Hint: Omit it from the simp argument list.
  [apply] simp [regularMomentVector, regularParameterForcing, continuumGenerator, continuumField, Matrix.mulVec,
    Fin.sum_univ_three]

Note: This linter can be disabled with `set_option linter.unusedSimpArgs false`
warning: SparseSGD/Scaling/RegularPerturbation.lean:205:35: This simp argument is unused:
  Fin.sum_univ_three

Hint: Omit it from the simp argument list.
  [apply] simp [regularMomentVector, regularParameterForcing, continuumGenerator, continuumField, Matrix.mulVec,
    dotProduct]

Note: This linter can be disabled with `set_option linter.unusedSimpArgs false`
warning: SparseSGD/Scaling/RegularPerturbation.lean:210:8: This simp argument is unused:
  Matrix.mulVec

Hint: Omit it from the simp argument list.
  [apply] simp [regularMomentVector, regularParameterForcing, continuumGenerator, continuumField, dotProduct,
    Fin.sum_univ_three]

Note: This linter can be disabled with `set_option linter.unusedSimpArgs false`
warning: SparseSGD/Scaling/RegularPerturbation.lean:210:23: This simp argument is unused:
  dotProduct

Hint: Omit it from the simp argument list.
  [apply] simp [regularMomentVector, regularParameterForcing, continuumGenerator, continuumField, Matrix.mulVec,
    Fin.sum_univ_three]

Note: This linter can be disabled with `set_option linter.unusedSimpArgs false`
warning: SparseSGD/Scaling/RegularPerturbation.lean:210:35: This simp argument is unused:
  Fin.sum_univ_three

Hint: Omit it from the simp argument list.
  [apply] simp [regularMomentVector, regularParameterForcing, continuumGenerator, continuumField, Matrix.mulVec,
    dotProduct]

Note: This linter can be disabled with `set_option linter.unusedSimpArgs false`
warning: SparseSGD/Scaling/RegularPerturbation.lean:223:54: This simp argument is unused:
  Matrix.cons_val

Hint: Omit it from the simp argument list.
  [apply] simp only [regularParameterForcing]

Note: This linter can be disabled with `set_option linter.unusedSimpArgs false`
warning: SparseSGD/Scaling/RegularPerturbation.lean:245:37: Used `tac1 <;> tac2` where `(tac1; tac2)` would suffice

Note: This linter can be disabled with `set_option linter.unnecessarySeqFocus false`
⚠ [9034/9257] Replayed SparseSGD.Scaling.RegularUniformConstants
warning: SparseSGD/Scaling/RegularUniformConstants.lean:49:40: Used `tac1 <;> tac2` where `(tac1; tac2)` would suffice

Note: This linter can be disabled with `set_option linter.unnecessarySeqFocus false`
warning: SparseSGD/Scaling/RegularUniformConstants.lean:280:22: Used `tac1 <;> tac2` where `(tac1; tac2)` would suffice

Note: This linter can be disabled with `set_option linter.unnecessarySeqFocus false`
⚠ [9037/9257] Replayed SparseSGD.Logistic.FluidTheorem
warning: SparseSGD/Logistic/FluidTheorem.lean:36:2: Try this: 
  letI̵

The goal is a proposition, so `let` is preferred over `letI`.
The difference between `let` and `letI` is that `letI` inlines the value.
But this is not relevant for proofs because of proof irrelevance.

Note: This linter can be disabled with `set_option linter.style.haveILetI false`
warning: SparseSGD/Logistic/FluidTheorem.lean:51:4: Try this: 
  letI̵

The goal is a proposition, so `let` is preferred over `letI`.
The difference between `let` and `letI` is that `letI` inlines the value.
But this is not relevant for proofs because of proof irrelevance.

Note: This linter can be disabled with `set_option linter.style.haveILetI false`
warning: SparseSGD/Logistic/FluidTheorem.lean:82:2: Try this: 
  letI̵

The goal is a proposition, so `let` is preferred over `letI`.
The difference between `let` and `letI` is that `letI` inlines the value.
But this is not relevant for proofs because of proof irrelevance.

Note: This linter can be disabled with `set_option linter.style.haveILetI false`
warning: SparseSGD/Logistic/FluidTheorem.lean:74:0: automatically included section variable(s) unused in theorem `SparseSGD.Logistic.measurableSet_fluidAlive`:
  [NormedSpace ℝ E]
  [MeasurableSpace E]
  [BorelSpace E]
  [SecondCountableTopology E]
consider restructuring your `variable` declarations so that the variables are not in scope or explicitly omit them:
  omit [NormedSpace ℝ E] [MeasurableSpace E] [BorelSpace E] [SecondCountableTopology E] in theorem ...

Note: This linter can be disabled with `set_option linter.unusedSectionVars false`
warning: SparseSGD/Logistic/FluidTheorem.lean:127:15: `ContinuousLinearMap.zero_apply` has been deprecated: Use `zero_apply` instead

Note: The updated constant is in a different namespace. Dot notation may need to be changed (e.g., from `x.zero_apply` to `zero_apply x`).
warning: SparseSGD/Logistic/FluidTheorem.lean:149:38: `ContinuousLinearMap.smul_apply` has been deprecated: Use `smul_apply` instead

Note: The updated constant is in a different namespace. Dot notation may need to be changed (e.g., from `x.smul_apply` to `smul_apply x`).
warning: SparseSGD/Logistic/FluidTheorem.lean:151:50: `ContinuousLinearMap.neg_apply` has been deprecated: Use `neg_apply` instead

Note: The updated constant is in a different namespace. Dot notation may need to be changed (e.g., from `x.neg_apply` to `neg_apply x`).
warning: SparseSGD/Logistic/FluidTheorem.lean:152:10: `ContinuousLinearMap.smul_apply` has been deprecated: Use `smul_apply` instead

Note: The updated constant is in a different namespace. Dot notation may need to be changed (e.g., from `x.smul_apply` to `smul_apply x`).
warning: SparseSGD/Logistic/FluidTheorem.lean:118:0: automatically included section variable(s) unused in theorem `SparseSGD.Logistic.fluidBernstein_of_unit`:
  [MeasurableSpace E]
  [BorelSpace E]
  [SecondCountableTopology E]
consider restructuring your `variable` declarations so that the variables are not in scope or explicitly omit them:
  omit [MeasurableSpace E] [BorelSpace E] [SecondCountableTopology E] in theorem ...

Note: This linter can be disabled with `set_option linter.unusedSectionVars false`
warning: SparseSGD/Logistic/FluidTheorem.lean:177:0: automatically included section variable(s) unused in theorem `SparseSGD.Logistic.fluid_error_unroll`:
  [MeasurableSpace E]
  [BorelSpace E]
  [SecondCountableTopology E]
consider restructuring your `variable` declarations so that the variables are not in scope or explicitly omit them:
  omit [MeasurableSpace E] [BorelSpace E] [SecondCountableTopology E] in theorem ...

Note: This linter can be disabled with `set_option linter.unusedSectionVars false`
warning: SparseSGD/Logistic/FluidTheorem.lean:283:22: `ContinuousLinearMap.smul_apply` has been deprecated: Use `smul_apply` instead

Note: The updated constant is in a different namespace. Dot notation may need to be changed (e.g., from `x.smul_apply` to `smul_apply x`).
warning: SparseSGD/Logistic/FluidTheorem.lean:424:17: `Set.mem_setOf_eq` has been deprecated: Use `Set.mem_ofPred_eq` instead
warning: SparseSGD/Logistic/FluidTheorem.lean:562:17: `Set.mem_setOf_eq` has been deprecated: Use `Set.mem_ofPred_eq` instead
⚠ [9039/9257] Replayed SparseSGD.Probability.GaussianCalculus
warning: SparseSGD/Probability/GaussianCalculus.lean:51:35: This simp argument is unused:
  Pi.mul_apply

Hint: Omit it from the simp argument list.
  [apply] simp only [Real.norm_eq_abs, Function.comp_apply, id_eq, abs_mul]

Note: This linter can be disabled with `set_option linter.unusedSimpArgs false`
warning: SparseSGD/Probability/GaussianCalculus.lean:51:49: This simp argument is unused:
  Function.comp_apply

Hint: Omit it from the simp argument list.
  [apply] simp only [Real.norm_eq_abs, Pi.mul_apply, id_eq, abs_mul]

Note: This linter can be disabled with `set_option linter.unusedSimpArgs false`
warning: SparseSGD/Probability/GaussianCalculus.lean:51:70: This simp argument is unused:
  id_eq

Hint: Omit it from the simp argument list.
  [apply] simp only [Real.norm_eq_abs, Pi.mul_apply, Function.comp_apply, abs_mul]

Note: This linter can be disabled with `set_option linter.unusedSimpArgs false`
⚠ [9040/9257] Replayed SparseSGD.Logistic.SigmoidDerivatives
warning: SparseSGD/Logistic/SigmoidDerivatives.lean:75:67: `if_false` has been deprecated: Use `ite_false` instead
warning: SparseSGD/Logistic/SigmoidDerivatives.lean:187:48: `if_false` has been deprecated: Use `ite_false` instead
⚠ [9041/9257] Replayed SparseSGD.Probability.GaussianBounds
info: SparseSGD/Probability/GaussianBounds.lean:44:24: Try this:
  [apply] ring_nf
  
  The `ring` tactic failed to close the goal. Use `ring_nf` to obtain a normal form.
    
  Note that `ring` works primarily in *commutative* rings. If you have a noncommutative ring, abelian group or module, consider using `noncomm_ring`, `abel` or `module` instead.
warning: SparseSGD/Probability/GaussianBounds.lean:44:20: Used `tac1 <;> tac2` where `(tac1; tac2)` would suffice

Note: This linter can be disabled with `set_option linter.unnecessarySeqFocus false`
⚠ [9042/9257] Replayed SparseSGD.Logistic.GaussianDerivativeBounds
info: SparseSGD/Logistic/GaussianDerivativeBounds.lean:81:25: Try this:
  [apply] ring_nf
  
  The `ring` tactic failed to close the goal. Use `ring_nf` to obtain a normal form.
    
  Note that `ring` works primarily in *commutative* rings. If you have a noncommutative ring, abelian group or module, consider using `noncomm_ring`, `abel` or `module` instead.
warning: SparseSGD/Logistic/GaussianDerivativeBounds.lean:81:21: Used `tac1 <;> tac2` where `(tac1; tac2)` would suffice

Note: This linter can be disabled with `set_option linter.unnecessarySeqFocus false`
⚠ [9044/9257] Replayed SparseSGD.Logistic.ScalarCoefficients
warning: SparseSGD/Logistic/ScalarCoefficients.lean:134:55: `if_false` has been deprecated: Use `ite_false` instead
warning: SparseSGD/Logistic/ScalarCoefficients.lean:149:40: `if_true` has been deprecated: Use `ite_true` instead
warning: SparseSGD/Logistic/ScalarCoefficients.lean:152:21: `if_true` has been deprecated: Use `ite_true` instead
warning: SparseSGD/Logistic/ScalarCoefficients.lean:156:40: `if_false` has been deprecated: Use `ite_false` instead
warning: SparseSGD/Logistic/ScalarCoefficients.lean:159:21: `if_false` has been deprecated: Use `ite_false` instead
⚠ [9047/9257] Replayed SparseSGD.Logistic.EquilibriumScaling
info: SparseSGD/Logistic/EquilibriumScaling.lean:22:61: Try this:
  [apply] ring_nf
  
  The `ring` tactic failed to close the goal. Use `ring_nf` to obtain a normal form.
    
  Note that `ring` works primarily in *commutative* rings. If you have a noncommutative ring, abelian group or module, consider using `noncomm_ring`, `abel` or `module` instead.
warning: SparseSGD/Logistic/EquilibriumScaling.lean:22:57: Used `tac1 <;> tac2` where `(tac1; tac2)` would suffice

Note: This linter can be disabled with `set_option linter.unnecessarySeqFocus false`
warning: SparseSGD/Logistic/EquilibriumScaling.lean:104:53: try 'simp' instead of 'simpa'

Note: This linter can be disabled with `set_option linter.unnecessarySimpa false`
⚠ [9048/9257] Replayed SparseSGD.Logistic.TameCoefficientDerivatives
warning: SparseSGD/Logistic/TameCoefficientDerivatives.lean:54:21: Used `tac1 <;> tac2` where `(tac1; tac2)` would suffice

Note: This linter can be disabled with `set_option linter.unnecessarySeqFocus false`
warning: SparseSGD/Logistic/TameCoefficientDerivatives.lean:54:59: Used `tac1 <;> tac2` where `(tac1; tac2)` would suffice

Note: This linter can be disabled with `set_option linter.unnecessarySeqFocus false`
warning: SparseSGD/Logistic/TameCoefficientDerivatives.lean:54:25: Unused tactic linter: `(try simp only [scalarJetFactor])` does nothing

Note: This linter can be disabled with `set_option linter.unusedTactic false`
warning: SparseSGD/Logistic/TameCoefficientDerivatives.lean:68:21: Used `tac1 <;> tac2` where `(tac1; tac2)` would suffice

Note: This linter can be disabled with `set_option linter.unnecessarySeqFocus false`
warning: SparseSGD/Logistic/TameCoefficientDerivatives.lean:68:59: Used `tac1 <;> tac2` where `(tac1; tac2)` would suffice

Note: This linter can be disabled with `set_option linter.unnecessarySeqFocus false`
info: SparseSGD/Logistic/TameCoefficientDerivatives.lean:82:63: Try this:
  [apply] ring_nf
  
  The `ring` tactic failed to close the goal. Use `ring_nf` to obtain a normal form.
    
  Note that `ring` works primarily in *commutative* rings. If you have a noncommutative ring, abelian group or module, consider using `noncomm_ring`, `abel` or `module` instead.
warning: SparseSGD/Logistic/TameCoefficientDerivatives.lean:104:25: Used `tac1 <;> tac2` where `(tac1; tac2)` would suffice

Note: This linter can be disabled with `set_option linter.unnecessarySeqFocus false`
warning: SparseSGD/Logistic/TameCoefficientDerivatives.lean:104:63: Used `tac1 <;> tac2` where `(tac1; tac2)` would suffice

Note: This linter can be disabled with `set_option linter.unnecessarySeqFocus false`
warning: SparseSGD/Logistic/TameCoefficientDerivatives.lean:113:87: Used `tac1 <;> tac2` where `(tac1; tac2)` would suffice

Note: This linter can be disabled with `set_option linter.unnecessarySeqFocus false`
warning: SparseSGD/Logistic/TameCoefficientDerivatives.lean:113:125: Used `tac1 <;> tac2` where `(tac1; tac2)` would suffice

Note: This linter can be disabled with `set_option linter.unnecessarySeqFocus false`
⚠ [9051/9257] Replayed SparseSGD.Scaling.SmallDeltaFormulas
warning: SparseSGD/Scaling/SmallDeltaFormulas.lean:56:63: This simp argument is unused:
  ← Matrix.transpose_pow

Hint: Omit it from the simp argument list.
  [apply] simp [freeRisk, Moments.cov, Matrix.mul_apply, Fin.sum_univ_two]

Note: Simp arguments with `←` have the additional effect of removing the other direction from the simp set, even if the simp argument itself is unused. If the hint above does not work, try replacing `←` with `-` to only get that effect and silence this warning.

Note: This linter can be disabled with `set_option linter.unusedSimpArgs false`
⚠ [9052/9257] Replayed SparseSGD.Scaling.SmallDeltaKernel
warning: SparseSGD/Scaling/SmallDeltaKernel.lean:16:6: this tactic is never executed

Note: This linter can be disabled with `set_option linter.unreachableTactic false`
warning: SparseSGD/Scaling/SmallDeltaKernel.lean:16:6: Unused tactic linter: `ring` does nothing

Note: This linter can be disabled with `set_option linter.unusedTactic false`
warning: SparseSGD/Scaling/SmallDeltaKernel.lean:138:92: This simp argument is unused:
  major

Hint: Omit it from the simp argument list.
  [apply] simp

Note: This linter can be disabled with `set_option linter.unusedSimpArgs false`
warning: SparseSGD/Scaling/SmallDeltaKernel.lean:138:82: Used `tac1 <;> tac2` where `(tac1; tac2)` would suffice

Note: This linter can be disabled with `set_option linter.unnecessarySeqFocus false`
⚠ [9053/9257] Replayed SparseSGD.Scaling.SmallDeltaForcing
warning: SparseSGD/Scaling/SmallDeltaForcing.lean:44:4: Used `tac1 <;> tac2` where `(tac1; tac2)` would suffice

Note: This linter can be disabled with `set_option linter.unnecessarySeqFocus false`
⚠ [9057/9257] Replayed SparseSGD.Logistic.PopulationEquilibrium
warning: SparseSGD/Logistic/PopulationEquilibrium.lean:221:56: Used `tac1 <;> tac2` where `(tac1; tac2)` would suffice

Note: This linter can be disabled with `set_option linter.unnecessarySeqFocus false`
warning: SparseSGD/Logistic/PopulationEquilibrium.lean:299:75: Used `tac1 <;> tac2` where `(tac1; tac2)` would suffice

Note: This linter can be disabled with `set_option linter.unnecessarySeqFocus false`
⚠ [9058/9257] Replayed SparseSGD.Logistic.IncrementDecomposition
warning: SparseSGD/Logistic/IncrementDecomposition.lean:175:6: this tactic is never executed

Note: This linter can be disabled with `set_option linter.unreachableTactic false`
warning: SparseSGD/Logistic/IncrementDecomposition.lean:175:6: Unused tactic linter: `ring` does nothing

Note: This linter can be disabled with `set_option linter.unusedTactic false`
warning: SparseSGD/Logistic/IncrementDecomposition.lean:195:2: Used `tac1 <;> tac2` where `(tac1; tac2)` would suffice

Note: This linter can be disabled with `set_option linter.unnecessarySeqFocus false`
⚠ [9060/9257] Replayed SparseSGD.External.BernsteinMoments
warning: SparseSGD/External/BernsteinMoments.lean:54:5: Variable name `hM` is not explicitly referenced.

Hint: The binding can be removed (if unused) or named `_` (if used implicitly). Alternatively, prefix the name with `_` to silence this warning:
  [apply] _hM

Note: This linter can be disabled with `set_option linter.unusedVariables false`
warning: SparseSGD/External/BernsteinMoments.lean:67:42: Unused tactic linter: `ring` does nothing

Note: This linter can be disabled with `set_option linter.unusedTactic false`
warning: SparseSGD/External/BernsteinMoments.lean:88:6: Unused tactic linter: `ring` does nothing

Note: This linter can be disabled with `set_option linter.unusedTactic false`
warning: SparseSGD/External/BernsteinMoments.lean:67:42: this tactic is never executed

Note: This linter can be disabled with `set_option linter.unreachableTactic false`
warning: SparseSGD/External/BernsteinMoments.lean:88:6: this tactic is never executed

Note: This linter can be disabled with `set_option linter.unreachableTactic false`
warning: SparseSGD/External/BernsteinMoments.lean:67:23: Used `tac1 <;> tac2` where `(tac1; tac2)` would suffice

Note: This linter can be disabled with `set_option linter.unnecessarySeqFocus false`
⚠ [9061/9257] Replayed SparseSGD.Logistic.IncrementLinearMGF
warning: SparseSGD/Logistic/IncrementLinearMGF.lean:65:6: this tactic is never executed

Note: This linter can be disabled with `set_option linter.unreachableTactic false`
warning: SparseSGD/Logistic/IncrementLinearMGF.lean:65:6: Unused tactic linter: `ring` does nothing

Note: This linter can be disabled with `set_option linter.unusedTactic false`
⚠ [9063/9257] Replayed SparseSGD.Logistic.IncrementQuadraticMoments
warning: SparseSGD/Logistic/IncrementQuadraticMoments.lean:112:40: this tactic is never executed

Note: This linter can be disabled with `set_option linter.unreachableTactic false`
warning: SparseSGD/Logistic/IncrementQuadraticMoments.lean:112:21: Used `tac1 <;> tac2` where `(tac1; tac2)` would suffice

Note: This linter can be disabled with `set_option linter.unnecessarySeqFocus false`
warning: SparseSGD/Logistic/IncrementQuadraticMoments.lean:112:40: Unused tactic linter: `ring` does nothing

Note: This linter can be disabled with `set_option linter.unusedTactic false`
warning: SparseSGD/Logistic/IncrementQuadraticMoments.lean:162:8: this tactic is never executed

Note: This linter can be disabled with `set_option linter.unreachableTactic false`
warning: SparseSGD/Logistic/IncrementQuadraticMoments.lean:162:8: Unused tactic linter: `ring` does nothing

Note: This linter can be disabled with `set_option linter.unusedTactic false`
warning: SparseSGD/Logistic/IncrementQuadraticMoments.lean:244:42: this tactic is never executed

Note: This linter can be disabled with `set_option linter.unreachableTactic false`
warning: SparseSGD/Logistic/IncrementQuadraticMoments.lean:254:8: this tactic is never executed

Note: This linter can be disabled with `set_option linter.unreachableTactic false`
warning: SparseSGD/Logistic/IncrementQuadraticMoments.lean:260:6: this tactic is never executed

Note: This linter can be disabled with `set_option linter.unreachableTactic false`
warning: SparseSGD/Logistic/IncrementQuadraticMoments.lean:244:23: Used `tac1 <;> tac2` where `(tac1; tac2)` would suffice

Note: This linter can be disabled with `set_option linter.unnecessarySeqFocus false`
warning: SparseSGD/Logistic/IncrementQuadraticMoments.lean:244:42: Unused tactic linter: `ring` does nothing

Note: This linter can be disabled with `set_option linter.unusedTactic false`
warning: SparseSGD/Logistic/IncrementQuadraticMoments.lean:254:8: Unused tactic linter: `ring` does nothing

Note: This linter can be disabled with `set_option linter.unusedTactic false`
warning: SparseSGD/Logistic/IncrementQuadraticMoments.lean:260:6: Unused tactic linter: `ring` does nothing

Note: This linter can be disabled with `set_option linter.unusedTactic false`
⚠ [9064/9257] Replayed SparseSGD.Logistic.DynamicField
warning: SparseSGD/Logistic/DynamicField.lean:59:40: This simp argument is unused:
  f

Hint: Omit it from the simp argument list.
  [apply] simp

Note: This linter can be disabled with `set_option linter.unusedSimpArgs false`
warning: SparseSGD/Logistic/DynamicField.lean:59:30: Used `tac1 <;> tac2` where `(tac1; tac2)` would suffice

Note: This linter can be disabled with `set_option linter.unnecessarySeqFocus false`
warning: SparseSGD/Logistic/DynamicField.lean:59:43: Used `tac1 <;> tac2` where `(tac1; tac2)` would suffice

Note: This linter can be disabled with `set_option linter.unnecessarySeqFocus false`
⚠ [9066/9257] Replayed SparseSGD.Scaling.GeometricRenewal
warning: SparseSGD/Scaling/GeometricRenewal.lean:24:2: Used `tac1 <;> tac2` where `(tac1; tac2)` would suffice

Note: This linter can be disabled with `set_option linter.unnecessarySeqFocus false`
warning: SparseSGD/Scaling/GeometricRenewal.lean:130:4: Used `tac1 <;> tac2` where `(tac1; tac2)` would suffice

Note: This linter can be disabled with `set_option linter.unnecessarySeqFocus false`
⚠ [9070/9257] Replayed SparseSGD.Logistic.DynamicDrift
warning: SparseSGD/Logistic/DynamicDrift.lean:43:4: Used `tac1 <;> tac2` where `(tac1; tac2)` would suffice

Note: This linter can be disabled with `set_option linter.unnecessarySeqFocus false`
warning: SparseSGD/Logistic/DynamicDrift.lean:93:15: This simp argument is unused:
  SparseSGD.Moments.V

Hint: Omit it from the simp argument list.
  [apply] simp only

Note: This linter can be disabled with `set_option linter.unusedSimpArgs false`
warning: SparseSGD/Logistic/DynamicDrift.lean:99:15: This simp argument is unused:
  SparseSGD.Moments.C

Hint: Omit it from the simp argument list.
  [apply] simp only

Note: This linter can be disabled with `set_option linter.unusedSimpArgs false`
warning: SparseSGD/Logistic/DynamicDrift.lean:67:68: this tactic is never executed

Note: This linter can be disabled with `set_option linter.unreachableTactic false`
warning: SparseSGD/Logistic/DynamicDrift.lean:82:8: this tactic is never executed

Note: This linter can be disabled with `set_option linter.unreachableTactic false`
warning: SparseSGD/Logistic/DynamicDrift.lean:86:8: this tactic is never executed

Note: This linter can be disabled with `set_option linter.unreachableTactic false`
warning: SparseSGD/Logistic/DynamicDrift.lean:67:23: Used `tac1 <;> tac2` where `(tac1; tac2)` would suffice

Note: This linter can be disabled with `set_option linter.unnecessarySeqFocus false`
warning: SparseSGD/Logistic/DynamicDrift.lean:67:49: Used `tac1 <;> tac2` where `(tac1; tac2)` would suffice

Note: This linter can be disabled with `set_option linter.unnecessarySeqFocus false`
warning: SparseSGD/Logistic/DynamicDrift.lean:67:68: Unused tactic linter: `ring` does nothing

Note: This linter can be disabled with `set_option linter.unusedTactic false`
warning: SparseSGD/Logistic/DynamicDrift.lean:82:8: Unused tactic linter: `ring` does nothing

Note: This linter can be disabled with `set_option linter.unusedTactic false`
warning: SparseSGD/Logistic/DynamicDrift.lean:86:8: Unused tactic linter: `ring` does nothing

Note: This linter can be disabled with `set_option linter.unusedTactic false`
⚠ [9071/9257] Replayed SparseSGD.Logistic.DynamicConsistency
warning: SparseSGD/Logistic/DynamicConsistency.lean:44:78: Used `tac1 <;> tac2` where `(tac1; tac2)` would suffice

Note: This linter can be disabled with `set_option linter.unnecessarySeqFocus false`
warning: SparseSGD/Logistic/DynamicConsistency.lean:104:2: Unused tactic linter: `congr 1` does nothing

Note: This linter can be disabled with `set_option linter.unusedTactic false`
warning: SparseSGD/Logistic/DynamicConsistency.lean:138:83: this tactic is never executed

Note: This linter can be disabled with `set_option linter.unreachableTactic false`
warning: SparseSGD/Logistic/DynamicConsistency.lean:155:73: this tactic is never executed

Note: This linter can be disabled with `set_option linter.unreachableTactic false`
warning: SparseSGD/Logistic/DynamicConsistency.lean:138:83: Unused tactic linter: `ring` does nothing

Note: This linter can be disabled with `set_option linter.unusedTactic false`
warning: SparseSGD/Logistic/DynamicConsistency.lean:155:73: Unused tactic linter: `ring` does nothing

Note: This linter can be disabled with `set_option linter.unusedTactic false`
warning: SparseSGD/Logistic/DynamicConsistency.lean:181:2: Used `tac1 <;> tac2` where `(tac1; tac2)` would suffice

Note: This linter can be disabled with `set_option linter.unnecessarySeqFocus false`
⚠ [9072/9257] Replayed SparseSGD.Logistic.DynamicCompact
warning: SparseSGD/Logistic/DynamicCompact.lean:40:18: Variable name `hD` is not explicitly referenced.

Hint: The binding can be removed (if unused) or named `_` (if used implicitly). Alternatively, prefix the name with `_` to silence this warning:
  [apply] _hD

Note: This linter can be disabled with `set_option linter.unusedVariables false`
⚠ [9077/9257] Replayed SparseSGD.Logistic.SlowContraction
warning: SparseSGD/Logistic/SlowContraction.lean:158:22: Used `tac1 <;> tac2` where `(tac1; tac2)` would suffice

Note: This linter can be disabled with `set_option linter.unnecessarySeqFocus false`
warning: SparseSGD/Logistic/SlowContraction.lean:158:56: Used `tac1 <;> tac2` where `(tac1; tac2)` would suffice

Note: This linter can be disabled with `set_option linter.unnecessarySeqFocus false`
⚠ [9079/9257] Replayed SparseSGD.Logistic.SlowGlobal
warning: SparseSGD/Logistic/SlowGlobal.lean:41:56: Used `tac1 <;> tac2` where `(tac1; tac2)` would suffice

Note: This linter can be disabled with `set_option linter.unnecessarySeqFocus false`
warning: SparseSGD/Logistic/SlowGlobal.lean:41:81: Used `tac1 <;> tac2` where `(tac1; tac2)` would suffice

Note: This linter can be disabled with `set_option linter.unnecessarySeqFocus false`
⚠ [9081/9257] Replayed SparseSGD.Logistic.IncrementBoundedMGF
warning: SparseSGD/Logistic/IncrementBoundedMGF.lean:112:10: this tactic is never executed

Note: This linter can be disabled with `set_option linter.unreachableTactic false`
warning: SparseSGD/Logistic/IncrementBoundedMGF.lean:115:8: this tactic is never executed

Note: This linter can be disabled with `set_option linter.unreachableTactic false`
warning: SparseSGD/Logistic/IncrementBoundedMGF.lean:122:42: this tactic is never executed

Note: This linter can be disabled with `set_option linter.unreachableTactic false`
warning: SparseSGD/Logistic/IncrementBoundedMGF.lean:112:10: Unused tactic linter: `ring` does nothing

Note: This linter can be disabled with `set_option linter.unusedTactic false`
warning: SparseSGD/Logistic/IncrementBoundedMGF.lean:115:8: Unused tactic linter: `ring` does nothing

Note: This linter can be disabled with `set_option linter.unusedTactic false`
warning: SparseSGD/Logistic/IncrementBoundedMGF.lean:122:42: Unused tactic linter: `ring` does nothing

Note: This linter can be disabled with `set_option linter.unusedTactic false`
⚠ [9082/9257] Replayed SparseSGD.Scaling.PowerParameters
warning: SparseSGD/Scaling/PowerParameters.lean:44:6: this tactic is never executed

Note: This linter can be disabled with `set_option linter.unreachableTactic false`
warning: SparseSGD/Scaling/PowerParameters.lean:44:6: Unused tactic linter: `ring` does nothing

Note: This linter can be disabled with `set_option linter.unusedTactic false`
warning: SparseSGD/Scaling/PowerParameters.lean:91:6: this tactic is never executed

Note: This linter can be disabled with `set_option linter.unreachableTactic false`
warning: SparseSGD/Scaling/PowerParameters.lean:91:6: Unused tactic linter: `ring` does nothing

Note: This linter can be disabled with `set_option linter.unusedTactic false`
warning: SparseSGD/Scaling/PowerParameters.lean:129:6: this tactic is never executed

Note: This linter can be disabled with `set_option linter.unreachableTactic false`
warning: SparseSGD/Scaling/PowerParameters.lean:129:6: Unused tactic linter: `ring` does nothing

Note: This linter can be disabled with `set_option linter.unusedTactic false`
warning: SparseSGD/Scaling/PowerParameters.lean:132:5: Variable name `hp` is not explicitly referenced.

Hint: The binding can be removed (if unused) or named `_` (if used implicitly). Alternatively, prefix the name with `_` to silence this warning:
  [apply] _hp

Note: This linter can be disabled with `set_option linter.unusedVariables false`
warning: SparseSGD/Scaling/PowerParameters.lean:158:6: this tactic is never executed

Note: This linter can be disabled with `set_option linter.unreachableTactic false`
warning: SparseSGD/Scaling/PowerParameters.lean:158:6: Unused tactic linter: `ring` does nothing

Note: This linter can be disabled with `set_option linter.unusedTactic false`
warning: SparseSGD/Scaling/PowerParameters.lean:176:82: Used `tac1 <;> tac2` where `(tac1; tac2)` would suffice

Note: This linter can be disabled with `set_option linter.unnecessarySeqFocus false`
⚠ [9083/9257] Replayed SparseSGD.Scaling.FixedParameters
warning: SparseSGD/Scaling/FixedParameters.lean:117:6: this tactic is never executed

Note: This linter can be disabled with `set_option linter.unreachableTactic false`
warning: SparseSGD/Scaling/FixedParameters.lean:117:6: Unused tactic linter: `ring` does nothing

Note: This linter can be disabled with `set_option linter.unusedTactic false`
⚠ [9084/9257] Replayed SparseSGD.Scaling.LeastSquaresParameters
warning: SparseSGD/Scaling/LeastSquaresParameters.lean:23:20: Variable name `pStar` is not explicitly referenced.

Hint: The binding can be removed (if unused) or named `_` (if used implicitly). Alternatively, prefix the name with `_` to silence this warning:
  [apply] _pStar

Note: This linter can be disabled with `set_option linter.unusedVariables false`
warning: SparseSGD/Scaling/LeastSquaresParameters.lean:23:26: Variable name `kappa` is not explicitly referenced.

Hint: The binding can be removed (if unused) or named `_` (if used implicitly). Alternatively, prefix the name with `_` to silence this warning:
  [apply] _kappa

Note: This linter can be disabled with `set_option linter.unusedVariables false`
warning: SparseSGD/Scaling/LeastSquaresParameters.lean:41:6: this tactic is never executed

Note: This linter can be disabled with `set_option linter.unreachableTactic false`
warning: SparseSGD/Scaling/LeastSquaresParameters.lean:41:6: Unused tactic linter: `ring` does nothing

Note: This linter can be disabled with `set_option linter.unusedTactic false`
warning: SparseSGD/Scaling/LeastSquaresParameters.lean:75:2: Used `tac1 <;> tac2` where `(tac1; tac2)` would suffice

Note: This linter can be disabled with `set_option linter.unnecessarySeqFocus false`
warning: SparseSGD/Scaling/LeastSquaresParameters.lean:113:26: Variable name `hk` is not explicitly referenced.

Hint: The binding can be removed (if unused) or named `_` (if used implicitly). Alternatively, prefix the name with `_` to silence this warning:
  [apply] _hk

Note: This linter can be disabled with `set_option linter.unusedVariables false`
⚠ [9086/9257] Replayed SparseSGD.Logistic.IncrementGlobalEnvelope
warning: SparseSGD/Logistic/IncrementGlobalEnvelope.lean:160:22: This simp argument is unused:
  labelReal

Hint: Omit it from the simp argument list.
  [apply] simp only [feature, ↓reduceIte, Bool.false_eq_true, zero_add, inner_add_right, smul_eq_mul]

Note: This linter can be disabled with `set_option linter.unusedSimpArgs false`
⚠ [9087/9257] Replayed SparseSGD.Scaling.MatchingTaylor
warning: SparseSGD/Scaling/MatchingTaylor.lean:22:4: Used `tac1 <;> tac2` where `(tac1; tac2)` would suffice

Note: This linter can be disabled with `set_option linter.unnecessarySeqFocus false`
⚠ [9090/9257] Replayed SparseSGD.Scaling.LearningProfileLimits
warning: SparseSGD/Scaling/LearningProfileLimits.lean:10:32: Variable name `hbm` is not explicitly referenced.

Hint: The binding can be removed (if unused) or named `_` (if used implicitly). Alternatively, prefix the name with `_` to silence this warning:
  [apply] _hbm

Note: This linter can be disabled with `set_option linter.unusedVariables false`
info: SparseSGD/Scaling/LearningProfileLimits.lean:113:4: Try this:
  [apply] ring_nf
  
  The `ring` tactic failed to close the goal. Use `ring_nf` to obtain a normal form.
    
  Note that `ring` works primarily in *commutative* rings. If you have a noncommutative ring, abelian group or module, consider using `noncomm_ring`, `abel` or `module` instead.
warning: SparseSGD/Scaling/LearningProfileLimits.lean:56:5: Variable name `hu0` is not explicitly referenced.

Hint: The binding can be removed (if unused) or named `_` (if used implicitly). Alternatively, prefix the name with `_` to silence this warning:
  [apply] _hu0

Note: This linter can be disabled with `set_option linter.unusedVariables false`
warning: SparseSGD/Scaling/LearningProfileLimits.lean:56:19: Variable name `hv0` is not explicitly referenced.

Hint: The binding can be removed (if unused) or named `_` (if used implicitly). Alternatively, prefix the name with `_` to silence this warning:
  [apply] _hv0

Note: This linter can be disabled with `set_option linter.unusedVariables false`
warning: SparseSGD/Scaling/LearningProfileLimits.lean:78:6: Used `tac1 <;> tac2` where `(tac1; tac2)` would suffice

Note: This linter can be disabled with `set_option linter.unnecessarySeqFocus false`
warning: SparseSGD/Scaling/LearningProfileLimits.lean:103:53: Used `tac1 <;> tac2` where `(tac1; tac2)` would suffice

Note: This linter can be disabled with `set_option linter.unnecessarySeqFocus false`
⚠ [9094/9257] Replayed SparseSGD.Scaling.PowerLimits
warning: SparseSGD/Scaling/PowerLimits.lean:8:43: Variable name `hc` is not explicitly referenced.

Hint: The binding can be removed (if unused) or named `_` (if used implicitly). Alternatively, prefix the name with `_` to silence this warning:
  [apply] _hc

Note: This linter can be disabled with `set_option linter.unusedVariables false`
warning: SparseSGD/Scaling/PowerLimits.lean:103:4: try 'simp' instead of 'simpa'

Note: This linter can be disabled with `set_option linter.unnecessarySimpa false`
warning: SparseSGD/Scaling/PowerLimits.lean:167:4: try 'simp' instead of 'simpa'

Note: This linter can be disabled with `set_option linter.unnecessarySimpa false`
warning: SparseSGD/Scaling/PowerLimits.lean:239:4: try 'simp' instead of 'simpa'

Note: This linter can be disabled with `set_option linter.unnecessarySimpa false`
⚠ [9095/9257] Replayed SparseSGD.Scaling.LSFamily
warning: SparseSGD/Scaling/LSFamily.lean:18:22: Variable name `hb` is not explicitly referenced.

Hint: The binding can be removed (if unused) or named `_` (if used implicitly). Alternatively, prefix the name with `_` to silence this warning:
  [apply] _hb

Note: This linter can be disabled with `set_option linter.unusedVariables false`
warning: SparseSGD/Scaling/LSFamily.lean:117:34: This simp argument is unused:
  he

Hint: Omit it from the simp argument list.
  [apply] simp [Params.eps, scaledMomentum, mul_div_assoc]

Note: This linter can be disabled with `set_option linter.unusedSimpArgs false`
warning: SparseSGD/Scaling/LSFamily.lean:119:6: this tactic is never executed

Note: This linter can be disabled with `set_option linter.unreachableTactic false`
warning: SparseSGD/Scaling/LSFamily.lean:118:2: Used `tac1 <;> tac2` where `(tac1; tac2)` would suffice

Note: This linter can be disabled with `set_option linter.unnecessarySeqFocus false`
warning: SparseSGD/Scaling/LSFamily.lean:119:6: Unused tactic linter: `ring` does nothing

Note: This linter can be disabled with `set_option linter.unusedTactic false`
⚠ [9098/9257] Replayed SparseSGD.Scaling.ResonanceParameters
warning: SparseSGD/Scaling/ResonanceParameters.lean:51:6: this tactic is never executed

Note: This linter can be disabled with `set_option linter.unreachableTactic false`
warning: SparseSGD/Scaling/ResonanceParameters.lean:51:6: Unused tactic linter: `ring` does nothing

Note: This linter can be disabled with `set_option linter.unusedTactic false`
warning: SparseSGD/Scaling/ResonanceParameters.lean:66:6: this tactic is never executed

Note: This linter can be disabled with `set_option linter.unreachableTactic false`
warning: SparseSGD/Scaling/ResonanceParameters.lean:66:6: Unused tactic linter: `ring` does nothing

Note: This linter can be disabled with `set_option linter.unusedTactic false`
warning: SparseSGD/Scaling/ResonanceParameters.lean:157:4: Used `tac1 <;> tac2` where `(tac1; tac2)` would suffice

Note: This linter can be disabled with `set_option linter.unnecessarySeqFocus false`
⚠ [9100/9257] Replayed SparseSGD.Scaling.BatchActivity
warning: SparseSGD/Scaling/BatchActivity.lean:105:59: Used `tac1 <;> tac2` where `(tac1; tac2)` would suffice

Note: This linter can be disabled with `set_option linter.unnecessarySeqFocus false`
warning: SparseSGD/Scaling/BatchActivity.lean:112:6: Used `tac1 <;> tac2` where `(tac1; tac2)` would suffice

Note: This linter can be disabled with `set_option linter.unnecessarySeqFocus false`
warning: SparseSGD/Scaling/BatchActivity.lean:142:44: this tactic is never executed

Note: This linter can be disabled with `set_option linter.unreachableTactic false`
warning: SparseSGD/Scaling/BatchActivity.lean:147:8: this tactic is never executed

Note: This linter can be disabled with `set_option linter.unreachableTactic false`
warning: SparseSGD/Scaling/BatchActivity.lean:142:44: Unused tactic linter: `ring` does nothing

Note: This linter can be disabled with `set_option linter.unusedTactic false`
warning: SparseSGD/Scaling/BatchActivity.lean:147:8: Unused tactic linter: `ring` does nothing

Note: This linter can be disabled with `set_option linter.unusedTactic false`
⚠ [9101/9257] Replayed SparseSGD.Scaling.BatchActivityLaw
warning: SparseSGD/Scaling/BatchActivityLaw.lean:18:8: This simp argument is unused:
  bernoulliMeasure_real_apply

Hint: Omit it from the simp argument list.
  [apply] simp

Note: This linter can be disabled with `set_option linter.unusedSimpArgs false`
⚠ [9106/9257] Replayed SparseSGD.Logistic.FluidDomain
warning: SparseSGD/Logistic/FluidDomain.lean:106:17: `Set.mem_setOf_eq` has been deprecated: Use `Set.mem_ofPred_eq` instead
⚠ [9109/9257] Replayed SparseSGD.Logistic.FluidDeterministicFree
warning: SparseSGD/Logistic/FluidDeterministicFree.lean:30:18: `ContinuousLinearMap.mul_apply` has been deprecated: Use `mul_apply_eq_comp` instead

Note: The updated constant is in a different namespace. Dot notation may need to be changed (e.g., from `x.mul_apply` to `mul_apply_eq_comp x`).
warning: SparseSGD/Logistic/FluidDeterministicFree.lean:77:27: This simp argument is unused:
  abs_mul

Hint: Omit it from the simp argument list.
  [apply] simp [Real.norm_eq_abs, abs_of_nonneg hb0, abs_of_nonneg hpow]

Note: This linter can be disabled with `set_option linter.unusedSimpArgs false`
warning: SparseSGD/Logistic/FluidDeterministicFree.lean:77:53: This simp argument is unused:
  abs_of_nonneg hpow

Hint: Omit it from the simp argument list.
  [apply] simp [Real.norm_eq_abs, abs_mul, abs_of_nonneg hb0]

Note: This linter can be disabled with `set_option linter.unusedSimpArgs false`
warning: SparseSGD/Logistic/FluidDeterministicFree.lean:82:27: This simp argument is unused:
  abs_mul

Hint: Omit it from the simp argument list.
  [apply] simp [Real.norm_eq_abs, abs_of_nonneg hb0, abs_of_nonneg (sq_nonneg (beta ^ n))]

Note: This linter can be disabled with `set_option linter.unusedSimpArgs false`
warning: SparseSGD/Logistic/FluidDeterministicFree.lean:82:53: This simp argument is unused:
  abs_of_nonneg (sq_nonneg (beta ^ n))

Hint: Omit it from the simp argument list.
  [apply] simp [Real.norm_eq_abs, abs_mul, abs_of_nonneg hb0]

Note: This linter can be disabled with `set_option linter.unusedSimpArgs false`
⚠ [9111/9257] Replayed SparseSGD.Logistic.FluidDeterministicCoefficients
warning: SparseSGD/Logistic/FluidDeterministicCoefficients.lean:62:18: `if_true` has been deprecated: Use `ite_true` instead
warning: SparseSGD/Logistic/FluidDeterministicCoefficients.lean:71:18: `if_false` has been deprecated: Use `ite_false` instead
warning: SparseSGD/Logistic/FluidDeterministicCoefficients.lean:49:16: Variable name `hP` is not explicitly referenced.

Hint: The binding can be removed (if unused) or named `_` (if used implicitly). Alternatively, prefix the name with `_` to silence this warning:
  [apply] _hP

Note: This linter can be disabled with `set_option linter.unusedVariables false`
warning: SparseSGD/Logistic/FluidDeterministicCoefficients.lean:88:24: Used `tac1 <;> tac2` where `(tac1; tac2)` would suffice

Note: This linter can be disabled with `set_option linter.unnecessarySeqFocus false`
warning: SparseSGD/Logistic/FluidDeterministicCoefficients.lean:104:24: Used `tac1 <;> tac2` where `(tac1; tac2)` would suffice

Note: This linter can be disabled with `set_option linter.unnecessarySeqFocus false`
warning: SparseSGD/Logistic/FluidDeterministicCoefficients.lean:120:70: This simp argument is unused:
  Nat.zero_add

Hint: Omit it from the simp argument list.
  [apply] simp only [scalar_gaussianAverage_zero, mul_zero, ite_self, zero_add, abs_mul, abs_pow,
    abs_of_nonneg (by positivity : 0 ≤ (1 / 2 : ℝ) ^ b), abs_of_nonneg hp]

Note: This linter can be disabled with `set_option linter.unusedSimpArgs false`
⚠ [9114/9257] Replayed SparseSGD.Scaling.FluidHorizon
warning: SparseSGD/Scaling/FluidHorizon.lean:29:5: Variable name `ha` is not explicitly referenced.

Hint: The binding can be removed (if unused) or named `_` (if used implicitly). Alternatively, prefix the name with `_` to silence this warning:
  [apply] _ha

Note: This linter can be disabled with `set_option linter.unusedVariables false`
warning: SparseSGD/Scaling/FluidHorizon.lean:29:28: Variable name `hg` is not explicitly referenced.

Hint: The binding can be removed (if unused) or named `_` (if used implicitly). Alternatively, prefix the name with `_` to silence this warning:
  [apply] _hg

Note: This linter can be disabled with `set_option linter.unusedVariables false`
warning: SparseSGD/Scaling/FluidHorizon.lean:126:5: Variable name `heta` is not explicitly referenced.

Hint: The binding can be removed (if unused) or named `_` (if used implicitly). Alternatively, prefix the name with `_` to silence this warning:
  [apply] _heta

Note: This linter can be disabled with `set_option linter.unusedVariables false`
warning: SparseSGD/Scaling/FluidHorizon.lean:126:26: Variable name `hp` is not explicitly referenced.

Hint: The binding can be removed (if unused) or named `_` (if used implicitly). Alternatively, prefix the name with `_` to silence this warning:
  [apply] _hp

Note: This linter can be disabled with `set_option linter.unusedVariables false`
warning: SparseSGD/Scaling/FluidHorizon.lean:126:43: Variable name `heps` is not explicitly referenced.

Hint: The binding can be removed (if unused) or named `_` (if used implicitly). Alternatively, prefix the name with `_` to silence this warning:
  [apply] _heps

Note: This linter can be disabled with `set_option linter.unusedVariables false`
⚠ [9115/9257] Replayed SparseSGD.Scaling.FluidGrid
warning: SparseSGD/Scaling/FluidGrid.lean:43:5: Variable name `heta` is not explicitly referenced.

Hint: The binding can be removed (if unused) or named `_` (if used implicitly). Alternatively, prefix the name with `_` to silence this warning:
  [apply] _heta

Note: This linter can be disabled with `set_option linter.unusedVariables false`
warning: SparseSGD/Scaling/FluidGrid.lean:43:26: Variable name `hp` is not explicitly referenced.

Hint: The binding can be removed (if unused) or named `_` (if used implicitly). Alternatively, prefix the name with `_` to silence this warning:
  [apply] _hp

Note: This linter can be disabled with `set_option linter.unusedVariables false`
⚠ [9117/9257] Replayed SparseSGD.Logistic.DynamicEnergy
warning: SparseSGD/Logistic/DynamicEnergy.lean:24:4: Used `tac1 <;> tac2` where `(tac1; tac2)` would suffice

Note: This linter can be disabled with `set_option linter.unnecessarySeqFocus false`
⚠ [9118/9257] Replayed SparseSGD.Logistic.FluidDeterministicWarmComparison
warning: SparseSGD/Logistic/FluidDeterministicWarmComparison.lean:105:24: Used `tac1 <;> tac2` where `(tac1; tac2)` would suffice

Note: This linter can be disabled with `set_option linter.unnecessarySeqFocus false`
⚠ [9121/9257] Replayed SparseSGD.Comparison.MomentComparison
warning: SparseSGD/Comparison/MomentComparison.lean:35:10: `if_neg` has been deprecated: Use `ite_eq_right` instead
⚠ [9122/9257] Replayed SparseSGD.Comparison.FunctionalEmbedding
info: SparseSGD/Comparison/FunctionalEmbedding.lean:39:4: Try this:
  [apply] ring_nf
  
  The `ring` tactic failed to close the goal. Use `ring_nf` to obtain a normal form.
    
  Note that `ring` works primarily in *commutative* rings. If you have a noncommutative ring, abelian group or module, consider using `noncomm_ring`, `abel` or `module` instead.
warning: SparseSGD/Comparison/FunctionalEmbedding.lean:17:78: Used `tac1 <;> tac2` where `(tac1; tac2)` would suffice

Note: This linter can be disabled with `set_option linter.unnecessarySeqFocus false`
warning: SparseSGD/Comparison/FunctionalEmbedding.lean:21:53: Used `tac1 <;> tac2` where `(tac1; tac2)` would suffice

Note: This linter can be disabled with `set_option linter.unnecessarySeqFocus false`
warning: SparseSGD/Comparison/FunctionalEmbedding.lean:90:35: Used `tac1 <;> tac2` where `(tac1; tac2)` would suffice

Note: This linter can be disabled with `set_option linter.unnecessarySeqFocus false`
warning: SparseSGD/Comparison/FunctionalEmbedding.lean:90:49: Used `tac1 <;> tac2` where `(tac1; tac2)` would suffice

Note: This linter can be disabled with `set_option linter.unnecessarySeqFocus false`
warning: SparseSGD/Comparison/FunctionalEmbedding.lean:109:13: This simp argument is unused:
  zero_mul

Hint: Omit it from the simp argument list.
  [apply] simp only [mul_zero, intervalIntegral.integral_zero, add_zero, continuumFlow_initial] at H

Note: This linter can be disabled with `set_option linter.unusedSimpArgs false`
⚠ [9123/9257] Replayed SparseSGD.Comparison.FunctionalGrid
info: SparseSGD/Comparison/FunctionalGrid.lean:66:2: Try this:
  [apply] ring_nf
  
  The `ring` tactic failed to close the goal. Use `ring_nf` to obtain a normal form.
    
  Note that `ring` works primarily in *commutative* rings. If you have a noncommutative ring, abelian group or module, consider using `noncomm_ring`, `abel` or `module` instead.
warning: SparseSGD/Comparison/FunctionalGrid.lean:65:2: Unused tactic linter: `push_cast` does nothing

Note: This linter can be disabled with `set_option linter.unusedTactic false`
warning: SparseSGD/Comparison/FunctionalGrid.lean:109:67: this tactic is never executed

Note: This linter can be disabled with `set_option linter.unreachableTactic false`
warning: SparseSGD/Comparison/FunctionalGrid.lean:109:20: Used `tac1 <;> tac2` where `(tac1; tac2)` would suffice

Note: This linter can be disabled with `set_option linter.unnecessarySeqFocus false`
warning: SparseSGD/Comparison/FunctionalGrid.lean:109:34: Used `tac1 <;> tac2` where `(tac1; tac2)` would suffice

Note: This linter can be disabled with `set_option linter.unnecessarySeqFocus false`
warning: SparseSGD/Comparison/FunctionalGrid.lean:109:67: Unused tactic linter: `ring` does nothing

Note: This linter can be disabled with `set_option linter.unusedTactic false`
warning: SparseSGD/Comparison/FunctionalGrid.lean:128:16: Used `tac1 <;> tac2` where `(tac1; tac2)` would suffice

Note: This linter can be disabled with `set_option linter.unnecessarySeqFocus false`
warning: SparseSGD/Comparison/FunctionalGrid.lean:136:20: Used `tac1 <;> tac2` where `(tac1; tac2)` would suffice

Note: This linter can be disabled with `set_option linter.unnecessarySeqFocus false`
warning: SparseSGD/Comparison/FunctionalGrid.lean:136:34: Used `tac1 <;> tac2` where `(tac1; tac2)` would suffice

Note: This linter can be disabled with `set_option linter.unnecessarySeqFocus false`
warning: SparseSGD/Comparison/FunctionalGrid.lean:136:63: Used `tac1 <;> tac2` where `(tac1; tac2)` would suffice

Note: This linter can be disabled with `set_option linter.unnecessarySeqFocus false`
⚠ [9125/9257] Replayed SparseSGD.Comparison.FunctionalModes
warning: SparseSGD/Comparison/FunctionalModes.lean:26:51: Used `tac1 <;> tac2` where `(tac1; tac2)` would suffice

Note: This linter can be disabled with `set_option linter.unnecessarySeqFocus false`
⚠ [9128/9257] Replayed SparseSGD.Scaling.WindowScalars
warning: SparseSGD/Scaling/WindowScalars.lean:23:8: This simp argument is unused:
  mul_zero

Hint: Omit it from the simp argument list.
  [apply] simp only [Complex.add_re, Complex.mul_re, Complex.ofReal_re, Complex.ofReal_im, zero_mul, sub_zero,
    Complex.sub_re]

Note: This linter can be disabled with `set_option linter.unusedSimpArgs false`
warning: SparseSGD/Scaling/WindowScalars.lean:58:5: Variable name `hm` is not explicitly referenced.

Hint: The binding can be removed (if unused) or named `_` (if used implicitly). Alternatively, prefix the name with `_` to silence this warning:
  [apply] _hm

Note: This linter can be disabled with `set_option linter.unusedVariables false`
⚠ [9129/9257] Replayed SparseSGD.Scaling.WindowModes
warning: SparseSGD/Scaling/WindowModes.lean:31:33: this tactic is never executed

Note: This linter can be disabled with `set_option linter.unreachableTactic false`
warning: SparseSGD/Scaling/WindowModes.lean:31:33: Unused tactic linter: `ring` does nothing

Note: This linter can be disabled with `set_option linter.unusedTactic false`
warning: SparseSGD/Scaling/WindowModes.lean:123:64: This simp argument is unused:
  one_mul

Hint: Omit it from the simp argument list.
  [apply] simp only [windowModeFactor, windowSlowWeights, Matrix.cons_val, neg_one_mul]

Note: This linter can be disabled with `set_option linter.unusedSimpArgs false`
warning: SparseSGD/Scaling/WindowModes.lean:136:63: This simp argument is unused:
  one_mul

Hint: Omit it from the simp argument list.
  [apply] simp only [windowModeFactor, windowOscWeights, Matrix.cons_val]

Note: This linter can be disabled with `set_option linter.unusedSimpArgs false`
⚠ [9132/9257] Replayed SparseSGD.Scaling.WindowFlow
warning: SparseSGD/Scaling/WindowFlow.lean:131:22: Used `tac1 <;> tac2` where `(tac1; tac2)` would suffice

Note: This linter can be disabled with `set_option linter.unnecessarySeqFocus false`
⚠ [9135/9257] Replayed SparseSGD.Scaling.WindowReconstruction
warning: SparseSGD/Scaling/WindowReconstruction.lean:54:14: This simp argument is unused:
  norm_div

Hint: Omit it from the simp argument list.
  [apply] simp [norm_mul, abs_div, abs_of_pos ho, abs_of_nonneg (sq_nonneg omega)]

Note: This linter can be disabled with `set_option linter.unusedSimpArgs false`
warning: SparseSGD/Scaling/WindowReconstruction.lean:54:23: This simp argument is unused:
  norm_mul

Hint: Omit it from the simp argument list.
  [apply] simp [norm_div, abs_div, abs_of_pos ho, abs_of_nonneg (sq_nonneg omega)]

Note: This linter can be disabled with `set_option linter.unusedSimpArgs false`
warning: SparseSGD/Scaling/WindowReconstruction.lean:54:32: This simp argument is unused:
  abs_div

Hint: Omit it from the simp argument list.
  [apply] simp [norm_div, norm_mul, abs_of_pos ho, abs_of_nonneg (sq_nonneg omega)]

Note: This linter can be disabled with `set_option linter.unusedSimpArgs false`
warning: SparseSGD/Scaling/WindowReconstruction.lean:54:54: This simp argument is unused:
  abs_of_nonneg (sq_nonneg omega)

Hint: Omit it from the simp argument list.
  [apply] simp [norm_div, norm_mul, abs_div, abs_of_pos ho]

Note: This linter can be disabled with `set_option linter.unusedSimpArgs false`
warning: SparseSGD/Scaling/WindowReconstruction.lean:97:5: Variable name `hN` is not explicitly referenced.

Hint: The binding can be removed (if unused) or named `_` (if used implicitly). Alternatively, prefix the name with `_` to silence this warning:
  [apply] _hN

Note: This linter can be disabled with `set_option linter.unusedVariables false`
⚠ [9137/9257] Replayed SparseSGD.Scaling.WindowAverages
warning: SparseSGD/Scaling/WindowAverages.lean:126:4: Used `tac1 <;> tac2` where `(tac1; tac2)` would suffice

Note: This linter can be disabled with `set_option linter.unnecessarySeqFocus false`
warning: SparseSGD/Scaling/WindowAverages.lean:180:4: Used `tac1 <;> tac2` where `(tac1; tac2)` would suffice

Note: This linter can be disabled with `set_option linter.unnecessarySeqFocus false`
⚠ [9138/9257] Replayed SparseSGD.Scaling.WindowRate
warning: SparseSGD/Scaling/WindowRate.lean:10:19: Variable name `ha1` is not explicitly referenced.

Hint: The binding can be removed (if unused) or named `_` (if used implicitly). Alternatively, prefix the name with `_` to silence this warning:
  [apply] _ha1

Note: This linter can be disabled with `set_option linter.unusedVariables false`
⚠ [9140/9257] Replayed SparseSGD.Scaling.CurvatureLimit
warning: SparseSGD/Scaling/CurvatureLimit.lean:110:20: Used `tac1 <;> tac2` where `(tac1; tac2)` would suffice

Note: This linter can be disabled with `set_option linter.unnecessarySeqFocus false`
info: SparseSGD/Scaling/CurvatureLimit.lean:162:26: Try this:
  [apply] ring_nf
  
  The `ring` tactic failed to close the goal. Use `ring_nf` to obtain a normal form.
    
  Note that `ring` works primarily in *commutative* rings. If you have a noncommutative ring, abelian group or module, consider using `noncomm_ring`, `abel` or `module` instead.
warning: SparseSGD/Scaling/CurvatureLimit.lean:162:22: Used `tac1 <;> tac2` where `(tac1; tac2)` would suffice

Note: This linter can be disabled with `set_option linter.unnecessarySeqFocus false`
⚠ [9141/9257] Replayed SparseSGD.Scaling.CurvatureWindow
warning: SparseSGD/Scaling/CurvatureWindow.lean:37:58: Used `tac1 <;> tac2` where `(tac1; tac2)` would suffice

Note: This linter can be disabled with `set_option linter.unnecessarySeqFocus false`
warning: SparseSGD/Scaling/CurvatureWindow.lean:157:55: Variable name `hw4` is not explicitly referenced.

Hint: The binding can be removed (if unused) or named `_` (if used implicitly). Alternatively, prefix the name with `_` to silence this warning:
  [apply] _hw4

Note: This linter can be disabled with `set_option linter.unusedVariables false`
⚠ [9143/9257] Replayed SparseSGD.Logistic.SlowTracking
warning: SparseSGD/Logistic/SlowTracking.lean:118:4: Used `tac1 <;> tac2` where `(tac1; tac2)` would suffice

Note: This linter can be disabled with `set_option linter.unnecessarySeqFocus false`
warning: SparseSGD/Logistic/SlowTracking.lean:198:2: Used `tac1 <;> tac2` where `(tac1; tac2)` would suffice

Note: This linter can be disabled with `set_option linter.unnecessarySeqFocus false`
⚠ [9144/9257] Replayed SparseSGD.Logistic.SlowTrackingBounds
warning: SparseSGD/Logistic/SlowTrackingBounds.lean:77:65: this tactic is never executed

Note: This linter can be disabled with `set_option linter.unreachableTactic false`
warning: SparseSGD/Logistic/SlowTrackingBounds.lean:77:65: Unused tactic linter: `ring` does nothing

Note: This linter can be disabled with `set_option linter.unusedTactic false`
⚠ [9145/9257] Replayed SparseSGD.Logistic.IncrementSquareMGF
info: SparseSGD/Logistic/IncrementSquareMGF.lean:106:41: Try this:
  [apply] ring_nf
  
  The `ring` tactic failed to close the goal. Use `ring_nf` to obtain a normal form.
    
  Note that `ring` works primarily in *commutative* rings. If you have a noncommutative ring, abelian group or module, consider using `noncomm_ring`, `abel` or `module` instead.
info: SparseSGD/Logistic/IncrementSquareMGF.lean:107:37: Try this:
  [apply] ring_nf
  
  The `ring` tactic failed to close the goal. Use `ring_nf` to obtain a normal form.
    
  Note that `ring` works primarily in *commutative* rings. If you have a noncommutative ring, abelian group or module, consider using `noncomm_ring`, `abel` or `module` instead.
warning: SparseSGD/Logistic/IncrementSquareMGF.lean:106:25: Used `tac1 <;> tac2` where `(tac1; tac2)` would suffice

Note: This linter can be disabled with `set_option linter.unnecessarySeqFocus false`
warning: SparseSGD/Logistic/IncrementSquareMGF.lean:107:21: Used `tac1 <;> tac2` where `(tac1; tac2)` would suffice

Note: This linter can be disabled with `set_option linter.unnecessarySeqFocus false`
warning: SparseSGD/Logistic/IncrementSquareMGF.lean:107:33: Used `tac1 <;> tac2` where `(tac1; tac2)` would suffice

Note: This linter can be disabled with `set_option linter.unnecessarySeqFocus false`
warning: SparseSGD/Logistic/IncrementSquareMGF.lean:107:25: Unused tactic linter: `congr 1` does nothing

Note: This linter can be disabled with `set_option linter.unusedTactic false`
warning: SparseSGD/Logistic/IncrementSquareMGF.lean:160:8: this tactic is never executed

Note: This linter can be disabled with `set_option linter.unreachableTactic false`
warning: SparseSGD/Logistic/IncrementSquareMGF.lean:165:2: Used `tac1 <;> tac2` where `(tac1; tac2)` would suffice

Note: This linter can be disabled with `set_option linter.unnecessarySeqFocus false`
warning: SparseSGD/Logistic/IncrementSquareMGF.lean:160:8: Unused tactic linter: `ring` does nothing

Note: This linter can be disabled with `set_option linter.unusedTactic false`
⚠ [9151/9257] Replayed SparseSGD.Logistic.IncrementBatchFourthRemainder
warning: SparseSGD/Logistic/IncrementBatchFourthRemainder.lean:28:39: Variable name `hc2` is not explicitly referenced.

Hint: The binding can be removed (if unused) or named `_` (if used implicitly). Alternatively, prefix the name with `_` to silence this warning:
  [apply] _hc2

Note: This linter can be disabled with `set_option linter.unusedVariables false`
warning: SparseSGD/Logistic/IncrementBatchFourthRemainder.lean:64:80: this tactic is never executed

Note: This linter can be disabled with `set_option linter.unreachableTactic false`
warning: SparseSGD/Logistic/IncrementBatchFourthRemainder.lean:79:8: this tactic is never executed

Note: This linter can be disabled with `set_option linter.unreachableTactic false`
warning: SparseSGD/Logistic/IncrementBatchFourthRemainder.lean:87:41: this tactic is never executed

Note: This linter can be disabled with `set_option linter.unreachableTactic false`
warning: SparseSGD/Logistic/IncrementBatchFourthRemainder.lean:98:42: this tactic is never executed

Note: This linter can be disabled with `set_option linter.unreachableTactic false`
warning: SparseSGD/Logistic/IncrementBatchFourthRemainder.lean:64:80: Unused tactic linter: `ring` does nothing

Note: This linter can be disabled with `set_option linter.unusedTactic false`
warning: SparseSGD/Logistic/IncrementBatchFourthRemainder.lean:79:8: Unused tactic linter: `ring` does nothing

Note: This linter can be disabled with `set_option linter.unusedTactic false`
warning: SparseSGD/Logistic/IncrementBatchFourthRemainder.lean:87:41: Unused tactic linter: `ring` does nothing

Note: This linter can be disabled with `set_option linter.unusedTactic false`
warning: SparseSGD/Logistic/IncrementBatchFourthRemainder.lean:98:42: Unused tactic linter: `ring` does nothing

Note: This linter can be disabled with `set_option linter.unusedTactic false`
⚠ [9152/9257] Replayed SparseSGD.Logistic.IncrementSquareFourth
warning: SparseSGD/Logistic/IncrementSquareFourth.lean:29:5: Variable name `hf2` is not explicitly referenced.

Hint: The binding can be removed (if unused) or named `_` (if used implicitly). Alternatively, prefix the name with `_` to silence this warning:
  [apply] _hf2

Note: This linter can be disabled with `set_option linter.unusedVariables false`
warning: SparseSGD/Logistic/IncrementSquareFourth.lean:96:57: This simp argument is unused:
  one_mul

Hint: Omit it from the simp argument list.
  [apply] simp only [integral_const, probReal_univ, smul_eq_mul, mul_one] at hh

Note: This linter can be disabled with `set_option linter.unusedSimpArgs false`
⚠ [9161/9257] Replayed SparseSGD.Scaling.ColdMatching
warning: SparseSGD/Scaling/ColdMatching.lean:98:4: Used `tac1 <;> tac2` where `(tac1; tac2)` would suffice

Note: This linter can be disabled with `set_option linter.unnecessarySeqFocus false`
warning: SparseSGD/Scaling/ColdMatching.lean:106:2: Used `tac1 <;> tac2` where `(tac1; tac2)` would suffice

Note: This linter can be disabled with `set_option linter.unnecessarySeqFocus false`
warning: SparseSGD/Scaling/ColdMatching.lean:163:8: this tactic is never executed

Note: This linter can be disabled with `set_option linter.unreachableTactic false`
warning: SparseSGD/Scaling/ColdMatching.lean:163:8: Unused tactic linter: `ring` does nothing

Note: This linter can be disabled with `set_option linter.unusedTactic false`
⚠ [9162/9257] Replayed SparseSGD.Scaling.ColdRegular
warning: SparseSGD/Scaling/ColdRegular.lean:97:42: Used `tac1 <;> tac2` where `(tac1; tac2)` would suffice

Note: This linter can be disabled with `set_option linter.unnecessarySeqFocus false`
⚠ [9165/9257] Replayed SparseSGD.Logistic.DynamicLinearBulk
warning: SparseSGD/Logistic/DynamicLinearBulk.lean:90:32: Used `tac1 <;> tac2` where `(tac1; tac2)` would suffice

Note: This linter can be disabled with `set_option linter.unnecessarySeqFocus false`
⚠ [9168/9257] Replayed SparseSGD.Logistic.IncrementProjectionSquare
info: SparseSGD/Logistic/IncrementProjectionSquare.lean:61:70: Try this:
  [apply] ring_nf
  
  The `ring` tactic failed to close the goal. Use `ring_nf` to obtain a normal form.
    
  Note that `ring` works primarily in *commutative* rings. If you have a noncommutative ring, abelian group or module, consider using `noncomm_ring`, `abel` or `module` instead.
warning: SparseSGD/Logistic/IncrementProjectionSquare.lean:49:4: Used `tac1 <;> tac2` where `(tac1; tac2)` would suffice

Note: This linter can be disabled with `set_option linter.unnecessarySeqFocus false`
warning: SparseSGD/Logistic/IncrementProjectionSquare.lean:61:66: Used `tac1 <;> tac2` where `(tac1; tac2)` would suffice

Note: This linter can be disabled with `set_option linter.unnecessarySeqFocus false`
ℹ [9169/9257] Replayed SparseSGD.Logistic.IncrementCenteredSquare
info: SparseSGD/Logistic/IncrementCenteredSquare.lean:111:27: Try this:
  [apply] ring_nf
  
  The `ring` tactic failed to close the goal. Use `ring_nf` to obtain a normal form.
    
  Note that `ring` works primarily in *commutative* rings. If you have a noncommutative ring, abelian group or module, consider using `noncomm_ring`, `abel` or `module` instead.
⚠ [9173/9257] Replayed SparseSGD.Scaling.Resonance
warning: SparseSGD/Scaling/Resonance.lean:193:23: Used `tac1 <;> tac2` where `(tac1; tac2)` would suffice

Note: This linter can be disabled with `set_option linter.unnecessarySeqFocus false`
⚠ [9174/9257] Replayed SparseSGD.Scaling.ResonanceFixed
warning: SparseSGD/Scaling/ResonanceFixed.lean:33:4: Used `tac1 <;> tac2` where `(tac1; tac2)` would suffice

Note: This linter can be disabled with `set_option linter.unnecessarySeqFocus false`
warning: SparseSGD/Scaling/ResonanceFixed.lean:38:20: Used `tac1 <;> tac2` where `(tac1; tac2)` would suffice

Note: This linter can be disabled with `set_option linter.unnecessarySeqFocus false`
warning: SparseSGD/Scaling/ResonanceFixed.lean:160:30: This simp argument is unused:
  mul_inv_rev

Hint: Omit it from the simp argument list.
  [apply] simp only [div_eq_mul_inv] at Hnoise Hnu Hph Hcurv ⊢

Note: This linter can be disabled with `set_option linter.unusedSimpArgs false`
warning: SparseSGD/Scaling/ResonanceFixed.lean:215:23: Used `tac1 <;> tac2` where `(tac1; tac2)` would suffice

Note: This linter can be disabled with `set_option linter.unnecessarySeqFocus false`
⚠ [9180/9257] Replayed SparseSGD.Scaling.ActivityFamily
warning: SparseSGD/Scaling/ActivityFamily.lean:36:16: this tactic is never executed

Note: This linter can be disabled with `set_option linter.unreachableTactic false`
warning: SparseSGD/Scaling/ActivityFamily.lean:39:6: this tactic is never executed

Note: This linter can be disabled with `set_option linter.unreachableTactic false`
warning: SparseSGD/Scaling/ActivityFamily.lean:36:16: Unused tactic linter: `ring` does nothing

Note: This linter can be disabled with `set_option linter.unusedTactic false`
warning: SparseSGD/Scaling/ActivityFamily.lean:39:6: Unused tactic linter: `ring` does nothing

Note: This linter can be disabled with `set_option linter.unusedTactic false`
⚠ [9184/9257] Replayed SparseSGD.Logistic.IncrementDualDecomposition
warning: SparseSGD/Logistic/IncrementDualDecomposition.lean:13:2: Used `tac1 <;> tac2` where `(tac1; tac2)` would suffice

Note: This linter can be disabled with `set_option linter.unnecessarySeqFocus false`
⚠ [9186/9257] Replayed SparseSGD.Logistic.IncrementDirectionMGF
warning: SparseSGD/Logistic/IncrementDirectionMGF.lean:32:25: Used `tac1 <;> tac2` where `(tac1; tac2)` would suffice

Note: This linter can be disabled with `set_option linter.unnecessarySeqFocus false`
⚠ [9188/9257] Replayed SparseSGD.Logistic.IncrementComplementBounds
warning: SparseSGD/Logistic/IncrementComplementBounds.lean:45:23: Used `tac1 <;> tac2` where `(tac1; tac2)` would suffice

Note: This linter can be disabled with `set_option linter.unnecessarySeqFocus false`
⚠ [9192/9257] Replayed SparseSGD.Logistic.IncrementBulkBounds
warning: SparseSGD/Logistic/IncrementBulkBounds.lean:43:31: This simp argument is unused:
  Nat.cast_add

Hint: Omit it from the simp argument list.
  [apply] simp only [div_eq_mul_inv, Nat.cast_one] at *

Note: This linter can be disabled with `set_option linter.unusedSimpArgs false`
warning: SparseSGD/Logistic/IncrementBulkBounds.lean:43:45: This simp argument is unused:
  Nat.cast_one

Hint: Omit it from the simp argument list.
  [apply] simp only [div_eq_mul_inv, Nat.cast_add] at *

Note: This linter can be disabled with `set_option linter.unusedSimpArgs false`
warning: SparseSGD/Logistic/IncrementBulkBounds.lean:37:23: Used `tac1 <;> tac2` where `(tac1; tac2)` would suffice

Note: This linter can be disabled with `set_option linter.unnecessarySeqFocus false`
warning: SparseSGD/Logistic/IncrementBulkBounds.lean:55:23: Used `tac1 <;> tac2` where `(tac1; tac2)` would suffice

Note: This linter can be disabled with `set_option linter.unnecessarySeqFocus false`
warning: SparseSGD/Logistic/IncrementBulkBounds.lean:92:31: This simp argument is unused:
  Nat.cast_add

Hint: Omit it from the simp argument list.
  [apply] simp only [div_eq_mul_inv, Nat.cast_one] at *

Note: This linter can be disabled with `set_option linter.unusedSimpArgs false`
warning: SparseSGD/Logistic/IncrementBulkBounds.lean:92:45: This simp argument is unused:
  Nat.cast_one

Hint: Omit it from the simp argument list.
  [apply] simp only [div_eq_mul_inv, Nat.cast_add] at *

Note: This linter can be disabled with `set_option linter.unusedSimpArgs false`
warning: SparseSGD/Logistic/IncrementBulkBounds.lean:106:31: This simp argument is unused:
  Nat.cast_add

Hint: Omit it from the simp argument list.
  [apply] simp only [div_eq_mul_inv, Nat.cast_one] at *

Note: This linter can be disabled with `set_option linter.unusedSimpArgs false`
warning: SparseSGD/Logistic/IncrementBulkBounds.lean:106:45: This simp argument is unused:
  Nat.cast_one

Hint: Omit it from the simp argument list.
  [apply] simp only [div_eq_mul_inv, Nat.cast_add] at *

Note: This linter can be disabled with `set_option linter.unusedSimpArgs false`
⚠ [9194/9257] Replayed SparseSGD.Logistic.IncrementFullConditional
warning: SparseSGD/Logistic/IncrementFullConditional.lean:11:8: `measurable_pi_lambda` has been deprecated: Use `Measurable.of_eval` instead
warning: SparseSGD/Logistic/IncrementFullConditional.lean:13:45: This simp argument is unused:
  Matrix.cons_val_zero

Hint: Omit it from the simp argument list.
  [apply] simp only [matchedSummary, Matrix.cons_val_one, Matrix.cons_val_two, Matrix.cons_val_three,
    Matrix.cons_val_four]

Note: This linter can be disabled with `set_option linter.unusedSimpArgs false`
warning: SparseSGD/Logistic/IncrementFullConditional.lean:13:67: This simp argument is unused:
  Matrix.cons_val_one

Hint: Omit it from the simp argument list.
  [apply] simp only [matchedSummary, Matrix.cons_val_zero, Matrix.cons_val_two, Matrix.cons_val_three,
    Matrix.cons_val_four]

Note: This linter can be disabled with `set_option linter.unusedSimpArgs false`
warning: SparseSGD/Logistic/IncrementFullConditional.lean:14:4: This simp argument is unused:
  Matrix.cons_val_two

Hint: Omit it from the simp argument list.
  [apply] simp only [matchedSummary, Matrix.cons_val_zero, Matrix.cons_val_one, Matrix.cons_val_three,
    Matrix.cons_val_four]

Note: This linter can be disabled with `set_option linter.unusedSimpArgs false`
warning: SparseSGD/Logistic/IncrementFullConditional.lean:14:25: This simp argument is unused:
  Matrix.cons_val_three

Hint: Omit it from the simp argument list.
  [apply] simp only [matchedSummary, Matrix.cons_val_zero, Matrix.cons_val_one, Matrix.cons_val_two,
    Matrix.cons_val_four]

Note: This linter can be disabled with `set_option linter.unusedSimpArgs false`
warning: SparseSGD/Logistic/IncrementFullConditional.lean:14:48: This simp argument is unused:
  Matrix.cons_val_four

Hint: Omit it from the simp argument list.
  [apply] simp only [matchedSummary, Matrix.cons_val_zero, Matrix.cons_val_one, Matrix.cons_val_two,
    Matrix.cons_val_three]

Note: This linter can be disabled with `set_option linter.unusedSimpArgs false`
warning: SparseSGD/Logistic/IncrementFullConditional.lean:24:8: `measurable_pi_lambda` has been deprecated: Use `Measurable.of_eval` instead
⚠ [9198/9257] Replayed SparseSGD.Scaling.ContinuumSmallDeltaUniform
warning: SparseSGD/Scaling/ContinuumSmallDeltaUniform.lean:32:22: Used `tac1 <;> tac2` where `(tac1; tac2)` would suffice

Note: This linter can be disabled with `set_option linter.unnecessarySeqFocus false`
warning: SparseSGD/Scaling/ContinuumSmallDeltaUniform.lean:32:36: Used `tac1 <;> tac2` where `(tac1; tac2)` would suffice

Note: This linter can be disabled with `set_option linter.unnecessarySeqFocus false`
⚠ [9202/9257] Replayed SparseSGD.Scaling.NonBoundaryRatios
warning: SparseSGD/Scaling/NonBoundaryRatios.lean:21:6: this tactic is never executed

Note: This linter can be disabled with `set_option linter.unreachableTactic false`
warning: SparseSGD/Scaling/NonBoundaryRatios.lean:21:6: Unused tactic linter: `ring` does nothing

Note: This linter can be disabled with `set_option linter.unusedTactic false`
warning: SparseSGD/Scaling/NonBoundaryRatios.lean:44:6: this tactic is never executed

Note: This linter can be disabled with `set_option linter.unreachableTactic false`
warning: SparseSGD/Scaling/NonBoundaryRatios.lean:44:6: Unused tactic linter: `ring` does nothing

Note: This linter can be disabled with `set_option linter.unusedTactic false`
warning: SparseSGD/Scaling/NonBoundaryRatios.lean:100:6: this tactic is never executed

Note: This linter can be disabled with `set_option linter.unreachableTactic false`
warning: SparseSGD/Scaling/NonBoundaryRatios.lean:93:46: Used `tac1 <;> tac2` where `(tac1; tac2)` would suffice

Note: This linter can be disabled with `set_option linter.unnecessarySeqFocus false`
warning: SparseSGD/Scaling/NonBoundaryRatios.lean:100:6: Unused tactic linter: `ring` does nothing

Note: This linter can be disabled with `set_option linter.unusedTactic false`
warning: SparseSGD/Scaling/NonBoundaryRatios.lean:180:14: this tactic is never executed

Note: This linter can be disabled with `set_option linter.unreachableTactic false`
warning: SparseSGD/Scaling/NonBoundaryRatios.lean:139:25: Used `tac1 <;> tac2` where `(tac1; tac2)` would suffice

Note: This linter can be disabled with `set_option linter.unnecessarySeqFocus false`
warning: SparseSGD/Scaling/NonBoundaryRatios.lean:168:52: Used `tac1 <;> tac2` where `(tac1; tac2)` would suffice

Note: This linter can be disabled with `set_option linter.unnecessarySeqFocus false`
warning: SparseSGD/Scaling/NonBoundaryRatios.lean:180:14: Unused tactic linter: `ring` does nothing

Note: This linter can be disabled with `set_option linter.unusedTactic false`
⚠ [9203/9257] Replayed SparseSGD.Scaling.ActivityCritical
warning: SparseSGD/Scaling/ActivityCritical.lean:39:10: Used `tac1 <;> tac2` where `(tac1; tac2)` would suffice

Note: This linter can be disabled with `set_option linter.unnecessarySeqFocus false`
warning: SparseSGD/Scaling/ActivityCritical.lean:72:18: Variable name `heps` is not explicitly referenced.

Hint: The binding can be removed (if unused) or named `_` (if used implicitly). Alternatively, prefix the name with `_` to silence this warning:
  [apply] _heps

Note: This linter can be disabled with `set_option linter.unusedVariables false`
warning: SparseSGD/Scaling/ActivityCritical.lean:72:39: Variable name `hg` is not explicitly referenced.

Hint: The binding can be removed (if unused) or named `_` (if used implicitly). Alternatively, prefix the name with `_` to silence this warning:
  [apply] _hg

Note: This linter can be disabled with `set_option linter.unusedVariables false`
warning: SparseSGD/Scaling/ActivityCritical.lean:110:4: try 'simp' instead of 'simpa'

Note: This linter can be disabled with `set_option linter.unnecessarySimpa false`
warning: SparseSGD/Scaling/ActivityCritical.lean:208:40: Variable name `hb` is not explicitly referenced.

Hint: The binding can be removed (if unused) or named `_` (if used implicitly). Alternatively, prefix the name with `_` to silence this warning:
  [apply] _hb

Note: This linter can be disabled with `set_option linter.unusedVariables false`
⚠ [9204/9257] Replayed SparseSGD.Logistic.IncrementDriftMap
warning: SparseSGD/Logistic/IncrementDriftMap.lean:36:51: This simp argument is unused:
  Matrix.cons_val_succ

Hint: Omit it from the simp argument list.
  [apply] simp only [matchedSummary, Matrix.cons_val_zero] at *

Note: This linter can be disabled with `set_option linter.unusedSimpArgs false`
warning: SparseSGD/Logistic/IncrementDriftMap.lean:50:28: Used `tac1 <;> tac2` where `(tac1; tac2)` would suffice

Note: This linter can be disabled with `set_option linter.unnecessarySeqFocus false`
warning: SparseSGD/Logistic/IncrementDriftMap.lean:106:15: This simp argument is unused:
  SparseSGD.Moments.C

Hint: Omit it from the simp argument list.
  [apply] simp only

Note: This linter can be disabled with `set_option linter.unusedSimpArgs false`
warning: SparseSGD/Logistic/IncrementDriftMap.lean:111:15: This simp argument is unused:
  SparseSGD.Moments.V

Hint: Omit it from the simp argument list.
  [apply] simp only

Note: This linter can be disabled with `set_option linter.unusedSimpArgs false`
warning: SparseSGD/Logistic/IncrementDriftMap.lean:73:75: this tactic is never executed

Note: This linter can be disabled with `set_option linter.unreachableTactic false`
warning: SparseSGD/Logistic/IncrementDriftMap.lean:96:26: this tactic is never executed

Note: This linter can be disabled with `set_option linter.unreachableTactic false`
warning: SparseSGD/Logistic/IncrementDriftMap.lean:100:26: this tactic is never executed

Note: This linter can be disabled with `set_option linter.unreachableTactic false`
warning: SparseSGD/Logistic/IncrementDriftMap.lean:107:26: this tactic is never executed

Note: This linter can be disabled with `set_option linter.unreachableTactic false`
warning: SparseSGD/Logistic/IncrementDriftMap.lean:112:26: this tactic is never executed

Note: This linter can be disabled with `set_option linter.unreachableTactic false`
warning: SparseSGD/Logistic/IncrementDriftMap.lean:73:23: Used `tac1 <;> tac2` where `(tac1; tac2)` would suffice

Note: This linter can be disabled with `set_option linter.unnecessarySeqFocus false`
warning: SparseSGD/Logistic/IncrementDriftMap.lean:73:49: Used `tac1 <;> tac2` where `(tac1; tac2)` would suffice

Note: This linter can be disabled with `set_option linter.unnecessarySeqFocus false`
warning: SparseSGD/Logistic/IncrementDriftMap.lean:73:75: Unused tactic linter: `ring` does nothing

Note: This linter can be disabled with `set_option linter.unusedTactic false`
warning: SparseSGD/Logistic/IncrementDriftMap.lean:96:26: Unused tactic linter: `ring` does nothing

Note: This linter can be disabled with `set_option linter.unusedTactic false`
warning: SparseSGD/Logistic/IncrementDriftMap.lean:100:26: Unused tactic linter: `ring` does nothing

Note: This linter can be disabled with `set_option linter.unusedTactic false`
warning: SparseSGD/Logistic/IncrementDriftMap.lean:107:26: Unused tactic linter: `ring` does nothing

Note: This linter can be disabled with `set_option linter.unusedTactic false`
warning: SparseSGD/Logistic/IncrementDriftMap.lean:112:26: Unused tactic linter: `ring` does nothing

Note: This linter can be disabled with `set_option linter.unusedTactic false`
warning: SparseSGD/Logistic/IncrementDriftMap.lean:143:8: `measurable_pi_lambda` has been deprecated: Use `Measurable.of_eval` instead
warning: SparseSGD/Logistic/IncrementDriftMap.lean:145:68: This simp argument is unused:
  Matrix.cons_val_zero

Hint: Omit it from the simp argument list.
  [apply] simp only [matchedDriftMap, matchedCoefficientStep, Matrix.cons_val_one, Matrix.cons_val_two,
    Matrix.cons_val_three, Matrix.cons_val_four]

Note: This linter can be disabled with `set_option linter.unusedSimpArgs false`
warning: SparseSGD/Logistic/IncrementDriftMap.lean:146:4: This simp argument is unused:
  Matrix.cons_val_one

Hint: Omit it from the simp argument list.
  [apply] simp only [matchedDriftMap, matchedCoefficientStep, Matrix.cons_val_zero, Matrix.cons_val_two,
    Matrix.cons_val_three, Matrix.cons_val_four]

Note: This linter can be disabled with `set_option linter.unusedSimpArgs false`
warning: SparseSGD/Logistic/IncrementDriftMap.lean:146:24: This simp argument is unused:
  Matrix.cons_val_two

Hint: Omit it from the simp argument list.
  [apply] simp only [matchedDriftMap, matchedCoefficientStep, Matrix.cons_val_zero, Matrix.cons_val_one,
    Matrix.cons_val_three, Matrix.cons_val_four]

Note: This linter can be disabled with `set_option linter.unusedSimpArgs false`
warning: SparseSGD/Logistic/IncrementDriftMap.lean:146:44: This simp argument is unused:
  Matrix.cons_val_three

Hint: Omit it from the simp argument list.
  [apply] simp only [matchedDriftMap, matchedCoefficientStep, Matrix.cons_val_zero, Matrix.cons_val_one,
    Matrix.cons_val_two, Matrix.cons_val_four]

Note: This linter can be disabled with `set_option linter.unusedSimpArgs false`
warning: SparseSGD/Logistic/IncrementDriftMap.lean:146:66: This simp argument is unused:
  Matrix.cons_val_four

Hint: Omit it from the simp argument list.
  [apply] simp only [matchedDriftMap, matchedCoefficientStep, Matrix.cons_val_zero, Matrix.cons_val_one,
    Matrix.cons_val_two, Matrix.cons_val_three]

Note: This linter can be disabled with `set_option linter.unusedSimpArgs false`
⚠ [9205/9257] Replayed SparseSGD.Logistic.IncrementSourceRates
warning: SparseSGD/Logistic/IncrementSourceRates.lean:33:4: Used `tac1 <;> tac2` where `(tac1; tac2)` would suffice

Note: This linter can be disabled with `set_option linter.unnecessarySeqFocus false`
warning: SparseSGD/Logistic/IncrementSourceRates.lean:36:35: Used `tac1 <;> tac2` where `(tac1; tac2)` would suffice

Note: This linter can be disabled with `set_option linter.unnecessarySeqFocus false`
warning: SparseSGD/Logistic/IncrementSourceRates.lean:94:41: Used `tac1 <;> tac2` where `(tac1; tac2)` would suffice

Note: This linter can be disabled with `set_option linter.unnecessarySeqFocus false`
warning: SparseSGD/Logistic/IncrementSourceRates.lean:100:23: Used `tac1 <;> tac2` where `(tac1; tac2)` would suffice

Note: This linter can be disabled with `set_option linter.unnecessarySeqFocus false`
warning: SparseSGD/Logistic/IncrementSourceRates.lean:112:23: Used `tac1 <;> tac2` where `(tac1; tac2)` would suffice

Note: This linter can be disabled with `set_option linter.unnecessarySeqFocus false`
warning: SparseSGD/Logistic/IncrementSourceRates.lean:117:80: Used `tac1 <;> tac2` where `(tac1; tac2)` would suffice

Note: This linter can be disabled with `set_option linter.unnecessarySeqFocus false`
⚠ [9206/9257] Replayed SparseSGD.Logistic.IncrementFluidBridge
warning: SparseSGD/Logistic/IncrementFluidBridge.lean:57:24: `Set.mem_setOf_eq` has been deprecated: Use `Set.mem_ofPred_eq` instead
⚠ [9209/9257] Replayed SparseSGD.Logistic.FluidScaling
warning: SparseSGD/Logistic/FluidScaling.lean:40:8: this tactic is never executed

Note: This linter can be disabled with `set_option linter.unreachableTactic false`
warning: SparseSGD/Logistic/FluidScaling.lean:61:20: Used `tac1 <;> tac2` where `(tac1; tac2)` would suffice

Note: This linter can be disabled with `set_option linter.unnecessarySeqFocus false`
warning: SparseSGD/Logistic/FluidScaling.lean:40:8: Unused tactic linter: `ring` does nothing

Note: This linter can be disabled with `set_option linter.unusedTactic false`
⚠ [9210/9257] Replayed SparseSGD.Logistic.IncrementFluidRates
warning: SparseSGD/Logistic/IncrementFluidRates.lean:38:105: Used `tac1 <;> tac2` where `(tac1; tac2)` would suffice

Note: This linter can be disabled with `set_option linter.unnecessarySeqFocus false`
warning: SparseSGD/Logistic/IncrementFluidRates.lean:39:35: Used `tac1 <;> tac2` where `(tac1; tac2)` would suffice

Note: This linter can be disabled with `set_option linter.unnecessarySeqFocus false`
warning: SparseSGD/Logistic/IncrementFluidRates.lean:114:40: Used `tac1 <;> tac2` where `(tac1; tac2)` would suffice

Note: This linter can be disabled with `set_option linter.unnecessarySeqFocus false`
⚠ [9211/9257] Replayed SparseSGD.Logistic.FluidClock
warning: SparseSGD/Logistic/FluidClock.lean:19:22: Used `tac1 <;> tac2` where `(tac1; tac2)` would suffice

Note: This linter can be disabled with `set_option linter.unnecessarySeqFocus false`
⚠ [9212/9257] Replayed SparseSGD.Logistic.FluidDeterministicPhysical
warning: SparseSGD/Logistic/FluidDeterministicPhysical.lean:25:95: Used `tac1 <;> tac2` where `(tac1; tac2)` would suffice

Note: This linter can be disabled with `set_option linter.unnecessarySeqFocus false`
warning: SparseSGD/Logistic/FluidDeterministicPhysical.lean:35:20: Used `tac1 <;> tac2` where `(tac1; tac2)` would suffice

Note: This linter can be disabled with `set_option linter.unnecessarySeqFocus false`
warning: SparseSGD/Logistic/FluidDeterministicPhysical.lean:35:29: Used `tac1 <;> tac2` where `(tac1; tac2)` would suffice

Note: This linter can be disabled with `set_option linter.unnecessarySeqFocus false`
warning: SparseSGD/Logistic/FluidDeterministicPhysical.lean:60:35: Used `tac1 <;> tac2` where `(tac1; tac2)` would suffice

Note: This linter can be disabled with `set_option linter.unnecessarySeqFocus false`
warning: SparseSGD/Logistic/FluidDeterministicPhysical.lean:60:69: Used `tac1 <;> tac2` where `(tac1; tac2)` would suffice

Note: This linter can be disabled with `set_option linter.unnecessarySeqFocus false`
⚠ [9213/9257] Replayed SparseSGD.Logistic.FluidConfidence
warning: SparseSGD/Logistic/FluidConfidence.lean:78:81: Used `tac1 <;> tac2` where `(tac1; tac2)` would suffice

Note: This linter can be disabled with `set_option linter.unnecessarySeqFocus false`
warning: SparseSGD/Logistic/FluidConfidence.lean:81:21: Used `tac1 <;> tac2` where `(tac1; tac2)` would suffice

Note: This linter can be disabled with `set_option linter.unnecessarySeqFocus false`
⚠ [9214/9257] Replayed SparseSGD.Logistic.FluidDeterministicStateTaylor
warning: SparseSGD/Logistic/FluidDeterministicStateTaylor.lean:127:27: Used `tac1 <;> tac2` where `(tac1; tac2)` would suffice

Note: This linter can be disabled with `set_option linter.unnecessarySeqFocus false`
⚠ [9216/9257] Replayed SparseSGD.Logistic.FluidDeterministicRealization
warning: SparseSGD/Logistic/FluidDeterministicRealization.lean:24:12: This simp argument is unused:
  PiLp.single_apply

Hint: Omit it from the simp argument list.
  [apply] simp [hneq, hneq.symm]

Note: This linter can be disabled with `set_option linter.unusedSimpArgs false`
warning: SparseSGD/Logistic/FluidDeterministicRealization.lean:24:30: This simp argument is unused:
  hneq

Hint: Omit it from the simp argument list.
  [apply] simp [PiLp.single_apply, hneq.symm]

Note: This linter can be disabled with `set_option linter.unusedSimpArgs false`
warning: SparseSGD/Logistic/FluidDeterministicRealization.lean:29:27: This simp argument is unused:
  PiLp.single_apply

Hint: Omit it from the simp argument list.
  [apply] simp [PiLp.norm_single, hneq, hneq.symm, Real.sq_sqrt hR]

Note: This linter can be disabled with `set_option linter.unusedSimpArgs false`
warning: SparseSGD/Logistic/FluidDeterministicRealization.lean:29:50: This simp argument is unused:
  hneq.symm

Hint: Omit it from the simp argument list.
  [apply] simp [PiLp.norm_single, PiLp.single_apply, hneq, Real.sq_sqrt hR]

Note: This linter can be disabled with `set_option linter.unusedSimpArgs false`
⚠ [9217/9257] Replayed SparseSGD.Logistic.FluidDimensionRate
warning: SparseSGD/Logistic/FluidDimensionRate.lean:100:40: Used `tac1 <;> tac2` where `(tac1; tac2)` would suffice

Note: This linter can be disabled with `set_option linter.unnecessarySeqFocus false`
warning: SparseSGD/Logistic/FluidDimensionRate.lean:105:23: Used `tac1 <;> tac2` where `(tac1; tac2)` would suffice

Note: This linter can be disabled with `set_option linter.unnecessarySeqFocus false`
⚠ [9218/9257] Replayed SparseSGD.Logistic.FluidDeterministicTransport
warning: SparseSGD/Logistic/FluidDeterministicTransport.lean:13:64: This simp argument is unused:
  hd

Hint: Omit it from the simp argument list.
  [apply] simp [dynamicToMatched, matchedToDynamic]

Note: This linter can be disabled with `set_option linter.unusedSimpArgs false`
warning: SparseSGD/Logistic/FluidDeterministicTransport.lean:16:72: this tactic is never executed

Note: This linter can be disabled with `set_option linter.unreachableTactic false`
warning: SparseSGD/Logistic/FluidDeterministicTransport.lean:16:72: Unused tactic linter: `field_simp [hd]` does nothing

Note: This linter can be disabled with `set_option linter.unusedTactic false`
warning: SparseSGD/Logistic/FluidDeterministicTransport.lean:46:58: This simp argument is unused:
  abs_mul

Hint: Omit it from the simp argument list.
  [apply] simp [dynamicToMatched, Real.norm_eq_abs, abs_pow]

Note: This linter can be disabled with `set_option linter.unusedSimpArgs false`
warning: SparseSGD/Logistic/FluidDeterministicTransport.lean:46:66: This simp argument is unused:
  abs_pow

Hint: Omit it from the simp argument list.
  [apply] simp [dynamicToMatched, Real.norm_eq_abs, abs_mul]

Note: This linter can be disabled with `set_option linter.unusedSimpArgs false`
⚠ [9219/9257] Replayed SparseSGD.Logistic.FluidDeterministicSlowTransport
warning: SparseSGD/Logistic/FluidDeterministicSlowTransport.lean:16:76: Used `tac1 <;> tac2` where `(tac1; tac2)` would suffice

Note: This linter can be disabled with `set_option linter.unnecessarySeqFocus false`
warning: SparseSGD/Logistic/FluidDeterministicSlowTransport.lean:35:55: This simp argument is unused:
  abs_mul

Hint: Omit it from the simp argument list.
  [apply] simp [slowToMatched, Real.norm_eq_abs]

Note: This linter can be disabled with `set_option linter.unusedSimpArgs false`
⚠ [9220/9257] Replayed SparseSGD.Logistic.FluidDeterministicSlowContainmentCore
warning: SparseSGD/Logistic/FluidDeterministicSlowContainmentCore.lean:7:31: Variable name `hh` is not explicitly referenced.

Hint: The binding can be removed (if unused) or named `_` (if used implicitly). Alternatively, prefix the name with `_` to silence this warning:
  [apply] _hh

Note: This linter can be disabled with `set_option linter.unusedVariables false`
⚠ [9221/9257] Replayed SparseSGD.Logistic.FluidDeterministicSlowContainment
warning: SparseSGD/Logistic/FluidDeterministicSlowContainment.lean:15:7: Variable name `S` is not explicitly referenced.

Hint: The binding can be removed (if unused) or named `_` (if used implicitly). Alternatively, prefix the name with `_` to silence this warning:
  [apply] _S

Note: This linter can be disabled with `set_option linter.unusedVariables false`
⚠ [9222/9257] Replayed SparseSGD.Logistic.FluidDeterministicRegularContainment
warning: SparseSGD/Logistic/FluidDeterministicRegularContainment.lean:16:7: Variable name `S` is not explicitly referenced.

Hint: The binding can be removed (if unused) or named `_` (if used implicitly). Alternatively, prefix the name with `_` to silence this warning:
  [apply] _S

Note: This linter can be disabled with `set_option linter.unusedVariables false`
⚠ [9223/9257] Replayed SparseSGD.Logistic.IncrementFluidMapBounds
warning: SparseSGD/Logistic/IncrementFluidMapBounds.lean:34:67: `ContinuousLinearMap.add_apply` has been deprecated: Use `add_apply` instead

Note: The updated constant is in a different namespace. Dot notation may need to be changed (e.g., from `x.add_apply` to `add_apply x`).
warning: SparseSGD/Logistic/IncrementFluidMapBounds.lean:36:114: Used `tac1 <;> tac2` where `(tac1; tac2)` would suffice

Note: This linter can be disabled with `set_option linter.unnecessarySeqFocus false`
warning: SparseSGD/Logistic/IncrementFluidMapBounds.lean:49:17: `ContinuousLinearMap.smul_apply` has been deprecated: Use `smul_apply` instead

Note: The updated constant is in a different namespace. Dot notation may need to be changed (e.g., from `x.smul_apply` to `smul_apply x`).
warning: SparseSGD/Logistic/IncrementFluidMapBounds.lean:51:86: Used `tac1 <;> tac2` where `(tac1; tac2)` would suffice

Note: This linter can be disabled with `set_option linter.unnecessarySeqFocus false`
warning: SparseSGD/Logistic/IncrementFluidMapBounds.lean:53:73: Variable name `hT` is not explicitly referenced.

Hint: The binding can be removed (if unused) or named `_` (if used implicitly). Alternatively, prefix the name with `_` to silence this warning:
  [apply] _hT

Note: This linter can be disabled with `set_option linter.unusedVariables false`
warning: SparseSGD/Logistic/IncrementFluidMapBounds.lean:89:17: `ContinuousLinearMap.add_apply` has been deprecated: Use `add_apply` instead

Note: The updated constant is in a different namespace. Dot notation may need to be changed (e.g., from `x.add_apply` to `add_apply x`).
warning: SparseSGD/Logistic/IncrementFluidMapBounds.lean:89:47: `ContinuousLinearMap.smul_apply` has been deprecated: Use `smul_apply` instead

Note: The updated constant is in a different namespace. Dot notation may need to be changed (e.g., from `x.smul_apply` to `smul_apply x`).
warning: SparseSGD/Logistic/IncrementFluidMapBounds.lean:93:99: Used `tac1 <;> tac2` where `(tac1; tac2)` would suffice

Note: This linter can be disabled with `set_option linter.unnecessarySeqFocus false`
warning: SparseSGD/Logistic/IncrementFluidMapBounds.lean:96:99: Used `tac1 <;> tac2` where `(tac1; tac2)` would suffice

Note: This linter can be disabled with `set_option linter.unnecessarySeqFocus false`
warning: SparseSGD/Logistic/IncrementFluidMapBounds.lean:100:47: Used `tac1 <;> tac2` where `(tac1; tac2)` would suffice

Note: This linter can be disabled with `set_option linter.unnecessarySeqFocus false`
warning: SparseSGD/Logistic/IncrementFluidMapBounds.lean:113:25: this tactic is never executed

Note: This linter can be disabled with `set_option linter.unreachableTactic false`
warning: SparseSGD/Logistic/IncrementFluidMapBounds.lean:114:26: Used `tac1 <;> tac2` where `(tac1; tac2)` would suffice

Note: This linter can be disabled with `set_option linter.unnecessarySeqFocus false`
warning: SparseSGD/Logistic/IncrementFluidMapBounds.lean:113:25: Unused tactic linter: `positivity` does nothing

Note: This linter can be disabled with `set_option linter.unusedTactic false`
warning: SparseSGD/Logistic/IncrementFluidMapBounds.lean:149:12: Variable name `u` is not explicitly referenced.

Hint: The binding can be removed (if unused) or named `_` (if used implicitly). Alternatively, prefix the name with `_` to silence this warning:
  [apply] _u

Note: This linter can be disabled with `set_option linter.unusedVariables false`
warning: SparseSGD/Logistic/IncrementFluidMapBounds.lean:314:43: `ContinuousLinearMap.add_apply` has been deprecated: Use `add_apply` instead

Note: The updated constant is in a different namespace. Dot notation may need to be changed (e.g., from `x.add_apply` to `add_apply x`).
warning: SparseSGD/Logistic/IncrementFluidMapBounds.lean:314:73: `ContinuousLinearMap.smul_apply` has been deprecated: Use `smul_apply` instead

Note: The updated constant is in a different namespace. Dot notation may need to be changed (e.g., from `x.smul_apply` to `smul_apply x`).
warning: SparseSGD/Logistic/IncrementFluidMapBounds.lean:305:67: Used `tac1 <;> tac2` where `(tac1; tac2)` would suffice

Note: This linter can be disabled with `set_option linter.unnecessarySeqFocus false`
⚠ [9227/9257] Replayed SparseSGD.Logistic.IncrementFluidAutomatic
info: SparseSGD/Logistic/IncrementFluidAutomatic.lean:78:63: Try this:
  [apply] ring_nf
  
  The `ring` tactic failed to close the goal. Use `ring_nf` to obtain a normal form.
    
  Note that `ring` works primarily in *commutative* rings. If you have a noncommutative ring, abelian group or module, consider using `noncomm_ring`, `abel` or `module` instead.
warning: SparseSGD/Logistic/IncrementFluidAutomatic.lean:29:7: Variable name `H` is not explicitly referenced.

Hint: The binding can be removed (if unused) or named `_` (if used implicitly). Alternatively, prefix the name with `_` to silence this warning:
  [apply] _H

Note: This linter can be disabled with `set_option linter.unusedVariables false`
warning: SparseSGD/Logistic/IncrementFluidAutomatic.lean:30:7: Variable name `Ho` is not explicitly referenced.

Hint: The binding can be removed (if unused) or named `_` (if used implicitly). Alternatively, prefix the name with `_` to silence this warning:
  [apply] _Ho

Note: This linter can be disabled with `set_option linter.unusedVariables false`
warning: SparseSGD/Logistic/IncrementFluidAutomatic.lean:31:7: Variable name `G` is not explicitly referenced.

Hint: The binding can be removed (if unused) or named `_` (if used implicitly). Alternatively, prefix the name with `_` to silence this warning:
  [apply] _G

Note: This linter can be disabled with `set_option linter.unusedVariables false`
warning: SparseSGD/Logistic/IncrementFluidAutomatic.lean:32:7: Variable name `S` is not explicitly referenced.

Hint: The binding can be removed (if unused) or named `_` (if used implicitly). Alternatively, prefix the name with `_` to silence this warning:
  [apply] _S

Note: This linter can be disabled with `set_option linter.unusedVariables false`
warning: SparseSGD/Logistic/IncrementFluidAutomatic.lean:33:7: Variable name `S2` is not explicitly referenced.

Hint: The binding can be removed (if unused) or named `_` (if used implicitly). Alternatively, prefix the name with `_` to silence this warning:
  [apply] _S2

Note: This linter can be disabled with `set_option linter.unusedVariables false`
warning: SparseSGD/Logistic/IncrementFluidAutomatic.lean:34:7: Variable name `F` is not explicitly referenced.

Hint: The binding can be removed (if unused) or named `_` (if used implicitly). Alternatively, prefix the name with `_` to silence this warning:
  [apply] _F

Note: This linter can be disabled with `set_option linter.unusedVariables false`
warning: SparseSGD/Logistic/IncrementFluidAutomatic.lean:71:58: Used `tac1 <;> tac2` where `(tac1; tac2)` would suffice

Note: This linter can be disabled with `set_option linter.unnecessarySeqFocus false`
warning: SparseSGD/Logistic/IncrementFluidAutomatic.lean:78:23: Used `tac1 <;> tac2` where `(tac1; tac2)` would suffice

Note: This linter can be disabled with `set_option linter.unnecessarySeqFocus false`
warning: SparseSGD/Logistic/IncrementFluidAutomatic.lean:78:59: Used `tac1 <;> tac2` where `(tac1; tac2)` would suffice

Note: This linter can be disabled with `set_option linter.unnecessarySeqFocus false`
warning: SparseSGD/Logistic/IncrementFluidAutomatic.lean:148:7: Variable name `H` is not explicitly referenced.

Hint: The binding can be removed (if unused) or named `_` (if used implicitly). Alternatively, prefix the name with `_` to silence this warning:
  [apply] _H

Note: This linter can be disabled with `set_option linter.unusedVariables false`
warning: SparseSGD/Logistic/IncrementFluidAutomatic.lean:149:7: Variable name `Ho` is not explicitly referenced.

Hint: The binding can be removed (if unused) or named `_` (if used implicitly). Alternatively, prefix the name with `_` to silence this warning:
  [apply] _Ho

Note: This linter can be disabled with `set_option linter.unusedVariables false`
warning: SparseSGD/Logistic/IncrementFluidAutomatic.lean:150:7: Variable name `G` is not explicitly referenced.

Hint: The binding can be removed (if unused) or named `_` (if used implicitly). Alternatively, prefix the name with `_` to silence this warning:
  [apply] _G

Note: This linter can be disabled with `set_option linter.unusedVariables false`
warning: SparseSGD/Logistic/IncrementFluidAutomatic.lean:151:7: Variable name `S` is not explicitly referenced.

Hint: The binding can be removed (if unused) or named `_` (if used implicitly). Alternatively, prefix the name with `_` to silence this warning:
  [apply] _S

Note: This linter can be disabled with `set_option linter.unusedVariables false`
warning: SparseSGD/Logistic/IncrementFluidAutomatic.lean:152:7: Variable name `S2` is not explicitly referenced.

Hint: The binding can be removed (if unused) or named `_` (if used implicitly). Alternatively, prefix the name with `_` to silence this warning:
  [apply] _S2

Note: This linter can be disabled with `set_option linter.unusedVariables false`
warning: SparseSGD/Logistic/IncrementFluidAutomatic.lean:153:7: Variable name `F` is not explicitly referenced.

Hint: The binding can be removed (if unused) or named `_` (if used implicitly). Alternatively, prefix the name with `_` to silence this warning:
  [apply] _F

Note: This linter can be disabled with `set_option linter.unusedVariables false`
⚠ [9230/9257] Replayed SparseSGD.Logistic.FluidDeterministicRegularFamily
warning: SparseSGD/Logistic/FluidDeterministicRegularFamily.lean:11:24: Variable name `hPhi` is not explicitly referenced.

Hint: The binding can be removed (if unused) or named `_` (if used implicitly). Alternatively, prefix the name with `_` to silence this warning:
  [apply] _hPhi

Note: This linter can be disabled with `set_option linter.unusedVariables false`
warning: SparseSGD/Logistic/FluidDeterministicRegularFamily.lean:16:7: Variable name `S` is not explicitly referenced.

Hint: The binding can be removed (if unused) or named `_` (if used implicitly). Alternatively, prefix the name with `_` to silence this warning:
  [apply] _S

Note: This linter can be disabled with `set_option linter.unusedVariables false`
warning: SparseSGD/Logistic/FluidDeterministicRegularFamily.lean:114:23: Used `tac1 <;> tac2` where `(tac1; tac2)` would suffice

Note: This linter can be disabled with `set_option linter.unnecessarySeqFocus false`
⚠ [9231/9257] Replayed SparseSGD.Logistic.FluidDeterministicRegularEventually
warning: SparseSGD/Logistic/FluidDeterministicRegularEventually.lean:18:10: Variable name `d` is not explicitly referenced.

Hint: The binding can be removed (if unused) or named `_` (if used implicitly). Alternatively, prefix the name with `_` to silence this warning:
  [apply] _d

Note: This linter can be disabled with `set_option linter.unusedVariables false`
⚠ [9233/9257] Replayed SparseSGD.Logistic.FluidDeterministicSlowLoadCore
warning: SparseSGD/Logistic/FluidDeterministicSlowLoadCore.lean:121:31: Used `tac1 <;> tac2` where `(tac1; tac2)` would suffice

Note: This linter can be disabled with `set_option linter.unnecessarySeqFocus false`
⚠ [9234/9257] Replayed SparseSGD.Logistic.FluidDeterministicSlowFamily
warning: SparseSGD/Logistic/FluidDeterministicSlowFamily.lean:15:7: Variable name `S` is not explicitly referenced.

Hint: The binding can be removed (if unused) or named `_` (if used implicitly). Alternatively, prefix the name with `_` to silence this warning:
  [apply] _S

Note: This linter can be disabled with `set_option linter.unusedVariables false`
⚠ [9235/9257] Replayed SparseSGD.Logistic.FluidDeterministicSlowEventually
warning: SparseSGD/Logistic/FluidDeterministicSlowEventually.lean:17:10: Variable name `d` is not explicitly referenced.

Hint: The binding can be removed (if unused) or named `_` (if used implicitly). Alternatively, prefix the name with `_` to silence this warning:
  [apply] _d

Note: This linter can be disabled with `set_option linter.unusedVariables false`
⚠ [9237/9257] Replayed SparseSGD.Logistic.DynamicPhysical
warning: SparseSGD/Logistic/DynamicPhysical.lean:58:32: Used `tac1 <;> tac2` where `(tac1; tac2)` would suffice

Note: This linter can be disabled with `set_option linter.unnecessarySeqFocus false`
warning: SparseSGD/Logistic/DynamicPhysical.lean:111:95: Used `tac1 <;> tac2` where `(tac1; tac2)` would suffice

Note: This linter can be disabled with `set_option linter.unnecessarySeqFocus false`
warning: SparseSGD/Logistic/DynamicPhysical.lean:127:20: Used `tac1 <;> tac2` where `(tac1; tac2)` would suffice

Note: This linter can be disabled with `set_option linter.unnecessarySeqFocus false`
warning: SparseSGD/Logistic/DynamicPhysical.lean:127:29: Used `tac1 <;> tac2` where `(tac1; tac2)` would suffice

Note: This linter can be disabled with `set_option linter.unnecessarySeqFocus false`
warning: SparseSGD/Logistic/DynamicPhysical.lean:142:54: Used `tac1 <;> tac2` where `(tac1; tac2)` would suffice

Note: This linter can be disabled with `set_option linter.unnecessarySeqFocus false`
⚠ [9241/9257] Replayed SparseSGD.Scaling.FluidPowerParameters
warning: SparseSGD/Scaling/FluidPowerParameters.lean:121:33: Variable name `heta` is not explicitly referenced.

Hint: The binding can be removed (if unused) or named `_` (if used implicitly). Alternatively, prefix the name with `_` to silence this warning:
  [apply] _heta

Note: This linter can be disabled with `set_option linter.unusedVariables false`
warning: SparseSGD/Scaling/FluidPowerParameters.lean:171:66: This simp argument is unused:
  hpd

Hint: Omit it from the simp argument list.
  [apply] simp [lsPowerParams, SparseSGD.Params.eps, lsCurvature, scaledMomentum, scaledRetention, scaledLearningRate,
    scaledSparsity, lsDelta]

Note: This linter can be disabled with `set_option linter.unusedSimpArgs false`
warning: SparseSGD/Scaling/FluidPowerParameters.lean:206:4: try 'simp' instead of 'simpa'

Note: This linter can be disabled with `set_option linter.unnecessarySimpa false`
⚠ [9243/9257] Replayed SparseSGD.Logistic.WarmCoordinates
warning: SparseSGD/Logistic/WarmCoordinates.lean:18:20: Used `tac1 <;> tac2` where `(tac1; tac2)` would suffice

Note: This linter can be disabled with `set_option linter.unnecessarySeqFocus false`
warning: SparseSGD/Logistic/WarmCoordinates.lean:18:53: Used `tac1 <;> tac2` where `(tac1; tac2)` would suffice

Note: This linter can be disabled with `set_option linter.unnecessarySeqFocus false`
warning: SparseSGD/Logistic/WarmCoordinates.lean:105:20: Used `tac1 <;> tac2` where `(tac1; tac2)` would suffice

Note: This linter can be disabled with `set_option linter.unnecessarySeqFocus false`
⚠ [9244/9257] Replayed SparseSGD.Logistic.WarmDriftBounds
warning: SparseSGD/Logistic/WarmDriftBounds.lean:31:15: `ContinuousLinearMap.sub_apply` has been deprecated: Use `sub_apply` instead

Note: The updated constant is in a different namespace. Dot notation may need to be changed (e.g., from `x.sub_apply` to `sub_apply x`).
⚠ [9245/9257] Replayed SparseSGD.Logistic.FluidDeterministicWarmEventually
info: SparseSGD/Logistic/FluidDeterministicWarmEventually.lean:54:37: Try this:
  [apply] ring_nf
  
  The `ring` tactic failed to close the goal. Use `ring_nf` to obtain a normal form.
    
  Note that `ring` works primarily in *commutative* rings. If you have a noncommutative ring, abelian group or module, consider using `noncomm_ring`, `abel` or `module` instead.
warning: SparseSGD/Logistic/FluidDeterministicWarmEventually.lean:21:10: Variable name `d` is not explicitly referenced.

Hint: The binding can be removed (if unused) or named `_` (if used implicitly). Alternatively, prefix the name with `_` to silence this warning:
  [apply] _d

Note: This linter can be disabled with `set_option linter.unusedVariables false`
⚠ [9247/9257] Replayed SparseSGD.Logistic.FluidTameFamily
warning: SparseSGD/Logistic/FluidTameFamily.lean:25:5: Variable name `F` is not explicitly referenced.

Hint: The binding can be removed (if unused) or named `_` (if used implicitly). Alternatively, prefix the name with `_` to silence this warning:
  [apply] _F

Note: This linter can be disabled with `set_option linter.unusedVariables false`
warning: SparseSGD/Logistic/FluidTameFamily.lean:28:7: Variable name `hB` is not explicitly referenced.

Hint: The binding can be removed (if unused) or named `_` (if used implicitly). Alternatively, prefix the name with `_` to silence this warning:
  [apply] _hB

Note: This linter can be disabled with `set_option linter.unusedVariables false`
warning: SparseSGD/Logistic/FluidTameFamily.lean:29:5: Variable name `heta` is not explicitly referenced.

Hint: The binding can be removed (if unused) or named `_` (if used implicitly). Alternatively, prefix the name with `_` to silence this warning:
  [apply] _heta

Note: This linter can be disabled with `set_option linter.unusedVariables false`
warning: SparseSGD/Logistic/FluidTameFamily.lean:30:5: Variable name `hbeta` is not explicitly referenced.

Hint: The binding can be removed (if unused) or named `_` (if used implicitly). Alternatively, prefix the name with `_` to silence this warning:
  [apply] _hbeta

Note: This linter can be disabled with `set_option linter.unusedVariables false`
warning: SparseSGD/Logistic/FluidTameFamily.lean:31:5: Variable name `hp` is not explicitly referenced.

Hint: The binding can be removed (if unused) or named `_` (if used implicitly). Alternatively, prefix the name with `_` to silence this warning:
  [apply] _hp

Note: This linter can be disabled with `set_option linter.unusedVariables false`
warning: SparseSGD/Logistic/FluidTameFamily.lean:32:5: Variable name `hmu` is not explicitly referenced.

Hint: The binding can be removed (if unused) or named `_` (if used implicitly). Alternatively, prefix the name with `_` to silence this warning:
  [apply] _hmu

Note: This linter can be disabled with `set_option linter.unusedVariables false`
warning: SparseSGD/Logistic/FluidTameFamily.lean:33:5: Variable name `hPhi` is not explicitly referenced.

Hint: The binding can be removed (if unused) or named `_` (if used implicitly). Alternatively, prefix the name with `_` to silence this warning:
  [apply] _hPhi

Note: This linter can be disabled with `set_option linter.unusedVariables false`
warning: SparseSGD/Logistic/FluidTameFamily.lean:34:5: Variable name `hpSmall` is not explicitly referenced.

Hint: The binding can be removed (if unused) or named `_` (if used implicitly). Alternatively, prefix the name with `_` to silence this warning:
  [apply] _hpSmall

Note: This linter can be disabled with `set_option linter.unusedVariables false`
warning: SparseSGD/Logistic/FluidTameFamily.lean:35:5: Variable name `hz0` is not explicitly referenced.

Hint: The binding can be removed (if unused) or named `_` (if used implicitly). Alternatively, prefix the name with `_` to silence this warning:
  [apply] _hz0

Note: This linter can be disabled with `set_option linter.unusedVariables false`
warning: SparseSGD/Logistic/FluidTameFamily.lean:36:5: Variable name `hetaSize` is not explicitly referenced.

Hint: The binding can be removed (if unused) or named `_` (if used implicitly). Alternatively, prefix the name with `_` to silence this warning:
  [apply] _hetaSize

Note: This linter can be disabled with `set_option linter.unusedVariables false`
warning: SparseSGD/Logistic/FluidTameFamily.lean:37:5: Variable name `hN` is not explicitly referenced.

Hint: The binding can be removed (if unused) or named `_` (if used implicitly). Alternatively, prefix the name with `_` to silence this warning:
  [apply] _hN

Note: This linter can be disabled with `set_option linter.unusedVariables false`
warning: SparseSGD/Logistic/FluidTameFamily.lean:38:5: Variable name `hpoly` is not explicitly referenced.

Hint: The binding can be removed (if unused) or named `_` (if used implicitly). Alternatively, prefix the name with `_` to silence this warning:
  [apply] _hpoly

Note: This linter can be disabled with `set_option linter.unusedVariables false`
warning: SparseSGD/Logistic/FluidTameFamily.lean:39:5: Variable name `hclock` is not explicitly referenced.

Hint: The binding can be removed (if unused) or named `_` (if used implicitly). Alternatively, prefix the name with `_` to silence this warning:
  [apply] _hclock

Note: This linter can be disabled with `set_option linter.unusedVariables false`
warning: SparseSGD/Logistic/FluidTameFamily.lean:40:5: Variable name `href` is not explicitly referenced.

Hint: The binding can be removed (if unused) or named `_` (if used implicitly). Alternatively, prefix the name with `_` to silence this warning:
  [apply] _href

Note: This linter can be disabled with `set_option linter.unusedVariables false`
⚠ [9248/9257] Replayed SparseSGD.Logistic.FluidDeterministicTameRegular
warning: SparseSGD/Logistic/FluidDeterministicTameRegular.lean:17:10: Variable name `d` is not explicitly referenced.

Hint: The binding can be removed (if unused) or named `_` (if used implicitly). Alternatively, prefix the name with `_` to silence this warning:
  [apply] _d

Note: This linter can be disabled with `set_option linter.unusedVariables false`
warning: SparseSGD/Logistic/FluidDeterministicTameRegular.lean:18:5: Variable name `hparams` is not explicitly referenced.

Hint: The binding can be removed (if unused) or named `_` (if used implicitly). Alternatively, prefix the name with `_` to silence this warning:
  [apply] _hparams

Note: This linter can be disabled with `set_option linter.unusedVariables false`
warning: SparseSGD/Logistic/FluidDeterministicTameRegular.lean:20:5: Variable name `hinit` is not explicitly referenced.

Hint: The binding can be removed (if unused) or named `_` (if used implicitly). Alternatively, prefix the name with `_` to silence this warning:
  [apply] _hinit

Note: This linter can be disabled with `set_option linter.unusedVariables false`
warning: SparseSGD/Logistic/FluidDeterministicTameRegular.lean:22:5: Variable name `hrec` is not explicitly referenced.

Hint: The binding can be removed (if unused) or named `_` (if used implicitly). Alternatively, prefix the name with `_` to silence this warning:
  [apply] _hrec

Note: This linter can be disabled with `set_option linter.unusedVariables false`
warning: SparseSGD/Logistic/FluidDeterministicTameRegular.lean:23:5: Variable name `hclock` is not explicitly referenced.

Hint: The binding can be removed (if unused) or named `_` (if used implicitly). Alternatively, prefix the name with `_` to silence this warning:
  [apply] _hclock

Note: This linter can be disabled with `set_option linter.unusedVariables false`
warning: SparseSGD/Logistic/FluidDeterministicTameRegular.lean:24:5: Variable name `hdlim` is not explicitly referenced.

Hint: The binding can be removed (if unused) or named `_` (if used implicitly). Alternatively, prefix the name with `_` to silence this warning:
  [apply] _hdlim

Note: This linter can be disabled with `set_option linter.unusedVariables false`
warning: SparseSGD/Logistic/FluidDeterministicTameRegular.lean:25:5: Variable name `hPlim` is not explicitly referenced.

Hint: The binding can be removed (if unused) or named `_` (if used implicitly). Alternatively, prefix the name with `_` to silence this warning:
  [apply] _hPlim

Note: This linter can be disabled with `set_option linter.unusedVariables false`
warning: SparseSGD/Logistic/FluidDeterministicTameRegular.lean:26:5: Variable name `hepslim` is not explicitly referenced.

Hint: The binding can be removed (if unused) or named `_` (if used implicitly). Alternatively, prefix the name with `_` to silence this warning:
  [apply] _hepslim

Note: This linter can be disabled with `set_option linter.unusedVariables false`
warning: SparseSGD/Logistic/FluidDeterministicTameRegular.lean:27:5: Variable name `hpp` is not explicitly referenced.

Hint: The binding can be removed (if unused) or named `_` (if used implicitly). Alternatively, prefix the name with `_` to silence this warning:
  [apply] _hpp

Note: This linter can be disabled with `set_option linter.unusedVariables false`
warning: SparseSGD/Logistic/FluidDeterministicTameRegular.lean:70:20: Unused tactic linter: `change
  C *
      ((1 - beta d) + (p d : ℝ) * Ct + |eta d * (p d : ℝ) / (1 - beta d) - delta| +
        |dynamicSourceLoad d (B d) (eta d) - Phi|) ≤
    1` does nothing

Note: This linter can be disabled with `set_option linter.unusedTactic false`
⚠ [9249/9257] Replayed SparseSGD.Logistic.FluidDeterministicTameSlow
warning: SparseSGD/Logistic/FluidDeterministicTameSlow.lean:17:10: Variable name `d` is not explicitly referenced.

Hint: The binding can be removed (if unused) or named `_` (if used implicitly). Alternatively, prefix the name with `_` to silence this warning:
  [apply] _d

Note: This linter can be disabled with `set_option linter.unusedVariables false`
warning: SparseSGD/Logistic/FluidDeterministicTameSlow.lean:18:5: Variable name `hparams` is not explicitly referenced.

Hint: The binding can be removed (if unused) or named `_` (if used implicitly). Alternatively, prefix the name with `_` to silence this warning:
  [apply] _hparams

Note: This linter can be disabled with `set_option linter.unusedVariables false`
warning: SparseSGD/Logistic/FluidDeterministicTameSlow.lean:20:5: Variable name `hinit` is not explicitly referenced.

Hint: The binding can be removed (if unused) or named `_` (if used implicitly). Alternatively, prefix the name with `_` to silence this warning:
  [apply] _hinit

Note: This linter can be disabled with `set_option linter.unusedVariables false`
warning: SparseSGD/Logistic/FluidDeterministicTameSlow.lean:22:5: Variable name `hrec` is not explicitly referenced.

Hint: The binding can be removed (if unused) or named `_` (if used implicitly). Alternatively, prefix the name with `_` to silence this warning:
  [apply] _hrec

Note: This linter can be disabled with `set_option linter.unusedVariables false`
warning: SparseSGD/Logistic/FluidDeterministicTameSlow.lean:23:5: Variable name `hclock` is not explicitly referenced.

Hint: The binding can be removed (if unused) or named `_` (if used implicitly). Alternatively, prefix the name with `_` to silence this warning:
  [apply] _hclock

Note: This linter can be disabled with `set_option linter.unusedVariables false`
warning: SparseSGD/Logistic/FluidDeterministicTameSlow.lean:24:5: Variable name `hdlim` is not explicitly referenced.

Hint: The binding can be removed (if unused) or named `_` (if used implicitly). Alternatively, prefix the name with `_` to silence this warning:
  [apply] _hdlim

Note: This linter can be disabled with `set_option linter.unusedVariables false`
warning: SparseSGD/Logistic/FluidDeterministicTameSlow.lean:25:5: Variable name `hzlim` is not explicitly referenced.

Hint: The binding can be removed (if unused) or named `_` (if used implicitly). Alternatively, prefix the name with `_` to silence this warning:
  [apply] _hzlim

Note: This linter can be disabled with `set_option linter.unusedVariables false`
warning: SparseSGD/Logistic/FluidDeterministicTameSlow.lean:26:5: Variable name `hPlim` is not explicitly referenced.

Hint: The binding can be removed (if unused) or named `_` (if used implicitly). Alternatively, prefix the name with `_` to silence this warning:
  [apply] _hPlim

Note: This linter can be disabled with `set_option linter.unusedVariables false`
warning: SparseSGD/Logistic/FluidDeterministicTameSlow.lean:27:5: Variable name `hpp` is not explicitly referenced.

Hint: The binding can be removed (if unused) or named `_` (if used implicitly). Alternatively, prefix the name with `_` to silence this warning:
  [apply] _hpp

Note: This linter can be disabled with `set_option linter.unusedVariables false`
warning: SparseSGD/Logistic/FluidDeterministicTameSlow.lean:65:20: Unused tactic linter: `change (p d : ℝ) * Ct + |dynamicSourceLoad d (B d) (eta d) - Phi| ≤ 1 / 2` does nothing

Note: This linter can be disabled with `set_option linter.unusedTactic false`
warning: SparseSGD/Logistic/FluidDeterministicTameSlow.lean:66:20: Unused tactic linter: `change
  C *
      (eta d * (p d : ℝ) / (1 - beta d) + eta d * (p d : ℝ) + (p d : ℝ) * Ct +
        |dynamicSourceLoad d (B d) (eta d) - Phi|) ≤
    1` does nothing

Note: This linter can be disabled with `set_option linter.unusedTactic false`
⚠ [9250/9257] Replayed SparseSGD.Logistic.FluidDeterministicTameWarm
info: SparseSGD/Logistic/FluidDeterministicTameWarm.lean:59:37: Try this:
  [apply] ring_nf
  
  The `ring` tactic failed to close the goal. Use `ring_nf` to obtain a normal form.
    
  Note that `ring` works primarily in *commutative* rings. If you have a noncommutative ring, abelian group or module, consider using `noncomm_ring`, `abel` or `module` instead.
warning: SparseSGD/Logistic/FluidDeterministicTameWarm.lean:19:10: Variable name `d` is not explicitly referenced.

Hint: The binding can be removed (if unused) or named `_` (if used implicitly). Alternatively, prefix the name with `_` to silence this warning:
  [apply] _d

Note: This linter can be disabled with `set_option linter.unusedVariables false`
warning: SparseSGD/Logistic/FluidDeterministicTameWarm.lean:20:5: Variable name `hparams` is not explicitly referenced.

Hint: The binding can be removed (if unused) or named `_` (if used implicitly). Alternatively, prefix the name with `_` to silence this warning:
  [apply] _hparams

Note: This linter can be disabled with `set_option linter.unusedVariables false`
warning: SparseSGD/Logistic/FluidDeterministicTameWarm.lean:22:5: Variable name `hinit` is not explicitly referenced.

Hint: The binding can be removed (if unused) or named `_` (if used implicitly). Alternatively, prefix the name with `_` to silence this warning:
  [apply] _hinit

Note: This linter can be disabled with `set_option linter.unusedVariables false`
warning: SparseSGD/Logistic/FluidDeterministicTameWarm.lean:24:5: Variable name `hrec` is not explicitly referenced.

Hint: The binding can be removed (if unused) or named `_` (if used implicitly). Alternatively, prefix the name with `_` to silence this warning:
  [apply] _hrec

Note: This linter can be disabled with `set_option linter.unusedVariables false`
warning: SparseSGD/Logistic/FluidDeterministicTameWarm.lean:25:5: Variable name `hclock` is not explicitly referenced.

Hint: The binding can be removed (if unused) or named `_` (if used implicitly). Alternatively, prefix the name with `_` to silence this warning:
  [apply] _hclock

Note: This linter can be disabled with `set_option linter.unusedVariables false`
warning: SparseSGD/Logistic/FluidDeterministicTameWarm.lean:26:5: Variable name `hdlim` is not explicitly referenced.

Hint: The binding can be removed (if unused) or named `_` (if used implicitly). Alternatively, prefix the name with `_` to silence this warning:
  [apply] _hdlim

Note: This linter can be disabled with `set_option linter.unusedVariables false`
warning: SparseSGD/Logistic/FluidDeterministicTameWarm.lean:27:5: Variable name `hzlim` is not explicitly referenced.

Hint: The binding can be removed (if unused) or named `_` (if used implicitly). Alternatively, prefix the name with `_` to silence this warning:
  [apply] _hzlim

Note: This linter can be disabled with `set_option linter.unusedVariables false`
warning: SparseSGD/Logistic/FluidDeterministicTameWarm.lean:28:5: Variable name `hPlim` is not explicitly referenced.

Hint: The binding can be removed (if unused) or named `_` (if used implicitly). Alternatively, prefix the name with `_` to silence this warning:
  [apply] _hPlim

Note: This linter can be disabled with `set_option linter.unusedVariables false`
warning: SparseSGD/Logistic/FluidDeterministicTameWarm.lean:29:5: Variable name `hpp` is not explicitly referenced.

Hint: The binding can be removed (if unused) or named `_` (if used implicitly). Alternatively, prefix the name with `_` to silence this warning:
  [apply] _hpp

Note: This linter can be disabled with `set_option linter.unusedVariables false`
⚠ [9251/9257] Replayed SparseSGD.Logistic.FluidTameComplete
warning: SparseSGD/Logistic/FluidTameComplete.lean:33:5: Variable name `F` is not explicitly referenced.

Hint: The binding can be removed (if unused) or named `_` (if used implicitly). Alternatively, prefix the name with `_` to silence this warning:
  [apply] _F

Note: This linter can be disabled with `set_option linter.unusedVariables false`
warning: SparseSGD/Logistic/FluidTameComplete.lean:35:5: Variable name `hparams` is not explicitly referenced.

Hint: The binding can be removed (if unused) or named `_` (if used implicitly). Alternatively, prefix the name with `_` to silence this warning:
  [apply] _hparams

Note: This linter can be disabled with `set_option linter.unusedVariables false`
warning: SparseSGD/Logistic/FluidTameComplete.lean:37:5: Variable name `hinitial` is not explicitly referenced.

Hint: The binding can be removed (if unused) or named `_` (if used implicitly). Alternatively, prefix the name with `_` to silence this warning:
  [apply] _hinitial

Note: This linter can be disabled with `set_option linter.unusedVariables false`
warning: SparseSGD/Logistic/FluidTameComplete.lean:39:5: Variable name `hclock` is not explicitly referenced.

Hint: The binding can be removed (if unused) or named `_` (if used implicitly). Alternatively, prefix the name with `_` to silence this warning:
  [apply] _hclock

Note: This linter can be disabled with `set_option linter.unusedVariables false`
warning: SparseSGD/Logistic/FluidTameComplete.lean:40:5: Variable name `hdlim` is not explicitly referenced.

Hint: The binding can be removed (if unused) or named `_` (if used implicitly). Alternatively, prefix the name with `_` to silence this warning:
  [apply] _hdlim

Note: This linter can be disabled with `set_option linter.unusedVariables false`
warning: SparseSGD/Logistic/FluidTameComplete.lean:41:5: Variable name `hPlim` is not explicitly referenced.

Hint: The binding can be removed (if unused) or named `_` (if used implicitly). Alternatively, prefix the name with `_` to silence this warning:
  [apply] _hPlim

Note: This linter can be disabled with `set_option linter.unusedVariables false`
warning: SparseSGD/Logistic/FluidTameComplete.lean:42:5: Variable name `hepslim` is not explicitly referenced.

Hint: The binding can be removed (if unused) or named `_` (if used implicitly). Alternatively, prefix the name with `_` to silence this warning:
  [apply] _hepslim

Note: This linter can be disabled with `set_option linter.unusedVariables false`
warning: SparseSGD/Logistic/FluidTameComplete.lean:43:5: Variable name `hetaSize` is not explicitly referenced.

Hint: The binding can be removed (if unused) or named `_` (if used implicitly). Alternatively, prefix the name with `_` to silence this warning:
  [apply] _hetaSize

Note: This linter can be disabled with `set_option linter.unusedVariables false`
warning: SparseSGD/Logistic/FluidTameComplete.lean:44:5: Variable name `hN` is not explicitly referenced.

Hint: The binding can be removed (if unused) or named `_` (if used implicitly). Alternatively, prefix the name with `_` to silence this warning:
  [apply] _hN

Note: This linter can be disabled with `set_option linter.unusedVariables false`
warning: SparseSGD/Logistic/FluidTameComplete.lean:45:5: Variable name `hpoly` is not explicitly referenced.

Hint: The binding can be removed (if unused) or named `_` (if used implicitly). Alternatively, prefix the name with `_` to silence this warning:
  [apply] _hpoly

Note: This linter can be disabled with `set_option linter.unusedVariables false`
warning: SparseSGD/Logistic/FluidTameComplete.lean:46:5: Variable name `hpp` is not explicitly referenced.

Hint: The binding can be removed (if unused) or named `_` (if used implicitly). Alternatively, prefix the name with `_` to silence this warning:
  [apply] _hpp

Note: This linter can be disabled with `set_option linter.unusedVariables false`
warning: SparseSGD/Logistic/FluidTameComplete.lean:115:5: Variable name `F` is not explicitly referenced.

Hint: The binding can be removed (if unused) or named `_` (if used implicitly). Alternatively, prefix the name with `_` to silence this warning:
  [apply] _F

Note: This linter can be disabled with `set_option linter.unusedVariables false`
warning: SparseSGD/Logistic/FluidTameComplete.lean:117:5: Variable name `hparams` is not explicitly referenced.

Hint: The binding can be removed (if unused) or named `_` (if used implicitly). Alternatively, prefix the name with `_` to silence this warning:
  [apply] _hparams

Note: This linter can be disabled with `set_option linter.unusedVariables false`
warning: SparseSGD/Logistic/FluidTameComplete.lean:119:5: Variable name `hinitial` is not explicitly referenced.

Hint: The binding can be removed (if unused) or named `_` (if used implicitly). Alternatively, prefix the name with `_` to silence this warning:
  [apply] _hinitial

Note: This linter can be disabled with `set_option linter.unusedVariables false`
warning: SparseSGD/Logistic/FluidTameComplete.lean:122:5: Variable name `hclock` is not explicitly referenced.

Hint: The binding can be removed (if unused) or named `_` (if used implicitly). Alternatively, prefix the name with `_` to silence this warning:
  [apply] _hclock

Note: This linter can be disabled with `set_option linter.unusedVariables false`
warning: SparseSGD/Logistic/FluidTameComplete.lean:123:5: Variable name `hdlim` is not explicitly referenced.

Hint: The binding can be removed (if unused) or named `_` (if used implicitly). Alternatively, prefix the name with `_` to silence this warning:
  [apply] _hdlim

Note: This linter can be disabled with `set_option linter.unusedVariables false`
warning: SparseSGD/Logistic/FluidTameComplete.lean:124:5: Variable name `hzlim` is not explicitly referenced.

Hint: The binding can be removed (if unused) or named `_` (if used implicitly). Alternatively, prefix the name with `_` to silence this warning:
  [apply] _hzlim

Note: This linter can be disabled with `set_option linter.unusedVariables false`
warning: SparseSGD/Logistic/FluidTameComplete.lean:125:5: Variable name `hPlim` is not explicitly referenced.

Hint: The binding can be removed (if unused) or named `_` (if used implicitly). Alternatively, prefix the name with `_` to silence this warning:
  [apply] _hPlim

Note: This linter can be disabled with `set_option linter.unusedVariables false`
warning: SparseSGD/Logistic/FluidTameComplete.lean:126:5: Variable name `hetaSize` is not explicitly referenced.

Hint: The binding can be removed (if unused) or named `_` (if used implicitly). Alternatively, prefix the name with `_` to silence this warning:
  [apply] _hetaSize

Note: This linter can be disabled with `set_option linter.unusedVariables false`
warning: SparseSGD/Logistic/FluidTameComplete.lean:127:5: Variable name `hN` is not explicitly referenced.

Hint: The binding can be removed (if unused) or named `_` (if used implicitly). Alternatively, prefix the name with `_` to silence this warning:
  [apply] _hN

Note: This linter can be disabled with `set_option linter.unusedVariables false`
warning: SparseSGD/Logistic/FluidTameComplete.lean:128:5: Variable name `hpoly` is not explicitly referenced.

Hint: The binding can be removed (if unused) or named `_` (if used implicitly). Alternatively, prefix the name with `_` to silence this warning:
  [apply] _hpoly

Note: This linter can be disabled with `set_option linter.unusedVariables false`
warning: SparseSGD/Logistic/FluidTameComplete.lean:129:5: Variable name `hpp` is not explicitly referenced.

Hint: The binding can be removed (if unused) or named `_` (if used implicitly). Alternatively, prefix the name with `_` to silence this warning:
  [apply] _hpp

Note: This linter can be disabled with `set_option linter.unusedVariables false`
⚠ [9252/9257] Replayed SparseSGD.Scaling.FluidPowerTameParameters
warning: SparseSGD/Scaling/FluidPowerTameParameters.lean:15:22: Variable name `hp1` is not explicitly referenced.

Hint: The binding can be removed (if unused) or named `_` (if used implicitly). Alternatively, prefix the name with `_` to silence this warning:
  [apply] _hp1

Note: This linter can be disabled with `set_option linter.unusedVariables false`
Build completed successfully (9257 jobs).

$ lake env lean Audit.lean
Audited 4501 SparseSGD declarations (3766 theorems); only standard Lean axioms.

$ lake env lean .lake/obligation-check-q10qmf7r.lean
SparseSGD.External.mean_powers_tendsto_zero (jury : SparseSGD.External.JuryStability) (p : SparseSGD.Params)
  (hb : p.beta < 1) (hw : 0 < p.w) (hceiling : p.w < 2 * (1 + p.beta)) :
  Filter.Tendsto (fun n => p.meanMatrix ^ n) Filter.atTop (nhds 0)
SparseSGD.Logistic.LRWindowInput : Type
SparseSGD.Logistic.SourceAssumptionS : Prop
SparseSGD.Logistic.SourceAssumptionW : Prop
SparseSGD.Logistic.actual_drift_fixedPoint_bulk {d B : ℕ} (H : SparseSGD.External.GaussianSteinCertificate d)
  (hB : 0 < B) (eta beta : ℝ) (p : ↑unitInterval) (mu : SparseSGD.Logistic.Vec d) (s : SparseSGD.Logistic.State d)
  (hr : 0 < SparseSGD.Logistic.r mu) (heta : eta ≠ 0) (hbeta : beta ≠ 1) (hb : 1 + beta ≠ 0) (hp0 : 0 < ↑p)
  (hp1 : ↑p < 1) (hu : (SparseSGD.Logistic.driftParams eta beta p mu s.1).totalLoad ≠ 1)
  (hbulk :
    (SparseSGD.Logistic.integratedGram (SparseSGD.Logistic.batchLaw d B p)
        (fun a => SparseSGD.Logistic.bulkPart mu (SparseSGD.Logistic.update eta beta p mu s a).1) fun a =>
        eta • SparseSGD.Logistic.bulkPart mu (SparseSGD.Logistic.update eta beta p mu s a).2) =
      SparseSGD.gramMoments (SparseSGD.Logistic.bulkPart mu s.1) (eta • SparseSGD.Logistic.bulkPart mu s.2)) :
  ‖SparseSGD.Logistic.bulkPart mu s.1‖ ^ 2 =
      SparseSGD.Logistic.frozenLogisticFloor d B eta (SparseSGD.Logistic.coefA p mu s.1)
        (SparseSGD.Logistic.coefDtheta p mu s.1) (SparseSGD.Logistic.coefD0 p mu s.1)
        (eta * (1 - beta) * SparseSGD.Logistic.coefA p mu s.1 / (2 * (1 + beta))) ∧
    eta * inner ℝ (SparseSGD.Logistic.bulkPart mu s.1) (SparseSGD.Logistic.bulkPart mu s.2) =
        -eta * (1 - beta) * SparseSGD.Logistic.coefA p mu s.1 * ‖SparseSGD.Logistic.bulkPart mu s.1‖ ^ 2 / (1 + beta) ∧
      eta ^ 2 * ‖SparseSGD.Logistic.bulkPart mu s.2‖ ^ 2 =
        2 * eta * (1 - beta) * SparseSGD.Logistic.coefA p mu s.1 * ‖SparseSGD.Logistic.bulkPart mu s.1‖ ^ 2 / (1 + beta)
SparseSGD.Logistic.actual_drift_fixedPoint_signal {d B : ℕ} (H : SparseSGD.External.GaussianSteinCertificate d)
  (hB : 0 < B) (eta beta : ℝ) (p : ↑unitInterval) (mu : SparseSGD.Logistic.Vec d) (s : SparseSGD.Logistic.State d)
  (hr : 0 < SparseSGD.Logistic.r mu) (heta : eta ≠ 0) (hbeta : beta ≠ 1)
  (hsignal :
    ∫ (a : SparseSGD.Logistic.Batch d B),
        SparseSGD.Logistic.signalCoord mu
          (SparseSGD.Logistic.update eta beta p mu s a).1 ∂SparseSGD.Logistic.batchLaw d B p =
      SparseSGD.Logistic.signalCoord mu s.1)
  (hmomentum :
    ∫ (a : SparseSGD.Logistic.Batch d B),
        SparseSGD.Logistic.signalCoord mu
          (SparseSGD.Logistic.update eta beta p mu s a).2 ∂SparseSGD.Logistic.batchLaw d B p =
      SparseSGD.Logistic.signalCoord mu s.2) :
  SparseSGD.Logistic.signalCoord mu s.2 = 0 ∧
    SparseSGD.Logistic.coefA p mu s.1 * SparseSGD.Logistic.signalCoord mu s.1 +
        SparseSGD.Logistic.coefB p mu s.1 * SparseSGD.Logistic.r mu =
      0
SparseSGD.Logistic.actual_fluid_power_cell_two
  (H : ∀ (n : ℕ), SparseSGD.External.BernsteinMomentsCertificate (SparseSGD.Logistic.Sample n))
  (Ho : ∀ (n : ℕ), SparseSGD.External.HoeffdingCertificate (SparseSGD.Logistic.Sample n))
  (G : SparseSGD.External.GaussianQuadraticCertificate) (S : ∀ (n : ℕ), SparseSGD.External.GaussianSteinCertificate n)
  (pStar kappa bStar sigma epsStar gamma etaStar alpha teacherNorm T : ℝ) (p : ℕ → ↑unitInterval)
  (mu : (d : ℕ) → SparseSGD.Logistic.Vec d) (ν : MeasureTheory.Measure ℝ) (hp : 0 < pStar) (hk : 0 < kappa)
  (hb : 0 < bStar) (hs : 0 ≤ sigma) (heps : 0 < epsStar) (hg : 0 ≤ gamma) (heta : 0 < etaStar) (ha : 0 < alpha + kappa)
  (halpha : -(1 / 2) < alpha) (hT : 0 < T) (hfixed : gamma = 0 → epsStar ≤ 1 / 2)
  (hpd : ∀ᶠ (d : ℕ) in Filter.atTop, ↑(p d) = SparseSGD.Scaling.scaledSparsity pStar kappa d)
  (hDelta : gamma - alpha - kappa < 0) (hPhi : 1 - sigma - alpha < 0 ∨ 1 - sigma - alpha = 0) (hr : 0 < teacherNorm)
  (hmu : ∀ᶠ (d : ℕ) in Filter.atTop, SparseSGD.Logistic.r (mu d) = teacherNorm)
  (F :
    ∀ (d : ℕ),
      SparseSGD.External.MartingaleBernsteinCertificate
        (SparseSGD.Logistic.World d (SparseSGD.Scaling.scaledBatch bStar sigma d))) :
  ∃ C,
    0 < C ∧
      ∀ᶠ (d : ℕ) in Filter.atTop,
        ENNReal.ofReal (1 - (↑d ^ 10)⁻¹) ≤
          (SparseSGD.Logistic.worldLaw (p d) (MeasureTheory.Measure.dirac (SparseSGD.Logistic.coldState d)))
            {ω |
              ∀ k' ≤ SparseSGD.Scaling.fluidGridHorizon T etaStar pStar alpha kappa epsStar gamma d,
                ‖SparseSGD.Logistic.matchedProcess (SparseSGD.Scaling.scaledLearningRate etaStar alpha d)
                        (SparseSGD.Scaling.scaledMomentum epsStar gamma d) (p d) (mu d) k' ω -
                      SparseSGD.Logistic.matchedOrbit (SparseSGD.Scaling.scaledLearningRate etaStar alpha d)
                        (SparseSGD.Scaling.scaledMomentum epsStar gamma d) (p d) (mu d) (SparseSGD.Logistic.coldState d)
                        k'‖ ≤
                  C * √(Real.log ↑d / ↑d)}
SparseSGD.Logistic.actual_fluid_power_cells_three_four
  (H : ∀ (n : ℕ), SparseSGD.External.BernsteinMomentsCertificate (SparseSGD.Logistic.Sample n))
  (Ho : ∀ (n : ℕ), SparseSGD.External.HoeffdingCertificate (SparseSGD.Logistic.Sample n))
  (G : SparseSGD.External.GaussianQuadraticCertificate) (S : ∀ (n : ℕ), SparseSGD.External.GaussianSteinCertificate n)
  (pStar kappa bStar sigma epsStar gamma etaStar alpha teacherNorm T : ℝ) (p : ℕ → ↑unitInterval)
  (mu : (d : ℕ) → SparseSGD.Logistic.Vec d) (ν : MeasureTheory.Measure ℝ) (hp : 0 < pStar) (hk : 0 < kappa)
  (hb : 0 < bStar) (hs : 0 ≤ sigma) (heps : 0 < epsStar) (hg : 0 < gamma) (heta : 0 < etaStar) (ha : 0 < alpha + kappa)
  (halpha : -(1 / 2) < alpha) (hT : 0 < T)
  (hpd : ∀ᶠ (d : ℕ) in Filter.atTop, ↑(p d) = SparseSGD.Scaling.scaledSparsity pStar kappa d)
  (hDelta : gamma - alpha - kappa = 0) (hPhi : 1 - sigma - alpha < 0 ∨ 1 - sigma - alpha = 0) (hr : 0 < teacherNorm)
  (hmu : ∀ᶠ (d : ℕ) in Filter.atTop, SparseSGD.Logistic.r (mu d) = teacherNorm)
  (F :
    ∀ (d : ℕ),
      SparseSGD.External.MartingaleBernsteinCertificate
        (SparseSGD.Logistic.World d (SparseSGD.Scaling.scaledBatch bStar sigma d))) :
  ∃ C,
    0 < C ∧
      ∀ᶠ (d : ℕ) in Filter.atTop,
        ENNReal.ofReal (1 - (↑d ^ 10)⁻¹) ≤
          (SparseSGD.Logistic.worldLaw (p d) (MeasureTheory.Measure.dirac (SparseSGD.Logistic.coldState d)))
            {ω |
              ∀ k' ≤ SparseSGD.Scaling.fluidGridHorizon T etaStar pStar alpha kappa epsStar gamma d,
                ‖SparseSGD.Logistic.matchedProcess (SparseSGD.Scaling.scaledLearningRate etaStar alpha d)
                        (SparseSGD.Scaling.scaledMomentum epsStar gamma d) (p d) (mu d) k' ω -
                      SparseSGD.Logistic.matchedOrbit (SparseSGD.Scaling.scaledLearningRate etaStar alpha d)
                        (SparseSGD.Scaling.scaledMomentum epsStar gamma d) (p d) (mu d) (SparseSGD.Logistic.coldState d)
                        k'‖ ≤
                  C * √(Real.log ↑d / ↑d)}
SparseSGD.Logistic.actual_fluid_power_tame_cell_two
  (H : ∀ (n : ℕ), SparseSGD.External.BernsteinMomentsCertificate (SparseSGD.Logistic.Sample n))
  (Ho : ∀ (n : ℕ), SparseSGD.External.HoeffdingCertificate (SparseSGD.Logistic.Sample n))
  (G : SparseSGD.External.GaussianQuadraticCertificate) (S : ∀ (n : ℕ), SparseSGD.External.GaussianSteinCertificate n)
  (etaStar alpha bStar sigma epsStar gamma teacherNorm T : ℝ) (mu : (d : ℕ) → SparseSGD.Logistic.Vec d)
  (ν : MeasureTheory.Measure ℝ) (heta : 0 < etaStar) (ha : 0 < alpha) (hb : 0 < bStar) (hs : 0 ≤ sigma)
  (heps : 0 < epsStar) (hg : 0 ≤ gamma) (hga : gamma < alpha) (hr : 0 < teacherNorm) (hT : 0 < T)
  (hPhi : 1 - sigma - alpha < 0 ∨ 1 - sigma - alpha = 0) (hfixed : gamma = 0 → epsStar ≤ 1 / 2)
  (hmu : ∀ᶠ (d : ℕ) in Filter.atTop, SparseSGD.Logistic.r (mu d) = teacherNorm)
  (F :
    ∀ (d : ℕ),
      SparseSGD.External.MartingaleBernsteinCertificate
        (SparseSGD.Logistic.World d (SparseSGD.Scaling.scaledBatch bStar sigma d))) :
  ∃ pCap,
    0 < pCap ∧
      ∀ (pStar : ℝ) (p : ℕ → ↑unitInterval),
        0 < pStar ∧ pStar ≤ min 1 pCap →
          (∀ᶠ (d : ℕ) in Filter.atTop, ↑(p d) = SparseSGD.Scaling.scaledSparsity pStar 0 d) →
            ∃ C,
              0 < C ∧
                ∀ᶠ (d : ℕ) in Filter.atTop,
                  ENNReal.ofReal (1 - (↑d ^ 10)⁻¹) ≤
                    (SparseSGD.Logistic.worldLaw (p d) (MeasureTheory.Measure.dirac (SparseSGD.Logistic.coldState d)))
                      {ω |
                        ∀ k ≤ SparseSGD.Scaling.fluidGridHorizon T etaStar pStar alpha 0 epsStar gamma d,
                          ‖SparseSGD.Logistic.matchedProcess (SparseSGD.Scaling.scaledLearningRate etaStar alpha d)
                                  (SparseSGD.Scaling.scaledMomentum epsStar gamma d) (p d) (mu d) k ω -
                                SparseSGD.Logistic.matchedOrbit (SparseSGD.Scaling.scaledLearningRate etaStar alpha d)
                                  (SparseSGD.Scaling.scaledMomentum epsStar gamma d) (p d) (mu d)
                                  (SparseSGD.Logistic.coldState d) k‖ ≤
                            C * √(Real.log ↑d / ↑d)}
SparseSGD.Logistic.actual_fluid_power_tame_cells_three_four
  (H : ∀ (n : ℕ), SparseSGD.External.BernsteinMomentsCertificate (SparseSGD.Logistic.Sample n))
  (Ho : ∀ (n : ℕ), SparseSGD.External.HoeffdingCertificate (SparseSGD.Logistic.Sample n))
  (G : SparseSGD.External.GaussianQuadraticCertificate) (S : ∀ (n : ℕ), SparseSGD.External.GaussianSteinCertificate n)
  (etaStar alpha bStar sigma delta teacherNorm T : ℝ) (mu : (d : ℕ) → SparseSGD.Logistic.Vec d)
  (ν : MeasureTheory.Measure ℝ) (heta : 0 < etaStar) (ha : 0 < alpha) (hb : 0 < bStar) (hs : 0 ≤ sigma)
  (hdelta : 0 < delta) (hr : 0 < teacherNorm) (hT : 0 < T) (hPhi : 1 - sigma - alpha < 0 ∨ 1 - sigma - alpha = 0)
  (hmu : ∀ᶠ (d : ℕ) in Filter.atTop, SparseSGD.Logistic.r (mu d) = teacherNorm)
  (F :
    ∀ (d : ℕ),
      SparseSGD.External.MartingaleBernsteinCertificate
        (SparseSGD.Logistic.World d (SparseSGD.Scaling.scaledBatch bStar sigma d))) :
  ∃ pCap,
    0 < pCap ∧
      ∀ (pStar : ℝ) (p : ℕ → ↑unitInterval),
        0 < pStar ∧ pStar ≤ min 1 pCap →
          (∀ᶠ (d : ℕ) in Filter.atTop, ↑(p d) = SparseSGD.Scaling.scaledSparsity pStar 0 d) →
            ∃ C,
              0 < C ∧
                ∀ᶠ (d : ℕ) in Filter.atTop,
                  ENNReal.ofReal (1 - (↑d ^ 10)⁻¹) ≤
                    (SparseSGD.Logistic.worldLaw (p d) (MeasureTheory.Measure.dirac (SparseSGD.Logistic.coldState d)))
                      {ω |
                        ∀
                          k ≤
                            SparseSGD.Scaling.fluidGridHorizon T etaStar pStar alpha 0 (etaStar * pStar / delta) alpha
                              d,
                          ‖SparseSGD.Logistic.matchedProcess (SparseSGD.Scaling.scaledLearningRate etaStar alpha d)
                                  (SparseSGD.Scaling.scaledMomentum (etaStar * pStar / delta) alpha d) (p d) (mu d) k
                                  ω -
                                SparseSGD.Logistic.matchedOrbit (SparseSGD.Scaling.scaledLearningRate etaStar alpha d)
                                  (SparseSGD.Scaling.scaledMomentum (etaStar * pStar / delta) alpha d) (p d) (mu d)
                                  (SparseSGD.Logistic.coldState d) k‖ ≤
                            C * √(Real.log ↑d / ↑d)}
SparseSGD.Logistic.actual_matched_fluid_source_radius {d B : ℕ}
  (H : ∀ (n : ℕ), SparseSGD.External.BernsteinMomentsCertificate (SparseSGD.Logistic.Sample n))
  (Ho : ∀ (n : ℕ), SparseSGD.External.HoeffdingCertificate (SparseSGD.Logistic.Sample n))
  (G : SparseSGD.External.GaussianQuadraticCertificate) (S : SparseSGD.External.GaussianSteinCertificate d)
  (F : SparseSGD.External.MartingaleBernsteinCertificate (SparseSGD.Logistic.World d B)) (eta beta : ℝ)
  (p : ↑unitInterval) (mu : SparseSGD.Logistic.Vec d) (s0 : SparseSGD.Logistic.State d)
  (J : ℕ → (Fin 5 → ℝ) →L[ℝ] Fin 5 → ℝ) (N : ℕ) (radius Gamma L2 RefBound LearningT L delta : ℝ) (hd : 2 ≤ d)
  (hB : 0 < B) (hp0 : 0 < ↑p) (hp1 : ↑p < 1) (hr : 0 < SparseSGD.Logistic.r mu) (heta : 0 ≤ eta) (hbeta : 0 ≤ beta)
  (hbeta1 : beta < 1) (hstep : eta * ↑p ≤ L) (hz : eta * ↑p ≤ 1) (hclock : ↑N * (eta * ↑p) ≤ LearningT)
  (hRef : 0 ≤ RefBound) (hradius0 : 0 ≤ radius) (hL : 0 ≤ L) (hN : 0 < N) (hGamma : 0 < Gamma) (hL2 : 0 ≤ L2)
  (hdelta0 : 0 < delta) (hdelta1 : delta < 1)
  (href : ∀ i ≤ N, ‖SparseSGD.Logistic.matchedOrbit eta beta p mu s0 i‖ ≤ RefBound)
  (hptame :
    ↑p * SparseSGD.Logistic.stoppedTameConstant mu (SparseSGD.Logistic.matchedTubeParameterBound RefBound radius) ≤
      1 / 2)
  (hJ : ∀ k ≤ N, ∀ j < k, ‖SparseSGD.Logistic.jacobianResponse J k j‖ ≤ Gamma)
  (hTaylor :
    ∀ j < N,
      ∀ (ω : SparseSGD.Logistic.World d B),
        ‖SparseSGD.Logistic.matchedProcess eta beta p mu j ω - SparseSGD.Logistic.matchedOrbit eta beta p mu s0 j‖ ≤
            radius →
          ‖SparseSGD.Logistic.matchedDriftMap eta beta p mu (SparseSGD.Logistic.matchedProcess eta beta p mu j ω) -
                  SparseSGD.Logistic.matchedDriftMap eta beta p mu
                    (SparseSGD.Logistic.matchedOrbit eta beta p mu s0 j) -
                (J j)
                  (SparseSGD.Logistic.matchedProcess eta beta p mu j ω -
                    SparseSGD.Logistic.matchedOrbit eta beta p mu s0 j)‖ ≤
            L2 / 2 *
              ‖SparseSGD.Logistic.matchedProcess eta beta p mu j ω -
                    SparseSGD.Logistic.matchedOrbit eta beta p mu s0 j‖ ^
                2)
  (hradius :
    SparseSGD.Logistic.matchedTubeSourceRadius eta mu RefBound radius L LearningT Gamma (Real.log (10 * ↑N / delta)) B ≤
      radius)
  (hsmall :
    ↑N * Gamma * L2 *
        SparseSGD.Logistic.matchedTubeSourceRadius eta mu RefBound radius L LearningT Gamma (Real.log (10 * ↑N / delta))
          B ≤
      1) :
  ENNReal.ofReal (1 - delta) ≤
    (SparseSGD.Logistic.worldLaw p (MeasureTheory.Measure.dirac s0))
      {ω |
        ∀ k ≤ N,
          ‖SparseSGD.Logistic.matchedProcess eta beta p mu k ω - SparseSGD.Logistic.matchedOrbit eta beta p mu s0 k‖ ≤
            SparseSGD.Logistic.matchedTubeSourceRadius eta mu RefBound radius L LearningT Gamma
              (Real.log (10 * ↑N / delta)) B}
SparseSGD.Logistic.actual_matched_fluid_uniform_constants (S1 : SparseSGD.External.GaussianSteinCertificate 1)
  (teacherNorm RefBound radius Load LearningT q a : ℝ) (hteacher : 0 ≤ teacherNorm) (hRef : 0 ≤ RefBound)
  (hradius0 : 0 ≤ radius) (hLoad : 0 ≤ Load) (hLearningT : 0 ≤ LearningT) (hq : 0 ≤ q + 14) (ha : 0 ≤ a) :
  ∃ Cjet Gamma Csqrt,
    0 ≤ Cjet ∧
      0 < Gamma ∧
        0 ≤ Csqrt ∧
          ∀ {d B : ℕ},
            (∀ (n : ℕ), SparseSGD.External.BernsteinMomentsCertificate (SparseSGD.Logistic.Sample n)) →
              (∀ (n : ℕ), SparseSGD.External.HoeffdingCertificate (SparseSGD.Logistic.Sample n)) →
                SparseSGD.External.GaussianQuadraticCertificate →
                  SparseSGD.External.GaussianSteinCertificate d →
                    SparseSGD.External.GaussianSteinCertificate 2 →
                      SparseSGD.External.MartingaleBernsteinCertificate (SparseSGD.Logistic.World d B) →
                        ∀ (eta beta : ℝ) (p : ↑unitInterval) (mu : SparseSGD.Logistic.Vec d)
                          (s0 : SparseSGD.Logistic.State d) (N : ℕ),
                          2 ≤ d →
                            0 < B →
                              0 < ↑p →
                                ↑p ≤ 1 / 2 →
                                  SparseSGD.Logistic.r mu = teacherNorm →
                                    0 < SparseSGD.Logistic.r mu →
                                      0 ≤ eta →
                                        0 ≤ beta →
                                          beta < 1 →
                                            eta * ↑p ≤ 1 →
                                              SparseSGD.Logistic.logisticPhi d B eta ≤ Load →
                                                0 < N →
                                                  ↑N * (eta * ↑p) ≤ LearningT →
                                                    ↑N ≤ ↑d ^ q →
                                                      eta * √(Real.log ↑d / ↑d) ≤ a →
                                                        (∀ i ≤ N,
                                                            ‖SparseSGD.Logistic.matchedOrbit eta beta p mu s0 i‖ ≤
                                                              RefBound) →
                                                          ↑p *
                                                                SparseSGD.Logistic.stoppedTameConstant mu
                                                                  (SparseSGD.Logistic.matchedTubeParameterBound RefBound
                                                                    radius) ≤
                                                              1 / 2 →
                                                            Csqrt * √(Real.log ↑d / ↑d) ≤ radius →
                                                              2 * Cjet * LearningT * Gamma * Csqrt *
                                                                    √(Real.log ↑d / ↑d) ≤
                                                                  1 →
                                                                ENNReal.ofReal (1 - (↑d ^ 10)⁻¹) ≤
                                                                  (SparseSGD.Logistic.worldLaw p
                                                                      (MeasureTheory.Measure.dirac s0))
                                                                    {ω |
                                                                      ∀ k ≤ N,
                                                                        ‖SparseSGD.Logistic.matchedProcess eta beta p mu
                                                                                k ω -
                                                                              SparseSGD.Logistic.matchedOrbit eta beta p
                                                                                mu s0 k‖ ≤
                                                                          Csqrt * √(Real.log ↑d / ↑d)}
SparseSGD.Logistic.actual_tame_fixedPoint_bulk {d B : ℕ} (H : SparseSGD.External.GaussianSteinCertificate d)
  (hB : 0 < B) (eta beta : ℝ) (p : ↑unitInterval) (mu : SparseSGD.Logistic.Vec d) (s : SparseSGD.Logistic.State d)
  (hd : 1 ≤ d) (hr : 0 < SparseSGD.Logistic.r mu) (heta : 0 < eta) (hb0 : 0 ≤ beta) (hb1 : beta < 1) (hp : 0 < ↑p)
  (ht : SparseSGD.Logistic.tameError p mu s.1 ≤ 1 / 12)
  (hu : |(SparseSGD.Logistic.driftParams eta beta p mu s.1).totalLoad| ≤ 1 / 2)
  (hbulk :
    (SparseSGD.Logistic.integratedGram (SparseSGD.Logistic.batchLaw d B p)
        (fun a => SparseSGD.Logistic.bulkPart mu (SparseSGD.Logistic.update eta beta p mu s a).1) fun a =>
        eta • SparseSGD.Logistic.bulkPart mu (SparseSGD.Logistic.update eta beta p mu s a).2) =
      SparseSGD.gramMoments (SparseSGD.Logistic.bulkPart mu s.1) (eta • SparseSGD.Logistic.bulkPart mu s.2)) :
  |SparseSGD.Logistic.gaussianAlpha mu s.1 * ‖SparseSGD.Logistic.bulkPart mu s.1‖ ^ 2 -
        SparseSGD.Logistic.logisticPhi d B eta| ≤
    48 * SparseSGD.Logistic.logisticPhi d B eta *
      (SparseSGD.Logistic.tameError p mu s.1 + (SparseSGD.Logistic.driftParams eta beta p mu s.1).w +
        |(SparseSGD.Logistic.driftParams eta beta p mu s.1).noise|)
SparseSGD.Logistic.actual_tame_fixedPoint_signal {d B : ℕ} (H : SparseSGD.External.GaussianSteinCertificate d)
  (hB : 0 < B) (eta beta : ℝ) (p : ↑unitInterval) (mu : SparseSGD.Logistic.Vec d) (s : SparseSGD.Logistic.State d)
  (hr : 0 < SparseSGD.Logistic.r mu) (heta : eta ≠ 0) (hbeta : beta ≠ 1) (hp : 0 < ↑p)
  (ht : SparseSGD.Logistic.tameError p mu s.1 ≤ 1 / 12)
  (hsignal :
    ∫ (a : SparseSGD.Logistic.Batch d B),
        SparseSGD.Logistic.signalCoord mu
          (SparseSGD.Logistic.update eta beta p mu s a).1 ∂SparseSGD.Logistic.batchLaw d B p =
      SparseSGD.Logistic.signalCoord mu s.1)
  (hmomentum :
    ∫ (a : SparseSGD.Logistic.Batch d B),
        SparseSGD.Logistic.signalCoord mu
          (SparseSGD.Logistic.update eta beta p mu s a).2 ∂SparseSGD.Logistic.batchLaw d B p =
      SparseSGD.Logistic.signalCoord mu s.2) :
  |SparseSGD.Logistic.gaussianAlpha mu s.1 * SparseSGD.Logistic.signalCoord mu s.1 - SparseSGD.Logistic.r mu| ≤
    16 * SparseSGD.Logistic.r mu * SparseSGD.Logistic.tameError p mu s.1
SparseSGD.Logistic.batchGradient_integral {d B : ℕ} (H : SparseSGD.External.GaussianSteinCertificate d) (hB : 0 < B)
  (p : ↑unitInterval) (mu theta : SparseSGD.Logistic.Vec d) :
  ∫ (a : SparseSGD.Logistic.Batch d B),
      SparseSGD.Logistic.batchGradient p mu theta a ∂SparseSGD.Logistic.batchLaw d B p =
    SparseSGD.Logistic.coefA p mu theta • theta + SparseSGD.Logistic.coefB p mu theta • mu
SparseSGD.Logistic.batchLaw (d B : ℕ) (p : ↑unitInterval) : MeasureTheory.Measure (SparseSGD.Logistic.Batch d B)
SparseSGD.Logistic.bulkBatchGradient_norm_sq_integral {d B : ℕ} (H : SparseSGD.External.GaussianSteinCertificate d)
  (hB : 0 < B) (p : ↑unitInterval) (mu theta : SparseSGD.Logistic.Vec d) (hr : 0 < SparseSGD.Logistic.r mu) :
  ∫ (a : SparseSGD.Logistic.Batch d B),
      ‖SparseSGD.Logistic.bulkPart mu (SparseSGD.Logistic.batchGradient p mu theta a)‖ ^
        2 ∂SparseSGD.Logistic.batchLaw d B p =
    ((↑d - 1) * SparseSGD.Logistic.coefD0 p mu theta +
          ‖SparseSGD.Logistic.bulkPart mu theta‖ ^ 2 * SparseSGD.Logistic.coefDtheta p mu theta) /
        ↑B +
      (↑B - 1) / ↑B * SparseSGD.Logistic.coefA p mu theta ^ 2 * ‖SparseSGD.Logistic.bulkPart mu theta‖ ^ 2
SparseSGD.Logistic.bulkGradient_norm_sq_integral {d : ℕ} (H : SparseSGD.External.GaussianSteinCertificate d)
  (p : ↑unitInterval) (mu theta : SparseSGD.Logistic.Vec d) (hr : 0 < SparseSGD.Logistic.r mu) :
  ∫ (a : SparseSGD.Logistic.Sample d),
      ‖SparseSGD.Logistic.bulkPart mu (SparseSGD.Logistic.gradient p mu theta a)‖ ^
        2 ∂SparseSGD.Logistic.sampleLaw d p =
    (↑d - 1) * SparseSGD.Logistic.coefD0 p mu theta +
      ‖SparseSGD.Logistic.bulkPart mu theta‖ ^ 2 * SparseSGD.Logistic.coefDtheta p mu theta
SparseSGD.Logistic.bulkResidual_norm_sq_integral {d B : ℕ} (H : SparseSGD.External.GaussianSteinCertificate d)
  (hB : 0 < B) (p : ↑unitInterval) (mu theta : SparseSGD.Logistic.Vec d) (hr : 0 < SparseSGD.Logistic.r mu) :
  ∫ (a : SparseSGD.Logistic.Batch d B),
      ‖SparseSGD.Logistic.bulkResidual p mu theta a‖ ^ 2 ∂SparseSGD.Logistic.batchLaw d B p =
    (SparseSGD.Logistic.coefDtheta p mu theta - SparseSGD.Logistic.coefA p mu theta ^ 2) / ↑B *
        ‖SparseSGD.Logistic.bulkPart mu theta‖ ^ 2 +
      (↑d - 1) * SparseSGD.Logistic.coefD0 p mu theta / ↑B
SparseSGD.Logistic.condLExp_predictable_indicator.{u_2} {Ω : Type u_2} [mΩ : MeasurableSpace Ω]
  (μ : MeasureTheory.Measure Ω) [MeasureTheory.IsProbabilityMeasure μ] {m : MeasurableSpace Ω} (hm : m ≤ mΩ) (A : Set Ω)
  (hA : MeasurableSet A) (f : Ω → ENNReal) : μ⁻[A.indicator f | m] =ᵐ[μ] A.indicator μ⁻[f | m]
SparseSGD.Logistic.cor_fluid_cell_two_warm
  (H : ∀ (n : ℕ), SparseSGD.External.BernsteinMomentsCertificate (SparseSGD.Logistic.Sample n))
  (Ho : ∀ (n : ℕ), SparseSGD.External.HoeffdingCertificate (SparseSGD.Logistic.Sample n))
  (G : SparseSGD.External.GaussianQuadraticCertificate) (S : ∀ (n : ℕ), SparseSGD.External.GaussianSteinCertificate n)
  (B : ℕ → ℕ) (F : ∀ (d : ℕ), SparseSGD.External.MartingaleBernsteinCertificate (SparseSGD.Logistic.World d (B d)))
  (eta beta : ℕ → ℝ) (p : ℕ → ↑unitInterval) (mu : (d : ℕ) → SparseSGD.Logistic.Vec d) (N : ℕ → ℕ)
  (s0 : (d : ℕ) → SparseSGD.Logistic.State d) (teacherNorm Phi T q W : ℝ) (hr : 0 < teacherNorm) (hPhi : 0 ≤ Phi)
  (hT : 0 ≤ T) (hq : 0 ≤ q + 14) (hW : 0 ≤ W) (y0 : ℝ × ℝ) (hy0 : 0 ≤ y0.2)
  (hparams :
    ∀ᶠ (d : ℕ) in Filter.atTop,
      0 < B d ∧
        0 < SparseSGD.Logistic.r (mu d) ∧
          SparseSGD.Logistic.r (mu d) = teacherNorm ∧ 0 < ↑(p d) ∧ 0 < eta d ∧ 0 < 1 - beta d ∧ 1 - beta d ≤ 1)
  (hinitial :
    ∀ᶠ (d : ℕ) in Filter.atTop,
      ‖SparseSGD.Logistic.matchedSummary (eta d) (beta d) (mu d) (s0 d)‖ ≤ W ∧
        SparseSGD.Logistic.matchedEffectiveSlow (beta d)
            (SparseSGD.Logistic.matchedSummary (eta d) (beta d) (mu d) (s0 d)) =
          y0)
  (hclock : ∀ᶠ (d : ℕ) in Filter.atTop, ↑(N d) * min (eta d * ↑(p d)) (1 - beta d) ≤ T)
  (hdlim : Filter.Tendsto (fun d => eta d * ↑(p d) / (1 - beta d)) Filter.atTop (nhds 0))
  (hzlim : Filter.Tendsto (fun d => eta d * ↑(p d)) Filter.atTop (nhds 0))
  (hPlim : Filter.Tendsto (fun d => SparseSGD.Logistic.dynamicSourceLoad d (B d) (eta d)) Filter.atTop (nhds Phi))
  (hplim : Filter.Tendsto (fun d => ↑(p d)) Filter.atTop (nhds 0))
  (hetaSize : Filter.Tendsto (fun d => eta d * √(Real.log ↑d / ↑d)) Filter.atTop (nhds 0))
  (hN : ∀ᶠ (d : ℕ) in Filter.atTop, 0 < N d) (hpoly : ∀ᶠ (d : ℕ) in Filter.atTop, ↑(N d) ≤ ↑d ^ q) :
  ∃ C,
    0 < C ∧
      ∀ᶠ (d : ℕ) in Filter.atTop,
        ENNReal.ofReal (1 - (↑d ^ 10)⁻¹) ≤
          (SparseSGD.Logistic.worldLaw (p d) (MeasureTheory.Measure.dirac (s0 d)))
            {ω |
              ∀ k ≤ N d,
                ‖SparseSGD.Logistic.matchedProcess (eta d) (beta d) (p d) (mu d) k ω -
                      SparseSGD.Logistic.matchedOrbit (eta d) (beta d) (p d) (mu d) (s0 d) k‖ ≤
                  C * √(Real.log ↑d / ↑d)}
SparseSGD.Logistic.cor_fluid_cells_three_four_initial
  (H : ∀ (n : ℕ), SparseSGD.External.BernsteinMomentsCertificate (SparseSGD.Logistic.Sample n))
  (Ho : ∀ (n : ℕ), SparseSGD.External.HoeffdingCertificate (SparseSGD.Logistic.Sample n))
  (G : SparseSGD.External.GaussianQuadraticCertificate) (S : ∀ (n : ℕ), SparseSGD.External.GaussianSteinCertificate n)
  (B : ℕ → ℕ) (F : ∀ (d : ℕ), SparseSGD.External.MartingaleBernsteinCertificate (SparseSGD.Logistic.World d (B d)))
  (eta beta : ℕ → ℝ) (p : ℕ → ↑unitInterval) (mu : (d : ℕ) → SparseSGD.Logistic.Vec d) (N : ℕ → ℕ)
  (s0 : (d : ℕ) → SparseSGD.Logistic.State d) (teacherNorm delta Phi T q : ℝ) (hr : 0 < teacherNorm)
  (hdelta : 0 < delta) (hPhi : 0 ≤ Phi) (hT : 0 ≤ T) (hq : 0 ≤ q + 14) (y0 : SparseSGD.Logistic.DynamicState)
  (hy0 : SparseSGD.Logistic.dynamicPhysical y0)
  (hparams :
    ∀ᶠ (d : ℕ) in Filter.atTop,
      0 < B d ∧
        0 < SparseSGD.Logistic.r (mu d) ∧
          SparseSGD.Logistic.r (mu d) = teacherNorm ∧ 0 < ↑(p d) ∧ 0 < eta d ∧ 0 < 1 - beta d ∧ 1 - beta d ≤ 1)
  (hinitial :
    ∀ᶠ (d : ℕ) in Filter.atTop,
      SparseSGD.Logistic.matchedToDynamic (eta d * ↑(p d) / (1 - beta d))
          (SparseSGD.Logistic.matchedSummary (eta d) (beta d) (mu d) (s0 d)) =
        y0)
  (hclock : ∀ᶠ (d : ℕ) in Filter.atTop, ↑(N d) * min (eta d * ↑(p d)) (1 - beta d) ≤ T)
  (hdlim : Filter.Tendsto (fun d => eta d * ↑(p d) / (1 - beta d)) Filter.atTop (nhds delta))
  (hPlim : Filter.Tendsto (fun d => SparseSGD.Logistic.dynamicSourceLoad d (B d) (eta d)) Filter.atTop (nhds Phi))
  (hepslim : Filter.Tendsto (fun d => 1 - beta d) Filter.atTop (nhds 0))
  (hplim : Filter.Tendsto (fun d => ↑(p d)) Filter.atTop (nhds 0))
  (hetaSize : Filter.Tendsto (fun d => eta d * √(Real.log ↑d / ↑d)) Filter.atTop (nhds 0))
  (hN : ∀ᶠ (d : ℕ) in Filter.atTop, 0 < N d) (hpoly : ∀ᶠ (d : ℕ) in Filter.atTop, ↑(N d) ≤ ↑d ^ q) :
  ∃ C,
    0 < C ∧
      ∀ᶠ (d : ℕ) in Filter.atTop,
        ENNReal.ofReal (1 - (↑d ^ 10)⁻¹) ≤
          (SparseSGD.Logistic.worldLaw (p d) (MeasureTheory.Measure.dirac (s0 d)))
            {ω |
              ∀ k ≤ N d,
                ‖SparseSGD.Logistic.matchedProcess (eta d) (beta d) (p d) (mu d) k ω -
                      SparseSGD.Logistic.matchedOrbit (eta d) (beta d) (p d) (mu d) (s0 d) k‖ ≤
                  C * √(Real.log ↑d / ↑d)}
SparseSGD.Logistic.cor_fluid_tame_cell_two_warm
  (H : ∀ (n : ℕ), SparseSGD.External.BernsteinMomentsCertificate (SparseSGD.Logistic.Sample n))
  (Ho : ∀ (n : ℕ), SparseSGD.External.HoeffdingCertificate (SparseSGD.Logistic.Sample n))
  (G : SparseSGD.External.GaussianQuadraticCertificate) (S : ∀ (n : ℕ), SparseSGD.External.GaussianSteinCertificate n)
  (teacherNorm Phi T q W : ℝ) (hr : 0 < teacherNorm) (hPhi : 0 ≤ Phi) (hT : 0 ≤ T) (hq : 0 ≤ q + 14) (hW : 0 ≤ W)
  (y0 : ℝ × ℝ) (hy0 : 0 ≤ y0.2) :
  ∃ pCap,
    0 < pCap ∧
      ∀ (B : ℕ → ℕ),
        (∀ (d : ℕ), SparseSGD.External.MartingaleBernsteinCertificate (SparseSGD.Logistic.World d (B d))) →
          ∀ (eta beta : ℕ → ℝ) (p : ℕ → ↑unitInterval) (mu : (d : ℕ) → SparseSGD.Logistic.Vec d) (N : ℕ → ℕ)
            (s0 : (d : ℕ) → SparseSGD.Logistic.State d),
            (∀ᶠ (d : ℕ) in Filter.atTop,
                0 < B d ∧
                  0 < SparseSGD.Logistic.r (mu d) ∧
                    SparseSGD.Logistic.r (mu d) = teacherNorm ∧
                      0 < ↑(p d) ∧ 0 < eta d ∧ 0 < 1 - beta d ∧ 1 - beta d ≤ 1) →
              (∀ᶠ (d : ℕ) in Filter.atTop,
                  ‖SparseSGD.Logistic.matchedSummary (eta d) (beta d) (mu d) (s0 d)‖ ≤ W ∧
                    SparseSGD.Logistic.matchedEffectiveSlow (beta d)
                        (SparseSGD.Logistic.matchedSummary (eta d) (beta d) (mu d) (s0 d)) =
                      y0) →
                (∀ᶠ (d : ℕ) in Filter.atTop, ↑(N d) * min (eta d * ↑(p d)) (1 - beta d) ≤ T) →
                  Filter.Tendsto (fun d => eta d * ↑(p d) / (1 - beta d)) Filter.atTop (nhds 0) →
                    Filter.Tendsto (fun d => eta d * ↑(p d)) Filter.atTop (nhds 0) →
                      Filter.Tendsto (fun d => SparseSGD.Logistic.dynamicSourceLoad d (B d) (eta d)) Filter.atTop
                          (nhds Phi) →
                        Filter.Tendsto (fun d => eta d * √(Real.log ↑d / ↑d)) Filter.atTop (nhds 0) →
                          (∀ᶠ (d : ℕ) in Filter.atTop, 0 < N d) →
                            (∀ᶠ (d : ℕ) in Filter.atTop, ↑(N d) ≤ ↑d ^ q) →
                              (∀ᶠ (d : ℕ) in Filter.atTop, ↑(p d) ≤ pCap) →
                                ∃ C,
                                  0 < C ∧
                                    ∀ᶠ (d : ℕ) in Filter.atTop,
                                      ENNReal.ofReal (1 - (↑d ^ 10)⁻¹) ≤
                                        (SparseSGD.Logistic.worldLaw (p d) (MeasureTheory.Measure.dirac (s0 d)))
                                          {ω |
                                            ∀ k ≤ N d,
                                              ‖SparseSGD.Logistic.matchedProcess (eta d) (beta d) (p d) (mu d) k ω -
                                                    SparseSGD.Logistic.matchedOrbit (eta d) (beta d) (p d) (mu d) (s0 d)
                                                      k‖ ≤
                                                C * √(Real.log ↑d / ↑d)}
SparseSGD.Logistic.cor_fluid_tame_cells_three_four
  (H : ∀ (n : ℕ), SparseSGD.External.BernsteinMomentsCertificate (SparseSGD.Logistic.Sample n))
  (Ho : ∀ (n : ℕ), SparseSGD.External.HoeffdingCertificate (SparseSGD.Logistic.Sample n))
  (G : SparseSGD.External.GaussianQuadraticCertificate) (S : ∀ (n : ℕ), SparseSGD.External.GaussianSteinCertificate n)
  (teacherNorm delta Phi T q : ℝ) (hr : 0 < teacherNorm) (hdelta : 0 < delta) (hPhi : 0 ≤ Phi) (hT : 0 ≤ T)
  (hq : 0 ≤ q + 14) (y0 : SparseSGD.Logistic.DynamicState) (hy0 : SparseSGD.Logistic.dynamicPhysical y0) :
  ∃ pCap,
    0 < pCap ∧
      ∀ (B : ℕ → ℕ),
        (∀ (d : ℕ), SparseSGD.External.MartingaleBernsteinCertificate (SparseSGD.Logistic.World d (B d))) →
          ∀ (eta beta : ℕ → ℝ) (p : ℕ → ↑unitInterval) (mu : (d : ℕ) → SparseSGD.Logistic.Vec d) (N : ℕ → ℕ)
            (s0 : (d : ℕ) → SparseSGD.Logistic.State d),
            (∀ᶠ (d : ℕ) in Filter.atTop,
                0 < B d ∧
                  0 < SparseSGD.Logistic.r (mu d) ∧
                    SparseSGD.Logistic.r (mu d) = teacherNorm ∧
                      0 < ↑(p d) ∧ 0 < eta d ∧ 0 < 1 - beta d ∧ 1 - beta d ≤ 1) →
              (∀ᶠ (d : ℕ) in Filter.atTop,
                  SparseSGD.Logistic.matchedToDynamic (eta d * ↑(p d) / (1 - beta d))
                      (SparseSGD.Logistic.matchedSummary (eta d) (beta d) (mu d) (s0 d)) =
                    y0) →
                (∀ᶠ (d : ℕ) in Filter.atTop, ↑(N d) * min (eta d * ↑(p d)) (1 - beta d) ≤ T) →
                  Filter.Tendsto (fun d => eta d * ↑(p d) / (1 - beta d)) Filter.atTop (nhds delta) →
                    Filter.Tendsto (fun d => SparseSGD.Logistic.dynamicSourceLoad d (B d) (eta d)) Filter.atTop
                        (nhds Phi) →
                      Filter.Tendsto (fun d => 1 - beta d) Filter.atTop (nhds 0) →
                        Filter.Tendsto (fun d => eta d * √(Real.log ↑d / ↑d)) Filter.atTop (nhds 0) →
                          (∀ᶠ (d : ℕ) in Filter.atTop, 0 < N d) →
                            (∀ᶠ (d : ℕ) in Filter.atTop, ↑(N d) ≤ ↑d ^ q) →
                              (∀ᶠ (d : ℕ) in Filter.atTop, ↑(p d) ≤ pCap) →
                                ∃ C,
                                  0 < C ∧
                                    ∀ᶠ (d : ℕ) in Filter.atTop,
                                      ENNReal.ofReal (1 - (↑d ^ 10)⁻¹) ≤
                                        (SparseSGD.Logistic.worldLaw (p d) (MeasureTheory.Measure.dirac (s0 d)))
                                          {ω |
                                            ∀ k ≤ N d,
                                              ‖SparseSGD.Logistic.matchedProcess (eta d) (beta d) (p d) (mu d) k ω -
                                                    SparseSGD.Logistic.matchedOrbit (eta d) (beta d) (p d) (mu d) (s0 d)
                                                      k‖ ≤
                                                C * √(Real.log ↑d / ↑d)}
SparseSGD.Logistic.driftParams_equilibrium_R {d B : ℕ} (eta beta : ℝ) (p : ↑unitInterval)
  (mu theta : SparseSGD.Logistic.Vec d) :
  (SparseSGD.Logistic.driftParams eta beta p mu theta).equilibrium.R =
    SparseSGD.Logistic.frozenLogisticFloor d B eta (SparseSGD.Logistic.coefA p mu theta)
      (SparseSGD.Logistic.coefDtheta p mu theta) (SparseSGD.Logistic.coefD0 p mu theta)
      (eta * (1 - beta) * SparseSGD.Logistic.coefA p mu theta / (2 * (1 + beta)))
SparseSGD.Logistic.driftParams_loads {d B : ℕ} (eta beta : ℝ) (p : ↑unitInterval)
  (mu theta : SparseSGD.Logistic.Vec d) :
  (SparseSGD.Logistic.driftParams eta beta p mu theta).noise =
      eta * (SparseSGD.Logistic.coefDtheta p mu theta - SparseSGD.Logistic.coefA p mu theta ^ 2) /
        (2 * ↑B * SparseSGD.Logistic.coefA p mu theta) ∧
    (SparseSGD.Logistic.driftParams eta beta p mu theta).additive =
        eta * (↑d - 1) * SparseSGD.Logistic.coefD0 p mu theta / (2 * ↑B * SparseSGD.Logistic.coefA p mu theta) ∧
      (SparseSGD.Logistic.driftParams eta beta p mu theta).curvature =
        eta * (1 - beta) * SparseSGD.Logistic.coefA p mu theta / (2 * (1 + beta))
SparseSGD.Logistic.dynamicDriftMap_eq_integral {d B : ℕ} (H : SparseSGD.External.GaussianSteinCertificate d)
  (hB : 0 < B) (eta beta : ℝ) (p : ↑unitInterval) (mu : SparseSGD.Logistic.Vec d) (s : SparseSGD.Logistic.State d)
  (hr : 0 < SparseSGD.Logistic.r mu) (hp0 : 0 < ↑p) (hp1 : ↑p < 1) (heta : eta ≠ 0) (hbeta : 1 - beta ≠ 0) (i : Fin 5) :
  ∫ (a : SparseSGD.Logistic.Batch d B),
      SparseSGD.Logistic.dynamicSummary p mu (SparseSGD.Logistic.update eta beta p mu s a)
        i ∂SparseSGD.Logistic.batchLaw d B p =
    SparseSGD.Logistic.dynamicDriftMap eta beta p mu s.1 (SparseSGD.Logistic.dynamicSummary p mu s) i
SparseSGD.Logistic.dynamicPhysical_preserved (r delta Phi a b : ℝ) (y : ℝ → SparseSGD.Logistic.DynamicState)
  (hab : a ≤ b) (hd : 0 < delta) (hPhi : 0 ≤ Phi)
  (hy : ∀ t ∈ Set.Icc a b, HasDerivAt y (SparseSGD.Logistic.dynamicField r delta Phi (y t)) t)
  (hy0 : SparseSGD.Logistic.dynamicPhysical (y a)) (t : ℝ) : t ∈ Set.Icc a b → SparseSGD.Logistic.dynamicPhysical (y t)
SparseSGD.Logistic.dynamic_rank_one_full_interval_coordinates (r delta a b : ℝ)
  (y : ℝ → SparseSGD.Logistic.DynamicState) (hab : a ≤ b)
  (hy : ∀ t ∈ Set.Icc a b, HasDerivAt y (SparseSGD.Logistic.dynamicField r delta 0 (y t)) t) (hR : 0 ≤ y a 2)
  (hV : 0 ≤ y a 3) (hQ : SparseSGD.Logistic.dynamicDeterminant (y a) = 0) :
  ∃ X P,
    ∀ t ∈ Set.Icc a b,
      y t 2 = X t ^ 2 ∧
        y t 3 = P t ^ 2 ∧
          y t 4 = X t * P t ∧
            HasDerivAt X (-delta * P t) t ∧ HasDerivAt P (-P t + SparseSGD.Logistic.dynamicAlpha r (y t) * X t) t
SparseSGD.Logistic.dynamic_rank_one_full_interval_oscillator (r delta a b : ℝ) (y : ℝ → SparseSGD.Logistic.DynamicState)
  (hab : a ≤ b) (hy : ∀ t ∈ Set.Icc a b, HasDerivAt y (SparseSGD.Logistic.dynamicField r delta 0 (y t)) t)
  (hR : 0 ≤ y a 2) (hV : 0 ≤ y a 3) (hQ : SparseSGD.Logistic.dynamicDeterminant (y a) = 0) :
  ∃ z,
    (∀ t ∈ Set.Icc a b, HasDerivAt z (SparseSGD.Logistic.dynamicOscillatorField r delta (z t)) t) ∧
      ∀ t ∈ Set.Icc a b, SparseSGD.Logistic.dynamicRankOneLift (z t) = y t
SparseSGD.Logistic.dynamic_rank_one_preserved (r delta a b : ℝ) (y : ℝ → SparseSGD.Logistic.DynamicState)
  (hy : ∀ t ∈ Set.Icc a b, HasDerivAt y (SparseSGD.Logistic.dynamicField r delta 0 (y t)) t)
  (hzero : SparseSGD.Logistic.dynamicDeterminant (y a) = 0) (t : ℝ) :
  t ∈ Set.Icc a b → SparseSGD.Logistic.dynamicDeterminant (y t) = 0
SparseSGD.Logistic.dynamic_solution_exists_on_finite_horizon (r delta Phi T : ℝ) (y0 : SparseSGD.Logistic.DynamicState)
  (hd : 0 < delta) (hPhi : 0 ≤ Phi) (hT : 0 ≤ T) (hy0 : SparseSGD.Logistic.dynamicPhysical y0) :
  ∃ y,
    y 0 = y0 ∧
      (∀ t ∈ Set.Icc 0 T, HasDerivAt y (SparseSGD.Logistic.dynamicField r delta Phi (y t)) t) ∧
        ∀ t ∈ Set.Icc 0 T, SparseSGD.Logistic.dynamicPhysical (y t)
SparseSGD.Logistic.equilibriumBulk_fixedBatch_comparable (eta alpha P : ℝ) (B : ℕ) (r : ℕ → ℝ) (heta : 0 < eta)
  (hB : 0 < B) (hr : ∀ (d : ℕ), 0 < r d)
  (hcap : ∀ᶠ (d : ℕ) in Filter.atTop, SparseSGD.Logistic.familyPhi eta alpha (fun x => B) d ≤ P) :
  ∃ c > 0,
    ∃ C > 0,
      ∀ᶠ (d : ℕ) in Filter.atTop,
        c * ↑d ^ (1 - alpha) ≤
            SparseSGD.Logistic.equilibriumBulk (r d) (SparseSGD.Logistic.familyPhi eta alpha (fun x => B) d) ∧
          SparseSGD.Logistic.equilibriumBulk (r d) (SparseSGD.Logistic.familyPhi eta alpha (fun x => B) d) ≤
            C * ↑d ^ (1 - alpha)
SparseSGD.Logistic.equilibriumBulk_integerBatch_comparable (eta alpha sigma scale P : ℝ) (r : ℕ → ℝ) (heta : 0 < eta)
  (hs : 0 < scale) (hsigma : 0 < sigma) (hr : ∀ (d : ℕ), 0 < r d)
  (hcap :
    ∀ᶠ (d : ℕ) in Filter.atTop,
      SparseSGD.Logistic.familyPhi eta alpha (SparseSGD.Scaling.integerBatch scale sigma) d ≤ P) :
  ∃ c > 0,
    ∃ C > 0,
      ∀ᶠ (d : ℕ) in Filter.atTop,
        c * ↑d ^ (1 - sigma - alpha) ≤
            SparseSGD.Logistic.equilibriumBulk (r d)
              (SparseSGD.Logistic.familyPhi eta alpha (SparseSGD.Scaling.integerBatch scale sigma) d) ∧
          SparseSGD.Logistic.equilibriumBulk (r d)
              (SparseSGD.Logistic.familyPhi eta alpha (SparseSGD.Scaling.integerBatch scale sigma) d) ≤
            C * ↑d ^ (1 - sigma - alpha)
SparseSGD.Logistic.equilibriumJacobianMatrix_columns (a theta R : ℝ) :
  (SparseSGD.Logistic.equilibriumJacobian a theta R) (1, 0) =
      (SparseSGD.Logistic.equilibriumJacobianMatrix a theta R 0 0,
        SparseSGD.Logistic.equilibriumJacobianMatrix a theta R 1 0) ∧
    (SparseSGD.Logistic.equilibriumJacobian a theta R) (0, 1) =
      (SparseSGD.Logistic.equilibriumJacobianMatrix a theta R 0 1,
        SparseSGD.Logistic.equilibriumJacobianMatrix a theta R 1 1)
SparseSGD.Logistic.equilibriumJacobianMatrix_det_pos (a theta R : ℝ) (ha : 0 < a) (hR : 0 ≤ R) :
  0 < (SparseSGD.Logistic.equilibriumJacobianMatrix a theta R).det
SparseSGD.Logistic.equilibriumJacobianMatrix_trace_neg (a theta R : ℝ) (ha : 0 < a) (hR : 0 ≤ R) :
  (SparseSGD.Logistic.equilibriumJacobianMatrix a theta R).trace < 0
SparseSGD.Logistic.equilibriumLogAlpha_bulk_isBigO (r : ℝ) (hr : 0 < r) :
  (fun Phi =>
      SparseSGD.Logistic.equilibriumLogAlpha r Phi -
        SparseSGD.Logistic.equilibriumBulk r Phi / (2 * (1 + r ^ 2))) =O[nhdsWithin 0 (Set.Ici 0)]
    fun Phi => Phi ^ 2
SparseSGD.Logistic.equilibriumLogAlpha_load_isBigO (r : ℝ) (hr : 0 < r) :
  (fun Phi => SparseSGD.Logistic.equilibriumLogAlpha r Phi - Phi / (2 * (1 + r ^ 2))) =O[nhdsWithin 0 (Set.Ici 0)]
    fun Phi => Phi ^ 2
SparseSGD.Logistic.equilibrium_alpha (r Phi theta R : ℝ) (hθ : 0 < theta)
  (hfield : SparseSGD.Logistic.slowField r Phi theta R = (0, 0)) : SparseSGD.Logistic.alpha theta R r = r / theta
SparseSGD.Logistic.equilibrium_log_alpha_bulk_error (r Phi theta R : ℝ) (hr : 0 < r) (hPhi : 0 ≤ Phi) (hPhi1 : Phi ≤ 1)
  (htheta : 0 < theta) (hfield : SparseSGD.Logistic.slowField r Phi theta R = (0, 0)) :
  |Real.log (SparseSGD.Logistic.alpha theta R r) - R / (2 * (1 + r ^ 2))| ≤ r ^ 2 / (2 * (1 + r ^ 2)) * Phi ^ 2
SparseSGD.Logistic.exists_unique_positive_root (r Phi : ℝ) (hr : 0 < r) (hPhi : 0 ≤ Phi) :
  ∃! theta, 0 < theta ∧ SparseSGD.Logistic.g r Phi theta = r
SparseSGD.Logistic.fluidBernstein_of_unit.{u_1, u_2} {E : Type u_1} [NormedAddCommGroup E] [NormedSpace ℝ E]
  [MeasurableSpace E] [BorelSpace E] [SecondCountableTopology E] {Ω : Type u_2} [mΩ : MeasurableSpace Ω]
  (μ : MeasureTheory.Measure Ω) [MeasureTheory.IsProbabilityMeasure μ] (ℱ : MeasureTheory.Filtration ℕ mΩ) (Ψ : E → E)
  (X : ℕ → Ω → E) (x : ℕ → E) (ρ v M : ℝ) (K : ℕ) (hv : 0 ≤ v) (hM : 0 ≤ M)
  (h : SparseSGD.Logistic.FluidUnitBernstein μ ℱ Ψ X x ρ v M K) : SparseSGD.Logistic.FluidBernstein μ ℱ Ψ X x ρ v M K
SparseSGD.Logistic.fluidStoppedSum_dual_tail.{u_1, u_2} {E : Type u_1} [NormedAddCommGroup E] [NormedSpace ℝ E]
  [MeasurableSpace E] [BorelSpace E] [SecondCountableTopology E] {Ω : Type u_2} [mΩ : MeasurableSpace Ω]
  (H : SparseSGD.External.MartingaleBernsteinCertificate Ω) (μ : MeasureTheory.Measure Ω)
  [MeasureTheory.IsProbabilityMeasure μ] (ℱ : MeasureTheory.Filtration ℕ mΩ) (Ψ : E → E) (hΨ : Measurable Ψ)
  (X : ℕ → Ω → E) (x : ℕ → E) (hX : MeasureTheory.StronglyAdapted ℱ X) (J : ℕ → E →L[ℝ] E) (K : ℕ) (ρ Γ v M L : ℝ)
  (hΓ : 0 < Γ) (hv : 0 ≤ v) (hM : 0 ≤ M) (hL : 0 < L)
  (hJ : ∀ k ≤ K, ∀ j < k, ‖SparseSGD.Logistic.jacobianResponse J k j‖ ≤ Γ)
  (hA3 : SparseSGD.Logistic.FluidBernstein μ ℱ Ψ X x ρ v M K) (k : ℕ) (hk : k ≤ K) (ell0 : E →L[ℝ] ℝ)
  (hell0 : ‖ell0‖ ≤ 1) :
  μ {ω | Γ * (√(2 * ↑k * v * L) + 2 * M * L) < |ell0 (SparseSGD.Logistic.fluidStoppedSum Ψ X x J ρ k ω)|} ≤
    ENNReal.ofReal (2 * Real.exp (-L))
SparseSGD.Logistic.fluidStoppedSum_family_union_bound.{u_1, u_2} {E : Type u_1} [NormedAddCommGroup E] [NormedSpace ℝ E]
  [MeasurableSpace E] [BorelSpace E] [SecondCountableTopology E] {m : ℕ} {Ω : Type u_2} [mΩ : MeasurableSpace Ω]
  (H : SparseSGD.External.MartingaleBernsteinCertificate Ω) (μ : MeasureTheory.Measure Ω)
  [MeasureTheory.IsProbabilityMeasure μ] (ℱ : MeasureTheory.Filtration ℕ mΩ) (Ψ : E → E) (hΨ : Measurable Ψ)
  (X : ℕ → Ω → E) (x : ℕ → E) (hX : MeasureTheory.StronglyAdapted ℱ X) (ell : Fin m → E →L[ℝ] ℝ)
  (hell : ∀ (i : Fin m), ‖ell i‖ ≤ 1) (J : ℕ → E →L[ℝ] E) (K : ℕ) (ρ Γ v M L : ℝ) (hΓ : 0 < Γ) (hv : 0 ≤ v) (hM : 0 ≤ M)
  (hL : 0 < L) (hJ : ∀ k ≤ K, ∀ j < k, ‖SparseSGD.Logistic.jacobianResponse J k j‖ ≤ Γ)
  (hA3 : SparseSGD.Logistic.FluidBernstein μ ℱ Ψ X x ρ v M K) :
  μ
      (⋃ q,
        {ω |
          SparseSGD.Logistic.fluidThreshold Γ v M K L <
            |(ell q.2) (SparseSGD.Logistic.fluidStoppedSum Ψ X x J ρ (↑q.1 + 1) ω)|}) ≤
    ENNReal.ofReal (2 * ↑m * ↑K * Real.exp (-L))
SparseSGD.Logistic.fluid_error_unroll.{u_1, u_2} {E : Type u_1} [NormedAddCommGroup E] [NormedSpace ℝ E]
  [MeasurableSpace E] [BorelSpace E] [SecondCountableTopology E] {Ω : Type u_2} (Ψ : E → E) (X : ℕ → Ω → E) (x : ℕ → E)
  (J : ℕ → E →L[ℝ] E) (hx : ∀ (k : ℕ), x (k + 1) = Ψ (x k)) (ω : Ω) (h0 : X 0 ω = x 0) (k : ℕ) :
  SparseSGD.Logistic.fluidError X x k ω =
    ∑ j ∈ Finset.range k, (SparseSGD.Logistic.jacobianResponse J k j) (SparseSGD.Logistic.fluidNoise Ψ X j ω) +
      ∑ j ∈ Finset.range k, (SparseSGD.Logistic.jacobianResponse J k j) (SparseSGD.Logistic.fluidRemainder Ψ X x J j ω)
SparseSGD.Logistic.fluid_limit_normingFamily.{u_1, u_2} {E : Type u_1} [NormedAddCommGroup E] [NormedSpace ℝ E]
  [MeasurableSpace E] [BorelSpace E] [SecondCountableTopology E] {m : ℕ} {Ω : Type u_2} [mΩ : MeasurableSpace Ω]
  (H : SparseSGD.External.MartingaleBernsteinCertificate Ω) (μ : MeasureTheory.Measure Ω)
  [MeasureTheory.IsProbabilityMeasure μ] (ℱ : MeasureTheory.Filtration ℕ mΩ) (Ψ : E → E) (hΨ : Measurable Ψ)
  (X : ℕ → Ω → E) (x : ℕ → E) (hX : MeasureTheory.StronglyAdapted ℱ X) (ell : Fin m → E →L[ℝ] ℝ)
  (hell : ∀ (i : Fin m), ‖ell i‖ = 1) (hnorming : ∀ (y : E), ‖y‖ ≤ ‖fun i => (ell i) y‖) (J : ℕ → E →L[ℝ] E) (K : ℕ)
  (ρ Γ L2 v M δ : ℝ) (hn : 0 < m) (hK : 0 < K) (hΓ : 0 < Γ) (hL2 : 0 ≤ L2) (hv : 0 ≤ v) (hM : 0 ≤ M) (hδ0 : 0 < δ)
  (hδ1 : δ < 1) (hx : ∀ (k : ℕ), x (k + 1) = Ψ (x k)) (h0 : ∀ᵐ (ω : Ω) ∂μ, X 0 ω = x 0)
  (hJ : ∀ k ≤ K, ∀ j < k, ‖SparseSGD.Logistic.jacobianResponse J k j‖ ≤ Γ)
  (hTaylor : ∀ j < K, ∀ (y : E), ‖y - x j‖ ≤ ρ → ‖Ψ y - Ψ (x j) - (J j) (y - x j)‖ ≤ L2 / 2 * ‖y - x j‖ ^ 2)
  (hA3 : SparseSGD.Logistic.FluidUnitBernstein μ ℱ Ψ X x ρ v M K)
  (hradius : 2 * SparseSGD.Logistic.fluidThreshold Γ v M K (Real.log (2 * ↑m * ↑K / δ)) ≤ ρ)
  (hsmall : 2 * ↑K * Γ * L2 * SparseSGD.Logistic.fluidThreshold Γ v M K (Real.log (2 * ↑m * ↑K / δ)) ≤ 1) :
  ENNReal.ofReal (1 - δ) ≤
    μ
      {ω |
        ∀ k ≤ K,
          ‖X k ω - x k‖ ≤ 2 * Γ * (√(2 * ↑K * v * Real.log (2 * ↑m * ↑K / δ)) + 2 * M * Real.log (2 * ↑m * ↑K / δ))}
SparseSGD.Logistic.fluid_limit_supNorm.{u_2} {n : ℕ} {Ω : Type u_2} [mΩ : MeasurableSpace Ω]
  (H : SparseSGD.External.MartingaleBernsteinCertificate Ω) (μ : MeasureTheory.Measure Ω)
  [MeasureTheory.IsProbabilityMeasure μ] (ℱ : MeasureTheory.Filtration ℕ mΩ)
  (Ψ : SparseSGD.Logistic.FluidState n → SparseSGD.Logistic.FluidState n) (hΨ : Measurable Ψ)
  (X : ℕ → Ω → SparseSGD.Logistic.FluidState n) (x : ℕ → SparseSGD.Logistic.FluidState n)
  (hX : MeasureTheory.StronglyAdapted ℱ X)
  (J : ℕ → SparseSGD.Logistic.FluidState n →L[ℝ] SparseSGD.Logistic.FluidState n) (K : ℕ) (ρ Γ L2 v M δ : ℝ)
  (hn : 0 < n) (hK : 0 < K) (hΓ : 0 < Γ) (hL2 : 0 ≤ L2) (hv : 0 ≤ v) (hM : 0 ≤ M) (hδ0 : 0 < δ) (hδ1 : δ < 1)
  (hx : ∀ (k : ℕ), x (k + 1) = Ψ (x k)) (h0 : ∀ᵐ (ω : Ω) ∂μ, X 0 ω = x 0)
  (hJ : ∀ k ≤ K, ∀ j < k, ‖SparseSGD.Logistic.jacobianResponse J k j‖ ≤ Γ)
  (hTaylor :
    ∀ j < K,
      ∀ (y : SparseSGD.Logistic.FluidState n),
        ‖y - x j‖ ≤ ρ → ‖Ψ y - Ψ (x j) - (J j) (y - x j)‖ ≤ L2 / 2 * ‖y - x j‖ ^ 2)
  (hA3 : SparseSGD.Logistic.FluidUnitBernstein μ ℱ Ψ X x ρ v M K)
  (hradius : 2 * SparseSGD.Logistic.fluidThreshold Γ v M K (Real.log (2 * ↑n * ↑K / δ)) ≤ ρ)
  (hsmall : 2 * ↑K * Γ * L2 * SparseSGD.Logistic.fluidThreshold Γ v M K (Real.log (2 * ↑n * ↑K / δ)) ≤ 1) :
  ENNReal.ofReal (1 - δ) ≤
    μ
      {ω |
        ∀ k ≤ K,
          ‖X k ω - x k‖ ≤ 2 * Γ * (√(2 * ↑K * v * Real.log (2 * ↑n * ↑K / δ)) + 2 * M * Real.log (2 * ↑n * ↑K / δ))}
SparseSGD.Logistic.fluid_pathwise_bootstrap.{u_1, u_2} {E : Type u_1} [NormedAddCommGroup E] [NormedSpace ℝ E]
  [MeasurableSpace E] [BorelSpace E] [SecondCountableTopology E] {Ω : Type u_2} (Ψ : E → E) (X : ℕ → Ω → E) (x : ℕ → E)
  (J : ℕ → E →L[ℝ] E) (K : ℕ) (ρ Γ L2 lambda : ℝ) (hΓ : 0 ≤ Γ) (hL2 : 0 ≤ L2) (hlambda : 0 ≤ lambda)
  (hradius : 2 * lambda ≤ ρ) (hsmall : 2 * ↑K * Γ * L2 * lambda ≤ 1) (hx : ∀ (k : ℕ), x (k + 1) = Ψ (x k))
  (hJ : ∀ k ≤ K, ∀ j < k, ‖SparseSGD.Logistic.jacobianResponse J k j‖ ≤ Γ)
  (hTaylor : ∀ j < K, ∀ (y : E), ‖y - x j‖ ≤ ρ → ‖Ψ y - Ψ (x j) - (J j) (y - x j)‖ ≤ L2 / 2 * ‖y - x j‖ ^ 2) (ω : Ω)
  (h0 : X 0 ω = x 0) (hnoise : ∀ k ≤ K, ‖SparseSGD.Logistic.fluidStoppedSum Ψ X x J ρ k ω‖ ≤ lambda) (k : ℕ) :
  k ≤ K → ‖SparseSGD.Logistic.fluidError X x k ω‖ ≤ 2 * lambda
SparseSGD.Logistic.fluid_power_learning_absorption (etaStar alpha : ℝ) (heta : 0 ≤ etaStar)
  (halpha : -(1 / 2) < alpha) :
  Filter.Tendsto (fun d => etaStar * ↑d ^ (-alpha) * √(Real.log ↑d / ↑d)) Filter.atTop (nhds 0)
SparseSGD.Logistic.gaussian_rotation_invariant {d : ℕ} (O : SparseSGD.Logistic.Vec d ≃ₗᵢ[ℝ] SparseSGD.Logistic.Vec d) :
  MeasureTheory.Measure.map (SparseSGD.Logistic.rotateNoise O) (SparseSGD.Probability.standardGaussianProduct d) =
    SparseSGD.Probability.standardGaussianProduct d
SparseSGD.Logistic.gradient_integral {d : ℕ} (H : SparseSGD.External.GaussianSteinCertificate d) (p : ↑unitInterval)
  (mu theta : SparseSGD.Logistic.Vec d) :
  ∫ (a : SparseSGD.Logistic.Sample d), SparseSGD.Logistic.gradient p mu theta a ∂SparseSGD.Logistic.sampleLaw d p =
    SparseSGD.Logistic.coefA p mu theta • theta + SparseSGD.Logistic.coefB p mu theta • mu
SparseSGD.Logistic.hasFDerivAt_slowField (r Phi theta R : ℝ) :
  HasFDerivAt (fun p => SparseSGD.Logistic.slowField r Phi p.1 p.2)
    (SparseSGD.Logistic.equilibriumJacobian (SparseSGD.Logistic.alpha theta R r) theta R) (theta, R)
SparseSGD.Logistic.logistic_fixedPoint_normalized_covariance {d B : ℕ} (eta beta : ℝ) (p : ↑unitInterval)
  (mu theta : SparseSGD.Logistic.Vec d) (s : SparseSGD.Moments) (hbeta : beta ≠ 1) (hb : 1 + beta ≠ 0)
  (hfixed : (SparseSGD.Logistic.driftParams eta beta p mu theta).step s = s) :
  s.C / (1 - beta) = -eta * SparseSGD.Logistic.coefA p mu theta * s.R / (1 + beta)
SparseSGD.Logistic.logistic_full_state_frame {d B : ℕ} (H : SparseSGD.External.GaussianSteinCertificate d) (hB : 0 < B)
  (p : ↑unitInterval) (mu theta momentum : SparseSGD.Logistic.Vec d) (hr : 0 < SparseSGD.Logistic.r mu) :
  ∃ k rest,
    k ≤ 2 ∧
      d = k + 1 + rest ∧
        ∃ muPrefix thetaPrefix axes split,
          Measurable split ∧
            MeasureTheory.Measure.map split (SparseSGD.Logistic.batchLaw d B p) =
                (SparseSGD.Logistic.batchLaw (k + 1) B p).prod
                  (MeasureTheory.Measure.pi fun x => SparseSGD.Probability.standardGaussianProduct rest) ∧
              (∀ (i : Fin k), ‖axes i‖ = 1 ∧ inner ℝ (axes i) mu = 0) ∧
                ‖muPrefix‖ = ‖mu‖ ∧
                  ‖thetaPrefix‖ = ‖theta‖ ∧
                    SparseSGD.Logistic.tameError p muPrefix thetaPrefix = SparseSGD.Logistic.tameError p mu theta ∧
                      SparseSGD.Logistic.coefD0 p muPrefix thetaPrefix = SparseSGD.Logistic.coefD0 p mu theta ∧
                        ∀ (a : SparseSGD.Logistic.Batch d B),
                          ‖SparseSGD.Logistic.bulkPart mu (SparseSGD.Logistic.centeredBatchGradient p mu theta a)‖ ^ 2 =
                            ∑ i, inner ℝ (axes i) (SparseSGD.Logistic.centeredBatchGradient p mu theta a) ^ 2 +
                              ‖SparseSGD.Logistic.residualGaussianComplement p muPrefix thetaPrefix (split a).1
                                    (split a).2‖ ^
                                2
SparseSGD.Logistic.logistic_moment_fixedPoint {d B : ℕ} (eta beta : ℝ) (p : ↑unitInterval)
  (mu theta : SparseSGD.Logistic.Vec d) (s : SparseSGD.Moments) (heta : eta ≠ 0) (hbeta : beta ≠ 1) (hb : 1 + beta ≠ 0)
  (hp0 : 0 < ↑p) (hp1 : ↑p < 1) (hu : (SparseSGD.Logistic.driftParams eta beta p mu theta).totalLoad ≠ 1)
  (hfixed : (SparseSGD.Logistic.driftParams eta beta p mu theta).step s = s) :
  s.R =
      SparseSGD.Logistic.frozenLogisticFloor d B eta (SparseSGD.Logistic.coefA p mu theta)
        (SparseSGD.Logistic.coefDtheta p mu theta) (SparseSGD.Logistic.coefD0 p mu theta)
        (eta * (1 - beta) * SparseSGD.Logistic.coefA p mu theta / (2 * (1 + beta))) ∧
    s.C = -eta * (1 - beta) * SparseSGD.Logistic.coefA p mu theta * s.R / (1 + beta) ∧
      s.V = 2 * eta * (1 - beta) * SparseSGD.Logistic.coefA p mu theta * s.R / (1 + beta)
SparseSGD.Logistic.lrIncrementScale_le_source {d B : ℕ} (eta : ℝ) (mu : SparseSGD.Logistic.Vec d) (Q K L : ℝ)
  (hd : 2 ≤ d) (hB : 0 < B) (heta : 0 ≤ eta) (hQ : 0 ≤ Q) (hK : 0 ≤ K) (hL : 0 ≤ L) :
  SparseSGD.Logistic.lrIncrementScale eta mu Q K L B ≤
    SparseSGD.Logistic.lrSourceScaleConstant Q K L * SparseSGD.Logistic.lrSourceScale d B eta mu
SparseSGD.Logistic.lrIncrementVariance_le_source {d B : ℕ} (eta : ℝ) (p : ↑unitInterval) (mu : SparseSGD.Logistic.Vec d)
  (Q K L : ℝ) (hd : 2 ≤ d) (hB : 0 < B) (hp : 0 < ↑p) :
  SparseSGD.Logistic.lrIncrementVariance eta p mu Q K L B ≤
    SparseSGD.Logistic.lrSourceVarianceConstant Q K L * SparseSGD.Logistic.lrSourceVariance d B eta p mu
SparseSGD.Logistic.martingale_stoppedProcess.{u_1} {Ω : Type u_1} {m0 : MeasurableSpace Ω} {μ : MeasureTheory.Measure Ω}
  {ℱ : MeasureTheory.Filtration ℕ m0} {f : ℕ → Ω → ℝ} {τ : Ω → WithTop ℕ} [MeasureTheory.SigmaFiniteFiltration μ ℱ]
  (hf : MeasureTheory.Martingale f ℱ μ) (hτ : MeasureTheory.IsStoppingTime ℱ τ) :
  MeasureTheory.Martingale (MeasureTheory.stoppedProcess f τ) ℱ μ
SparseSGD.Logistic.matchedColdEffective_free_decay (beta M : ℝ) (y : Fin 5 → ℝ) (n : ℕ) (hb0 : 0 ≤ beta)
  (hb1 : beta ≤ 1) (hy : ‖y‖ ≤ M) :
  ‖(SparseSGD.Logistic.matchedFreeOperator beta ^ n) (y - SparseSGD.Logistic.matchedColdEffective beta y)‖ ≤
    5 * M * beta ^ n
SparseSGD.Logistic.matchedFreeOperator_pow_norm_le_four (beta : ℝ) (hb0 : 0 ≤ beta) (hb1 : beta ≤ 1) (n : ℕ) :
  ‖SparseSGD.Logistic.matchedFreeOperator beta ^ n‖ ≤ 4
SparseSGD.Logistic.matchedJacobianResponse_bound (beta e T : ℝ) (hb0 : 0 ≤ beta) (hb1 : beta ≤ 1) (he : 0 ≤ e) (K : ℕ)
  (hclock : ↑K * e ≤ T) (J : ℕ → (Fin 5 → ℝ) →L[ℝ] Fin 5 → ℝ)
  (hJ : ∀ n < K, ‖J n - SparseSGD.Logistic.matchedFreeOperator beta‖ ≤ e) (k : ℕ) :
  k ≤ K → ∀ j < k, ‖SparseSGD.Logistic.jacobianResponse J k j‖ ≤ 4 * Real.exp (4 * T)
SparseSGD.Logistic.matchedPopulationJacobian_uniform_controls (S : SparseSGD.External.GaussianSteinCertificate 1)
  (teacherNorm T P : ℝ) (hT : 0 ≤ T) (hP : 0 ≤ P) :
  ∃ C,
    0 ≤ C ∧
      ∀ {d B : ℕ} (eta beta : ℝ) (p : ↑unitInterval) (mu : SparseSGD.Logistic.Vec d),
        SparseSGD.Logistic.r mu = teacherNorm →
          0 ≤ eta →
            0 < ↑p →
              ↑p ≤ 1 / 2 →
                ‖SparseSGD.Logistic.matchedDimensionlessParameters eta beta p mu‖ ≤ P →
                  (∀ (y : SparseSGD.Logistic.MatchedCoordinate),
                      SparseSGD.Logistic.matchedPhysical y →
                        ‖y‖ ≤ T →
                          ‖SparseSGD.Logistic.matchedPopulationJacobian eta beta p mu y -
                                SparseSGD.Logistic.matchedFreeOperator beta‖ ≤
                            C * (eta * ↑p)) ∧
                    ∀ (x y : SparseSGD.Logistic.MatchedCoordinate),
                      SparseSGD.Logistic.matchedPhysical x →
                        SparseSGD.Logistic.matchedPhysical y →
                          ‖x‖ ≤ T →
                            ‖y‖ ≤ T →
                              ‖SparseSGD.Logistic.matchedDriftMap eta beta p mu x -
                                      SparseSGD.Logistic.matchedDriftMap eta beta p mu y -
                                    (SparseSGD.Logistic.matchedPopulationJacobian eta beta p mu y) (x - y)‖ ≤
                                C * (eta * ↑p) * ‖x - y‖ ^ 2
SparseSGD.Logistic.matched_regular_small_probability_eventually_bounded (r0 delta Phi M T : ℝ) (hdelta : 0 < delta)
  (hPhi : 0 ≤ Phi) (hM : 1 ≤ M) (hT : 0 ≤ T) (v : ℝ → SparseSGD.Logistic.DynamicState)
  (hv :
    ∀ t ∈ Set.Icc 0 (T * max 1 (1 / (delta / 2))), HasDerivAt v (SparseSGD.Logistic.dynamicField r0 delta Phi (v t)) t)
  (hvM : ∀ t ∈ Set.Icc 0 (T * max 1 (1 / (delta / 2))), ‖v t‖ ≤ M - 1)
  (S : SparseSGD.External.GaussianSteinCertificate 2) :
  ∃ pCap A,
    0 < pCap ∧
      0 ≤ A ∧
        ∀ (eta beta : ℕ → ℝ) (p : ℕ → ↑unitInterval) (mu : (d : ℕ) → SparseSGD.Logistic.Vec d) (B K : ℕ → ℕ)
          (y : ℕ → ℕ → Fin 5 → ℝ),
          (∀ᶠ (d : ℕ) in Filter.atTop,
              0 < B d ∧
                0 < SparseSGD.Logistic.r (mu d) ∧
                  SparseSGD.Logistic.r (mu d) = r0 ∧ 0 < ↑(p d) ∧ 0 < eta d ∧ 0 < 1 - beta d ∧ 1 - beta d ≤ 1) →
            (∀ᶠ (d : ℕ) in Filter.atTop,
                SparseSGD.Logistic.matchedPhysical (y d 0) ∧
                  SparseSGD.Logistic.matchedToDynamic (eta d * ↑(p d) / (1 - beta d)) (y d 0) = v 0) →
              (∀ᶠ (d : ℕ) in Filter.atTop,
                  ∀ (n : ℕ), y d (n + 1) = SparseSGD.Logistic.matchedDriftMap (eta d) (beta d) (p d) (mu d) (y d n)) →
                (∀ᶠ (d : ℕ) in Filter.atTop, ↑(K d) * min (eta d * ↑(p d)) (1 - beta d) ≤ T) →
                  Filter.Tendsto (fun d => eta d * ↑(p d) / (1 - beta d)) Filter.atTop (nhds delta) →
                    Filter.Tendsto (fun d => SparseSGD.Logistic.dynamicSourceLoad d (B d) (eta d)) Filter.atTop
                        (nhds Phi) →
                      Filter.Tendsto (fun d => 1 - beta d) Filter.atTop (nhds 0) →
                        (∀ᶠ (d : ℕ) in Filter.atTop, ↑(p d) ≤ pCap) → ∀ᶠ (d : ℕ) in Filter.atTop, ∀ n ≤ K d, ‖y d n‖ ≤ A
SparseSGD.Logistic.matched_warm_slow_small_probability_eventually_bounded (r0 Phi M T W : ℝ) (hr0 : 0 ≤ r0)
  (hPhi : 0 ≤ Phi) (hM : 2 ≤ M) (hT : 0 ≤ T) (hW : 0 ≤ W) (v : ℝ → ℝ × ℝ)
  (hv : ∀ t ∈ Set.Icc 0 T, HasDerivAt v (SparseSGD.Logistic.slowVectorField r0 Phi (v t)) t)
  (hvM : ∀ t ∈ Set.Icc 0 T, ‖v t‖ ≤ M - 2) (S1 : SparseSGD.External.GaussianSteinCertificate 1)
  (S2 : SparseSGD.External.GaussianSteinCertificate 2) :
  ∃ pCap A,
    0 < pCap ∧
      0 ≤ A ∧
        ∀ (eta beta : ℕ → ℝ) (p : ℕ → ↑unitInterval) (mu : (d : ℕ) → SparseSGD.Logistic.Vec d) (B K : ℕ → ℕ)
          (y : ℕ → ℕ → Fin 5 → ℝ),
          (∀ᶠ (d : ℕ) in Filter.atTop,
              0 < B d ∧
                0 < SparseSGD.Logistic.r (mu d) ∧
                  SparseSGD.Logistic.r (mu d) = r0 ∧ 0 < ↑(p d) ∧ 0 < eta d ∧ 0 < 1 - beta d ∧ 1 - beta d ≤ 1) →
            (∀ᶠ (d : ℕ) in Filter.atTop,
                SparseSGD.Logistic.matchedPhysical (y d 0) ∧
                  ‖y d 0‖ ≤ W ∧ SparseSGD.Logistic.matchedEffectiveSlow (beta d) (y d 0) = v 0) →
              (∀ᶠ (d : ℕ) in Filter.atTop,
                  ∀ (n : ℕ), y d (n + 1) = SparseSGD.Logistic.matchedDriftMap (eta d) (beta d) (p d) (mu d) (y d n)) →
                (∀ᶠ (d : ℕ) in Filter.atTop, ↑(K d) * min (eta d * ↑(p d)) (1 - beta d) ≤ T) →
                  Filter.Tendsto (fun d => eta d * ↑(p d) / (1 - beta d)) Filter.atTop (nhds 0) →
                    Filter.Tendsto (fun d => eta d * ↑(p d)) Filter.atTop (nhds 0) →
                      Filter.Tendsto (fun d => SparseSGD.Logistic.dynamicSourceLoad d (B d) (eta d)) Filter.atTop
                          (nhds Phi) →
                        (∀ᶠ (d : ℕ) in Filter.atTop, ↑(p d) ≤ pCap) → ∀ᶠ (d : ℕ) in Filter.atTop, ∀ n ≤ K d, ‖y d n‖ ≤ A
SparseSGD.Logistic.populationLoss_canonical_equilibrium_floor {d : ℕ}
  (H : SparseSGD.External.GaussianSteinCertificate d) (p : ↑unitInterval) (mu theta : SparseSGD.Logistic.Vec d)
  (Phi : ℝ) (hr : 0 < SparseSGD.Logistic.r mu) (hPhi : 0 ≤ Phi) (hPhi1 : Phi ≤ 1)
  (hsignal : SparseSGD.Logistic.signalCoord mu theta = SparseSGD.Logistic.positiveRoot (SparseSGD.Logistic.r mu) Phi)
  (hbulk :
    ‖SparseSGD.Logistic.bulkPart mu theta‖ ^ 2 = SparseSGD.Logistic.equilibriumBulk (SparseSGD.Logistic.r mu) Phi)
  (hp0 : 0 < ↑p) (htame : SparseSGD.Logistic.tameError p mu theta ≤ 1 / 2) :
  |SparseSGD.Logistic.excessLoss p mu theta - ↑p * Phi / 2| ≤
    ((6 * Real.exp (1 / 2) + 2) * Real.exp (SparseSGD.Logistic.r mu ^ 2 / 2) * (1 + SparseSGD.Logistic.r mu ^ 2) +
            (2 + SparseSGD.Logistic.r mu ^ 2)) *
          ↑p *
        Phi *
      (SparseSGD.Logistic.tameError p mu theta + Phi)
SparseSGD.Logistic.populationLoss_canonical_equilibrium_relative_error {d : ℕ}
  (H : SparseSGD.External.GaussianSteinCertificate d) (p : ↑unitInterval) (mu theta : SparseSGD.Logistic.Vec d)
  (Phi : ℝ) (hr : 0 < SparseSGD.Logistic.r mu) (hPhi : 0 < Phi) (hPhi1 : Phi ≤ 1)
  (hsignal : SparseSGD.Logistic.signalCoord mu theta = SparseSGD.Logistic.positiveRoot (SparseSGD.Logistic.r mu) Phi)
  (hbulk :
    ‖SparseSGD.Logistic.bulkPart mu theta‖ ^ 2 = SparseSGD.Logistic.equilibriumBulk (SparseSGD.Logistic.r mu) Phi)
  (hp0 : 0 < ↑p) (htame : SparseSGD.Logistic.tameError p mu theta ≤ 1 / 2) :
  |2 * SparseSGD.Logistic.excessLoss p mu theta / (↑p * Phi) - 1| ≤
    2 *
        ((6 * Real.exp (1 / 2) + 2) * Real.exp (SparseSGD.Logistic.r mu ^ 2 / 2) * (1 + SparseSGD.Logistic.r mu ^ 2) +
          (2 + SparseSGD.Logistic.r mu ^ 2)) *
      (SparseSGD.Logistic.tameError p mu theta + Phi)
SparseSGD.Logistic.populationLoss_equilibrium_alpha_floor {d : ℕ} (H : SparseSGD.External.GaussianSteinCertificate d)
  (p : ↑unitInterval) (mu theta : SparseSGD.Logistic.Vec d) (r Phi t R : ℝ) (hr : 0 < r) (hPhi : 0 ≤ Phi)
  (hPhi1 : Phi ≤ 1) (ht : 0 < t) (hf : SparseSGD.Logistic.slowField r Phi t R = (0, 0)) (hmu : ‖mu‖ = r)
  (hinner : inner ℝ theta mu = r * t) (hnorm : ‖theta‖ ^ 2 = t ^ 2 + R) (hp0 : 0 < ↑p)
  (htame : SparseSGD.Logistic.tameError p mu theta ≤ 1 / 2) :
  |SparseSGD.Logistic.excessLoss p mu theta - ↑p * SparseSGD.Logistic.alpha t R r * R / 2| ≤
    ((6 * Real.exp (1 / 2) + 2) * Real.exp (r ^ 2 / 2) * (1 + r ^ 2) + (2 + r ^ 2)) * ↑p * Phi *
      (SparseSGD.Logistic.tameError p mu theta + Phi)
SparseSGD.Logistic.populationLoss_equilibrium_floor {d : ℕ} (H : SparseSGD.External.GaussianSteinCertificate d)
  (p : ↑unitInterval) (mu theta : SparseSGD.Logistic.Vec d) (r Phi t R : ℝ) (hr : 0 < r) (hPhi : 0 ≤ Phi)
  (hPhi1 : Phi ≤ 1) (ht : 0 < t) (hf : SparseSGD.Logistic.slowField r Phi t R = (0, 0)) (hmu : ‖mu‖ = r)
  (hinner : inner ℝ theta mu = r * t) (hnorm : ‖theta‖ ^ 2 = t ^ 2 + R) (hp0 : 0 < ↑p)
  (htame : SparseSGD.Logistic.tameError p mu theta ≤ 1 / 2) :
  |SparseSGD.Logistic.excessLoss p mu theta - ↑p * Phi / 2| ≤
    ((6 * Real.exp (1 / 2) + 2) * Real.exp (r ^ 2 / 2) * (1 + r ^ 2) + (2 + r ^ 2)) * ↑p * Phi *
      (SparseSGD.Logistic.tameError p mu theta + Phi)
SparseSGD.Logistic.positive_root_lt_r (r Phi theta : ℝ) (hr : 0 < r) (hPhi : 0 < Phi) (hθ : 0 < theta)
  (hroot : SparseSGD.Logistic.g r Phi theta = r) : theta < r
SparseSGD.Logistic.process {d B : ℕ} (eta beta : ℝ) (p : ↑unitInterval) (mu : SparseSGD.Logistic.Vec d)
  (ω : SparseSGD.Logistic.World d B) : ℕ → SparseSGD.Logistic.State d
SparseSGD.Logistic.process_conditional_bulk_drift {d B : ℕ} (H : SparseSGD.External.GaussianSteinCertificate d)
  (hB : 0 < B) (eta beta : ℝ) (p : ↑unitInterval) (mu : SparseSGD.Logistic.Vec d) (hr : 0 < SparseSGD.Logistic.r mu)
  (hp0 : 0 < ↑p) (hp1 : ↑p < 1) (ρ : MeasureTheory.Measure (SparseSGD.Logistic.State d))
  [MeasureTheory.IsProbabilityMeasure ρ] (hθ0 : MeasureTheory.MemLp (fun s => s.1) 2 ρ)
  (hm0 : MeasureTheory.MemLp (fun s => s.2) 2 ρ) (k : ℕ) :
  ((SparseSGD.Logistic.worldLaw p ρ)[fun ω =>
        ‖SparseSGD.Logistic.bulkPart mu (SparseSGD.Logistic.process eta beta p mu ω (k + 1)).1‖ ^ 2 |
        SparseSGD.Logistic.pastSigma d B k] =ᵐ[SparseSGD.Logistic.worldLaw p ρ]
      fun ω => (SparseSGD.Logistic.stepBulkMoments eta beta p mu (SparseSGD.Logistic.process eta beta p mu ω k)).R) ∧
    ((SparseSGD.Logistic.worldLaw p ρ)[fun ω =>
          ‖eta • SparseSGD.Logistic.bulkPart mu (SparseSGD.Logistic.process eta beta p mu ω (k + 1)).2‖ ^ 2 |
          SparseSGD.Logistic.pastSigma d B k] =ᵐ[SparseSGD.Logistic.worldLaw p ρ]
        fun ω => (SparseSGD.Logistic.stepBulkMoments eta beta p mu (SparseSGD.Logistic.process eta beta p mu ω k)).V) ∧
      (SparseSGD.Logistic.worldLaw p ρ)[fun ω =>
          inner ℝ (SparseSGD.Logistic.bulkPart mu (SparseSGD.Logistic.process eta beta p mu ω (k + 1)).1)
            (eta • SparseSGD.Logistic.bulkPart mu (SparseSGD.Logistic.process eta beta p mu ω (k + 1)).2) |
          SparseSGD.Logistic.pastSigma d B k] =ᵐ[SparseSGD.Logistic.worldLaw p ρ]
        fun ω => (SparseSGD.Logistic.stepBulkMoments eta beta p mu (SparseSGD.Logistic.process eta beta p mu ω k)).C
SparseSGD.Logistic.process_conditional_signal_drift {d B : ℕ} (H : SparseSGD.External.GaussianSteinCertificate d)
  (hB : 0 < B) (eta beta : ℝ) (p : ↑unitInterval) (mu : SparseSGD.Logistic.Vec d) (hr : 0 < SparseSGD.Logistic.r mu)
  (ρ : MeasureTheory.Measure (SparseSGD.Logistic.State d)) [MeasureTheory.IsProbabilityMeasure ρ]
  (hθ0 : MeasureTheory.MemLp (fun s => s.1) 2 ρ) (hm0 : MeasureTheory.MemLp (fun s => s.2) 2 ρ) (k : ℕ) :
  ((SparseSGD.Logistic.worldLaw p ρ)[fun ω =>
        SparseSGD.Logistic.signalCoord mu (SparseSGD.Logistic.process eta beta p mu ω (k + 1)).2 |
        SparseSGD.Logistic.pastSigma d B k] =ᵐ[SparseSGD.Logistic.worldLaw p ρ]
      fun ω =>
      beta * SparseSGD.Logistic.signalCoord mu (SparseSGD.Logistic.process eta beta p mu ω k).2 +
        (1 - beta) *
          (SparseSGD.Logistic.coefA p mu (SparseSGD.Logistic.process eta beta p mu ω k).1 *
              SparseSGD.Logistic.signalCoord mu (SparseSGD.Logistic.process eta beta p mu ω k).1 +
            SparseSGD.Logistic.coefB p mu (SparseSGD.Logistic.process eta beta p mu ω k).1 * SparseSGD.Logistic.r mu)) ∧
    (SparseSGD.Logistic.worldLaw p ρ)[fun ω =>
        SparseSGD.Logistic.signalCoord mu (SparseSGD.Logistic.process eta beta p mu ω (k + 1)).1 |
        SparseSGD.Logistic.pastSigma d B k] =ᵐ[SparseSGD.Logistic.worldLaw p ρ]
      fun ω =>
      SparseSGD.Logistic.signalCoord mu (SparseSGD.Logistic.process eta beta p mu ω k).1 -
        eta *
          (beta * SparseSGD.Logistic.signalCoord mu (SparseSGD.Logistic.process eta beta p mu ω k).2 +
            (1 - beta) *
              (SparseSGD.Logistic.coefA p mu (SparseSGD.Logistic.process eta beta p mu ω k).1 *
                  SparseSGD.Logistic.signalCoord mu (SparseSGD.Logistic.process eta beta p mu ω k).1 +
                SparseSGD.Logistic.coefB p mu (SparseSGD.Logistic.process eta beta p mu ω k).1 *
                  SparseSGD.Logistic.r mu))
SparseSGD.Logistic.process_source_conditional_bulk_drift {d B : ℕ} (H : SparseSGD.External.GaussianSteinCertificate d)
  (hB : 0 < B) (eta beta : ℝ) (p : ↑unitInterval) (mu : SparseSGD.Logistic.Vec d) (hr : 0 < SparseSGD.Logistic.r mu)
  (hp0 : 0 < ↑p) (hp1 : ↑p < 1) (ρ : MeasureTheory.Measure (SparseSGD.Logistic.State d))
  [MeasureTheory.IsProbabilityMeasure ρ] (hθ0 : MeasureTheory.MemLp (fun s => s.1) 2 ρ)
  (hm0 : MeasureTheory.MemLp (fun s => s.2) 2 ρ) (k : ℕ) :
  ((SparseSGD.Logistic.worldLaw p ρ)[fun ω =>
        ‖SparseSGD.Logistic.bulkPart mu (SparseSGD.Logistic.process eta beta p mu ω (k + 1)).1‖ ^ 2 |
        SparseSGD.Logistic.sourceSigma d B eta beta p mu k] =ᵐ[SparseSGD.Logistic.worldLaw p ρ]
      fun ω => (SparseSGD.Logistic.stepBulkMoments eta beta p mu (SparseSGD.Logistic.process eta beta p mu ω k)).R) ∧
    ((SparseSGD.Logistic.worldLaw p ρ)[fun ω =>
          ‖eta • SparseSGD.Logistic.bulkPart mu (SparseSGD.Logistic.process eta beta p mu ω (k + 1)).2‖ ^ 2 |
          SparseSGD.Logistic.sourceSigma d B eta beta p mu k] =ᵐ[SparseSGD.Logistic.worldLaw p ρ]
        fun ω => (SparseSGD.Logistic.stepBulkMoments eta beta p mu (SparseSGD.Logistic.process eta beta p mu ω k)).V) ∧
      (SparseSGD.Logistic.worldLaw p ρ)[fun ω =>
          inner ℝ (SparseSGD.Logistic.bulkPart mu (SparseSGD.Logistic.process eta beta p mu ω (k + 1)).1)
            (eta • SparseSGD.Logistic.bulkPart mu (SparseSGD.Logistic.process eta beta p mu ω (k + 1)).2) |
          SparseSGD.Logistic.sourceSigma d B eta beta p mu k] =ᵐ[SparseSGD.Logistic.worldLaw p ρ]
        fun ω => (SparseSGD.Logistic.stepBulkMoments eta beta p mu (SparseSGD.Logistic.process eta beta p mu ω k)).C
SparseSGD.Logistic.process_source_conditional_signal_drift {d B : ℕ} (H : SparseSGD.External.GaussianSteinCertificate d)
  (hB : 0 < B) (eta beta : ℝ) (p : ↑unitInterval) (mu : SparseSGD.Logistic.Vec d) (hr : 0 < SparseSGD.Logistic.r mu)
  (ρ : MeasureTheory.Measure (SparseSGD.Logistic.State d)) [MeasureTheory.IsProbabilityMeasure ρ]
  (hθ0 : MeasureTheory.MemLp (fun s => s.1) 2 ρ) (hm0 : MeasureTheory.MemLp (fun s => s.2) 2 ρ) (k : ℕ) :
  ((SparseSGD.Logistic.worldLaw p ρ)[fun ω =>
        SparseSGD.Logistic.signalCoord mu (SparseSGD.Logistic.process eta beta p mu ω (k + 1)).2 |
        SparseSGD.Logistic.sourceSigma d B eta beta p mu k] =ᵐ[SparseSGD.Logistic.worldLaw p ρ]
      fun ω =>
      beta * SparseSGD.Logistic.signalCoord mu (SparseSGD.Logistic.process eta beta p mu ω k).2 +
        (1 - beta) *
          (SparseSGD.Logistic.coefA p mu (SparseSGD.Logistic.process eta beta p mu ω k).1 *
              SparseSGD.Logistic.signalCoord mu (SparseSGD.Logistic.process eta beta p mu ω k).1 +
            SparseSGD.Logistic.coefB p mu (SparseSGD.Logistic.process eta beta p mu ω k).1 * SparseSGD.Logistic.r mu)) ∧
    (SparseSGD.Logistic.worldLaw p ρ)[fun ω =>
        SparseSGD.Logistic.signalCoord mu (SparseSGD.Logistic.process eta beta p mu ω (k + 1)).1 |
        SparseSGD.Logistic.sourceSigma d B eta beta p mu k] =ᵐ[SparseSGD.Logistic.worldLaw p ρ]
      fun ω =>
      SparseSGD.Logistic.signalCoord mu (SparseSGD.Logistic.process eta beta p mu ω k).1 -
        eta *
          (beta * SparseSGD.Logistic.signalCoord mu (SparseSGD.Logistic.process eta beta p mu ω k).2 +
            (1 - beta) *
              (SparseSGD.Logistic.coefA p mu (SparseSGD.Logistic.process eta beta p mu ω k).1 *
                  SparseSGD.Logistic.signalCoord mu (SparseSGD.Logistic.process eta beta p mu ω k).1 +
                SparseSGD.Logistic.coefB p mu (SparseSGD.Logistic.process eta beta p mu ω k).1 *
                  SparseSGD.Logistic.r mu))
SparseSGD.Logistic.process_tame_matchedIncrement_dual_condLExp {d B : ℕ}
  (H : ∀ (n : ℕ), SparseSGD.External.BernsteinMomentsCertificate (SparseSGD.Logistic.Sample n))
  (J : ∀ (n : ℕ), SparseSGD.External.HoeffdingCertificate (SparseSGD.Logistic.Sample n))
  (G : SparseSGD.External.GaussianQuadraticCertificate) (S : SparseSGD.External.GaussianSteinCertificate d)
  (eta beta : ℝ) (p : ↑unitInterval) (mu : SparseSGD.Logistic.Vec d)
  (ρ : MeasureTheory.Measure (SparseSGD.Logistic.State d)) [MeasureTheory.IsProbabilityMeasure ρ] (j : ℕ)
  (U : Set (SparseSGD.Logistic.State d)) (ell : (Fin 5 → ℝ) →L[ℝ] ℝ) (Q K L t : ℝ) (hB : 0 < B) (hp : 0 < ↑p)
  (hr : 0 < SparseSGD.Logistic.r mu) (heta : 0 ≤ eta) (hbeta : 0 ≤ beta) (hbeta1 : beta < 1) (hell : ‖ell‖ ≤ 1)
  (htame : ∀ s ∈ U, SparseSGD.Logistic.tameError p mu s.1 ≤ 1 / 2) (hθ : ∀ s ∈ U, ‖s.1‖ ≤ Q)
  (hm : ∀ s ∈ U, ‖(eta / (1 - beta)) • SparseSGD.Logistic.bulkPart mu s.2‖ ≤ K) (hstep : eta * ↑p ≤ L)
  (ht : |t| * SparseSGD.Logistic.lrIncrementScale eta mu Q K L B < 1) :
  ∀ᵐ (ω : SparseSGD.Logistic.World d B) ∂SparseSGD.Logistic.worldLaw p ρ,
    SparseSGD.Logistic.process eta beta p mu ω j ∈ U →
      (SparseSGD.Logistic.worldLaw p ρ)⁻[fun ω =>
            ENNReal.ofReal
              (Real.exp
                (t *
                  ell
                    (SparseSGD.Logistic.matchedIncrement eta beta p mu (SparseSGD.Logistic.process eta beta p mu ω j)
                      (ω.2 j)))) |
            SparseSGD.Logistic.pastSigma d B j]
          ω ≤
        ENNReal.ofReal
          (Real.exp
            (t ^ 2 * SparseSGD.Logistic.lrIncrementVariance eta p mu Q K L B /
              (2 * (1 - |t| * SparseSGD.Logistic.lrIncrementScale eta mu Q K L B))))
SparseSGD.Logistic.process_tame_projection_condLExp {d B : ℕ}
  (H : SparseSGD.External.BernsteinMomentsCertificate (SparseSGD.Logistic.Sample d)) (eta beta : ℝ) (p : ↑unitInterval)
  (mu : SparseSGD.Logistic.Vec d) (ρ : MeasureTheory.Measure (SparseSGD.Logistic.State d))
  [MeasureTheory.IsProbabilityMeasure ρ] (k : ℕ) (u : SparseSGD.Logistic.State d → SparseSGD.Logistic.Vec d)
  (hu : Measurable u) (U : Set (SparseSGD.Logistic.State d)) (Q t : ℝ) (hB : 0 < B) (hp : 0 < ↑p)
  (htame : ∀ s ∈ U, SparseSGD.Logistic.tameError p mu s.1 ≤ 1 / 2) (hθ : ∀ s ∈ U, ‖s.1‖ ≤ Q)
  (hunit : ∀ s ∈ U, ‖u s‖ ≤ 1) (ht : |t| * (SparseSGD.Logistic.projectionScale mu / ↑B) < 1) :
  ∀ᵐ (ω : SparseSGD.Logistic.World d B) ∂SparseSGD.Logistic.worldLaw p ρ,
    SparseSGD.Logistic.process eta beta p mu ω k ∈ U →
      (SparseSGD.Logistic.worldLaw p ρ)⁻[fun ω =>
            ENNReal.ofReal
              (Real.exp
                (t *
                  inner ℝ (u (SparseSGD.Logistic.process eta beta p mu ω k))
                    (SparseSGD.Logistic.centeredBatchGradient p mu (SparseSGD.Logistic.process eta beta p mu ω k).1
                      (ω.2 k)))) |
            SparseSGD.Logistic.pastSigma d B k]
          ω ≤
        ENNReal.ofReal
          (Real.exp
            (t ^ 2 * (SparseSGD.Logistic.projectionVariance p mu Q / ↑B) /
              (2 * (1 - |t| * (SparseSGD.Logistic.projectionScale mu / ↑B)))))
SparseSGD.Logistic.prop_LR2 (r0 Phi T : ℝ) (hPhi : 0 ≤ Phi) (hT : 0 ≤ T) (y : ℝ → ℝ × ℝ)
  (hy : ∀ t ∈ Set.Icc 0 T, HasDerivAt y (SparseSGD.Logistic.slowVectorField r0 Phi (y t)) t) :
  ∃ C,
    0 < C ∧
      ∀ {d B : ℕ} (eta beta : ℝ) (p : ↑unitInterval) (mu : SparseSGD.Logistic.Vec d)
        (theta : ℕ → SparseSGD.Logistic.Vec d) (x : ℕ → SparseSGD.Logistic.DynamicState) (N : ℕ) (e : ℝ),
        SparseSGD.Logistic.r mu = r0 →
          SparseSGD.Logistic.dynamicSourceLoad d B eta = Phi →
            0 < ↑p →
              0 < B →
                2 ≤ d →
                  0 ≤ eta →
                    0 < 1 - beta →
                      1 - beta ≤ 1 →
                        0 ≤ e →
                          e ≤ 1 / 2 →
                            ↑N * (eta * ↑p) ≤ T →
                              SparseSGD.Logistic.slowPosition (x 0) = y 0 →
                                x 0 1 = 0 →
                                  x 0 3 = 0 →
                                    x 0 4 = 0 →
                                      (∀ n < N, ‖theta n‖ ^ 2 = x n 0 ^ 2 + x n 2) →
                                        (∀ n < N, SparseSGD.Logistic.tameError p mu (theta n) ≤ e) →
                                          (∀ n < N,
                                              x (n + 1) =
                                                SparseSGD.Logistic.slowDriftMap eta beta p mu (theta n) (x n)) →
                                            C * (eta * ↑p / (1 - beta) + eta * ↑p + e) ≤ 1 →
                                              ∀ n ≤ N,
                                                |x n 0 - (y (↑n * (eta * ↑p))).1| + |x n 2 - (y (↑n * (eta * ↑p))).2| ≤
                                                  C * (eta * ↑p / (1 - beta) + eta * ↑p + e)
SparseSGD.Logistic.prop_LR34 (r0 delta0 Phi0 T : ℝ) (hd0 : 0 < delta0) (hT : 0 ≤ T)
  (y : ℝ → SparseSGD.Logistic.DynamicState)
  (hy : ∀ t ∈ Set.Icc 0 T, HasDerivAt y (SparseSGD.Logistic.dynamicField r0 delta0 Phi0 (y t)) t) :
  ∃ C,
    0 < C ∧
      ∀ {d B : ℕ} (eta beta : ℝ) (p : ↑unitInterval) (mu : SparseSGD.Logistic.Vec d)
        (theta : ℕ → SparseSGD.Logistic.Vec d) (x : ℕ → SparseSGD.Logistic.DynamicState) (N : ℕ) (e : ℝ),
        SparseSGD.Logistic.r mu = r0 →
          0 < ↑p →
            0 < B →
              2 ≤ d →
                0 < eta →
                  0 < 1 - beta →
                    1 - beta ≤ 1 →
                      0 ≤ e →
                        e ≤ 1 / 2 →
                          |eta * ↑p / (1 - beta) - delta0| ≤ delta0 / 2 →
                            |SparseSGD.Logistic.dynamicSourceLoad d B eta - Phi0| ≤ 1 →
                              ↑N * (1 - beta) ≤ T →
                                x 0 = y 0 →
                                  (∀ k < N, ‖theta k‖ ^ 2 = x k 0 ^ 2 + x k 2) →
                                    (∀ k < N, SparseSGD.Logistic.tameError p mu (theta k) ≤ e) →
                                      (∀ k < N,
                                          x (k + 1) =
                                            SparseSGD.Logistic.dynamicDriftMap eta beta p mu (theta k) (x k)) →
                                        C *
                                              (1 - beta + |eta * ↑p / (1 - beta) - delta0| +
                                                  |SparseSGD.Logistic.dynamicSourceLoad d B eta - Phi0| +
                                                e) ≤
                                            1 →
                                          ∀ n ≤ N,
                                            ‖x n - y (↑n * (1 - beta))‖ ≤
                                              C *
                                                (1 - beta + |eta * ↑p / (1 - beta) - delta0| +
                                                    |SparseSGD.Logistic.dynamicSourceLoad d B eta - Phi0| +
                                                  e)
SparseSGD.Logistic.reducedKernel {d B : ℕ} (eta beta : ℝ) (p : ↑unitInterval) (mu : SparseSGD.Logistic.Vec d)
  (hr : 0 < SparseSGD.Logistic.r mu) :
  ProbabilityTheory.Kernel ↑(SparseSGD.Logistic.ReducedState mu) ↑(SparseSGD.Logistic.ReducedState mu)
SparseSGD.Logistic.reducedKernel_apply_reduceState {d B : ℕ} (eta beta : ℝ) (p : ↑unitInterval)
  (mu : SparseSGD.Logistic.Vec d) (hr : 0 < SparseSGD.Logistic.r mu) (s : SparseSGD.Logistic.State d) :
  (SparseSGD.Logistic.reducedKernel eta beta p mu hr) (SparseSGD.Logistic.reduceState mu s) =
    (SparseSGD.Logistic.fullSummaryKernel eta beta p mu) s
SparseSGD.Logistic.reducedKernel_drift {d B : ℕ} (H : SparseSGD.External.GaussianSteinCertificate d) (hB : 0 < B)
  (eta beta : ℝ) (p : ↑unitInterval) (mu : SparseSGD.Logistic.Vec d) (hr : 0 < SparseSGD.Logistic.r mu) (hp0 : 0 < ↑p)
  (hp1 : ↑p < 1) (s : SparseSGD.Logistic.State d) :
  ∫ (x : ↑(SparseSGD.Logistic.ReducedState mu)),
        (↑x).2.1 ∂(SparseSGD.Logistic.reducedKernel eta beta p mu hr) (SparseSGD.Logistic.reduceState mu s) =
      beta * SparseSGD.Logistic.signalCoord mu s.2 +
        (1 - beta) *
          (SparseSGD.Logistic.coefA p mu s.1 * SparseSGD.Logistic.signalCoord mu s.1 +
            SparseSGD.Logistic.coefB p mu s.1 * SparseSGD.Logistic.r mu) ∧
    ∫ (x : ↑(SparseSGD.Logistic.ReducedState mu)),
          (↑x).1 ∂(SparseSGD.Logistic.reducedKernel eta beta p mu hr) (SparseSGD.Logistic.reduceState mu s) =
        SparseSGD.Logistic.signalCoord mu s.1 -
          eta *
            (beta * SparseSGD.Logistic.signalCoord mu s.2 +
              (1 - beta) *
                (SparseSGD.Logistic.coefA p mu s.1 * SparseSGD.Logistic.signalCoord mu s.1 +
                  SparseSGD.Logistic.coefB p mu s.1 * SparseSGD.Logistic.r mu)) ∧
      {
          R :=
            ∫ (x : ↑(SparseSGD.Logistic.ReducedState mu)),
              (↑x).2.2.1 ∂(SparseSGD.Logistic.reducedKernel eta beta p mu hr) (SparseSGD.Logistic.reduceState mu s),
          V :=
            eta ^ 2 *
              ∫ (x : ↑(SparseSGD.Logistic.ReducedState mu)),
                (↑x).2.2.2.1 ∂(SparseSGD.Logistic.reducedKernel eta beta p mu hr) (SparseSGD.Logistic.reduceState mu s),
          C :=
            eta *
              ∫ (x : ↑(SparseSGD.Logistic.ReducedState mu)),
                (↑x).2.2.2.2 ∂(SparseSGD.Logistic.reducedKernel eta beta p mu hr)
                  (SparseSGD.Logistic.reduceState mu s) } =
        (SparseSGD.Logistic.driftParams eta beta p mu s.1).step
          { R := ‖SparseSGD.Logistic.bulkPart mu s.1‖ ^ 2, V := eta ^ 2 * ‖SparseSGD.Logistic.bulkPart mu s.2‖ ^ 2,
            C := eta * inner ℝ (SparseSGD.Logistic.bulkPart mu s.1) (SparseSGD.Logistic.bulkPart mu s.2) }
SparseSGD.Logistic.reducedProcess_markov {d B : ℕ} (eta beta : ℝ) (p : ↑unitInterval) (mu : SparseSGD.Logistic.Vec d)
  (hr : 0 < SparseSGD.Logistic.r mu) (ρ : MeasureTheory.Measure (SparseSGD.Logistic.State d))
  [MeasureTheory.IsProbabilityMeasure ρ] (k : ℕ) (h : ↑(SparseSGD.Logistic.ReducedState mu) → ℝ) (hh : Measurable h)
  (C : ℝ) (hC : ∀ (x : ↑(SparseSGD.Logistic.ReducedState mu)), |h x| ≤ C) :
  (SparseSGD.Logistic.worldLaw p ρ)[fun ω => h (SparseSGD.Logistic.reducedProcess eta beta p mu ω (k + 1)) |
      SparseSGD.Logistic.reducedSigma d B eta beta p mu k] =ᵐ[SparseSGD.Logistic.worldLaw p ρ]
    fun ω =>
    ∫ (x : ↑(SparseSGD.Logistic.ReducedState mu)),
      h x ∂(SparseSGD.Logistic.reducedKernel eta beta p mu hr) (SparseSGD.Logistic.reducedProcess eta beta p mu ω k)
SparseSGD.Logistic.sampleLaw (d : ℕ) (p : ↑unitInterval) : MeasureTheory.Measure (SparseSGD.Logistic.Sample d)
SparseSGD.Logistic.scalarCoefA_second_derivatives (S : SparseSGD.External.GaussianSteinCertificate 1)
  (p : ↑unitInterval) (r t q : ℝ) (hq : 0 ≤ q) :
  HasDerivAt (fun t => SparseSGD.Logistic.scalarCoefAJet 1 0 p r t q) (SparseSGD.Logistic.scalarCoefAJet 2 0 p r t q)
      t ∧
    HasDerivWithinAt (fun q => SparseSGD.Logistic.scalarCoefAJet 1 0 p r t q)
        (SparseSGD.Logistic.scalarCoefAJet 1 1 p r t q) (Set.Ici 0) q ∧
      HasDerivAt (fun t => SparseSGD.Logistic.scalarCoefAJet 0 1 p r t q)
          (SparseSGD.Logistic.scalarCoefAJet 1 1 p r t q) t ∧
        HasDerivWithinAt (fun q => SparseSGD.Logistic.scalarCoefAJet 0 1 p r t q)
          (SparseSGD.Logistic.scalarCoefAJet 0 2 p r t q) (Set.Ici 0) q
SparseSGD.Logistic.scalarCoefA_signal_hasDerivAt (p : ↑unitInterval) (r t q : ℝ) :
  HasDerivAt (fun t => SparseSGD.Logistic.scalarCoefA p r t q) (SparseSGD.Logistic.scalarCoefAJet 1 0 p r t q) t
SparseSGD.Logistic.scalarCoefA_variance_hasDerivWithinAt (S : SparseSGD.External.GaussianSteinCertificate 1)
  (p : ↑unitInterval) (r t q : ℝ) (hq : 0 ≤ q) :
  HasDerivWithinAt (fun q => SparseSGD.Logistic.scalarCoefA p r t q) (SparseSGD.Logistic.scalarCoefAJet 0 1 p r t q)
    (Set.Ici 0) q
SparseSGD.Logistic.scalarCoefB_second_derivatives (S : SparseSGD.External.GaussianSteinCertificate 1)
  (p : ↑unitInterval) (r t q : ℝ) (hq : 0 ≤ q) :
  HasDerivAt (fun t => SparseSGD.Logistic.scalarCoefBJet 1 0 p r t q) (SparseSGD.Logistic.scalarCoefBJet 2 0 p r t q)
      t ∧
    HasDerivWithinAt (fun q => SparseSGD.Logistic.scalarCoefBJet 1 0 p r t q)
        (SparseSGD.Logistic.scalarCoefBJet 1 1 p r t q) (Set.Ici 0) q ∧
      HasDerivAt (fun t => SparseSGD.Logistic.scalarCoefBJet 0 1 p r t q)
          (SparseSGD.Logistic.scalarCoefBJet 1 1 p r t q) t ∧
        HasDerivWithinAt (fun q => SparseSGD.Logistic.scalarCoefBJet 0 1 p r t q)
          (SparseSGD.Logistic.scalarCoefBJet 0 2 p r t q) (Set.Ici 0) q
SparseSGD.Logistic.scalarCoefB_signal_hasDerivAt (p : ↑unitInterval) (r t q : ℝ) :
  HasDerivAt (fun t => SparseSGD.Logistic.scalarCoefB p r t q) (SparseSGD.Logistic.scalarCoefBJet 1 0 p r t q) t
SparseSGD.Logistic.scalarCoefB_variance_hasDerivWithinAt (S : SparseSGD.External.GaussianSteinCertificate 1)
  (p : ↑unitInterval) (r t q : ℝ) (hq : 0 ≤ q) :
  HasDerivWithinAt (fun q => SparseSGD.Logistic.scalarCoefB p r t q) (SparseSGD.Logistic.scalarCoefBJet 0 1 p r t q)
    (Set.Ici 0) q
SparseSGD.Logistic.scalarCoefD0_second_derivatives (S : SparseSGD.External.GaussianSteinCertificate 1)
  (p : ↑unitInterval) (r t q : ℝ) (hq : 0 ≤ q) :
  HasDerivAt (fun t => SparseSGD.Logistic.scalarCoefD0Jet 1 0 p r t q) (SparseSGD.Logistic.scalarCoefD0Jet 2 0 p r t q)
      t ∧
    HasDerivWithinAt (fun q => SparseSGD.Logistic.scalarCoefD0Jet 1 0 p r t q)
        (SparseSGD.Logistic.scalarCoefD0Jet 1 1 p r t q) (Set.Ici 0) q ∧
      HasDerivAt (fun t => SparseSGD.Logistic.scalarCoefD0Jet 0 1 p r t q)
          (SparseSGD.Logistic.scalarCoefD0Jet 1 1 p r t q) t ∧
        HasDerivWithinAt (fun q => SparseSGD.Logistic.scalarCoefD0Jet 0 1 p r t q)
          (SparseSGD.Logistic.scalarCoefD0Jet 0 2 p r t q) (Set.Ici 0) q
SparseSGD.Logistic.scalarCoefD0_signal_hasDerivAt (p : ↑unitInterval) (r t q : ℝ) :
  HasDerivAt (fun t => SparseSGD.Logistic.scalarCoefD0 p r t q) (SparseSGD.Logistic.scalarCoefD0Jet 1 0 p r t q) t
SparseSGD.Logistic.scalarCoefD0_variance_hasDerivWithinAt (S : SparseSGD.External.GaussianSteinCertificate 1)
  (p : ↑unitInterval) (r t q : ℝ) (hq : 0 ≤ q) :
  HasDerivWithinAt (fun q => SparseSGD.Logistic.scalarCoefD0 p r t q) (SparseSGD.Logistic.scalarCoefD0Jet 0 1 p r t q)
    (Set.Ici 0) q
SparseSGD.Logistic.scalarCoefDtheta_second_derivatives (S : SparseSGD.External.GaussianSteinCertificate 1)
  (p : ↑unitInterval) (r t q : ℝ) (hq : 0 ≤ q) :
  HasDerivAt (fun t => SparseSGD.Logistic.scalarCoefDthetaJet 1 0 p r t q)
      (SparseSGD.Logistic.scalarCoefDthetaJet 2 0 p r t q) t ∧
    HasDerivWithinAt (fun q => SparseSGD.Logistic.scalarCoefDthetaJet 1 0 p r t q)
        (SparseSGD.Logistic.scalarCoefDthetaJet 1 1 p r t q) (Set.Ici 0) q ∧
      HasDerivAt (fun t => SparseSGD.Logistic.scalarCoefDthetaJet 0 1 p r t q)
          (SparseSGD.Logistic.scalarCoefDthetaJet 1 1 p r t q) t ∧
        HasDerivWithinAt (fun q => SparseSGD.Logistic.scalarCoefDthetaJet 0 1 p r t q)
          (SparseSGD.Logistic.scalarCoefDthetaJet 0 2 p r t q) (Set.Ici 0) q
SparseSGD.Logistic.scalarCoefDtheta_signal_hasDerivAt (p : ↑unitInterval) (r t q : ℝ) :
  HasDerivAt (fun t => SparseSGD.Logistic.scalarCoefDtheta p r t q) (SparseSGD.Logistic.scalarCoefDthetaJet 1 0 p r t q)
    t
SparseSGD.Logistic.scalarCoefDtheta_variance_hasDerivWithinAt (S : SparseSGD.External.GaussianSteinCertificate 1)
  (p : ↑unitInterval) (r t q : ℝ) (hq : 0 ≤ q) :
  HasDerivWithinAt (fun q => SparseSGD.Logistic.scalarCoefDtheta p r t q)
    (SparseSGD.Logistic.scalarCoefDthetaJet 0 1 p r t q) (Set.Ici 0) q
SparseSGD.Logistic.scalarJetFactor_le {d : ℕ} (a b : ℕ) (mu : SparseSGD.Logistic.Vec d) :
  SparseSGD.Logistic.scalarJetFactor a b mu ≤ (1 + SparseSGD.Logistic.r mu) ^ (a + b)
SparseSGD.Logistic.slowDriftMap_eq_integral {d B : ℕ} (H : SparseSGD.External.GaussianSteinCertificate d) (hB : 0 < B)
  (eta beta : ℝ) (p : ↑unitInterval) (mu : SparseSGD.Logistic.Vec d) (s : SparseSGD.Logistic.State d)
  (hr : 0 < SparseSGD.Logistic.r mu) (hp0 : 0 < ↑p) (hp1 : ↑p < 1) (heta : eta ≠ 0) (hh : 1 - beta ≠ 0) (i : Fin 5) :
  ∫ (a : SparseSGD.Logistic.Batch d B),
      SparseSGD.Logistic.slowNormalize (eta * ↑p / (1 - beta))
        (SparseSGD.Logistic.dynamicSummary p mu (SparseSGD.Logistic.update eta beta p mu s a))
        i ∂SparseSGD.Logistic.batchLaw d B p =
    SparseSGD.Logistic.slowDriftMap eta beta p mu s.1
      (SparseSGD.Logistic.slowNormalize (eta * ↑p / (1 - beta)) (SparseSGD.Logistic.dynamicSummary p mu s)) i
SparseSGD.Logistic.slowField_zero_iff (r Phi theta R : ℝ) (hr : 0 < r) (_hθ : 0 < theta) :
  SparseSGD.Logistic.slowField r Phi theta R = (0, 0) ↔ SparseSGD.Logistic.g r Phi theta = r ∧ R = Phi * theta / r
SparseSGD.Logistic.slow_global_convergence (r Phi a : ℝ) (y : ℝ → ℝ × ℝ) (hr : 0 < r) (hPhi : 0 ≤ Phi)
  (hy0 : 0 ≤ (y a).2) (hy : ∀ (t : ℝ), a ≤ t → HasDerivAt y (SparseSGD.Logistic.slowField r Phi (y t).1 (y t).2) t) :
  Filter.Tendsto y Filter.atTop (nhds (SparseSGD.Logistic.positiveRoot r Phi, SparseSGD.Logistic.equilibriumBulk r Phi))
SparseSGD.Logistic.slow_global_solution_exists_and_converges (r Phi a : ℝ) (s0 : ℝ × ℝ) (hr : 0 < r) (hPhi : 0 ≤ Phi)
  (hR0 : 0 ≤ s0.2) :
  ∃ y,
    y a = s0 ∧
      (∀ (t : ℝ), a ≤ t → HasDerivAt y (SparseSGD.Logistic.slowField r Phi (y t).1 (y t).2) t) ∧
        Filter.Tendsto y Filter.atTop
          (nhds (SparseSGD.Logistic.positiveRoot r Phi, SparseSGD.Logistic.equilibriumBulk r Phi))
SparseSGD.Logistic.slow_global_solution_exists_at (r Phi a : ℝ) (s0 : ℝ × ℝ) (hr : 0 ≤ r) (hPhi : 0 ≤ Phi)
  (hR0 : 0 ≤ s0.2) :
  ∃ y, y a = s0 ∧ ∀ (t : ℝ), a ≤ t → HasDerivAt y (SparseSGD.Logistic.slowField r Phi (y t).1 (y t).2) t
SparseSGD.Logistic.slow_grid_error_of_tracking (r Phi M T h z e J0 K Ctr Cres F : ℝ) (Lf : NNReal) (N : ℕ)
  (x : ℕ → SparseSGD.Logistic.DynamicState) (y : ℝ → ℝ × ℝ) (_hM : 2 ≤ M) (hT0 : 0 ≤ T) (hh : 0 < h) (hh1 : h ≤ 1)
  (hz : 0 ≤ z) (he : 0 ≤ e) (hJ0 : 0 ≤ J0) (hK : 0 ≤ K) (hCtr : 0 ≤ Ctr) (hCres : 0 ≤ Cres) (hF : 0 ≤ F)
  (hLip : LipschitzOnWith Lf (SparseSGD.Logistic.slowVectorField r Phi) (Metric.closedBall 0 M))
  (hbound : ∀ (s : ℝ × ℝ), ‖s‖ ≤ M → ‖SparseSGD.Logistic.slowVectorField r Phi s‖ ≤ F)
  (hy : ∀ t ∈ Set.Icc 0 T, HasDerivAt y (SparseSGD.Logistic.slowVectorField r Phi (y t)) t)
  (hyM : ∀ t ∈ Set.Icc 0 T, ‖y t‖ ≤ M - 2) (hinit : SparseSGD.Logistic.slowPosition (x 0) = y 0)
  (hfast0 : SparseSGD.Logistic.slowTrackingError r h Phi (x 0) ≤ J0) (horizon : ↑N * z ≤ T)
  (hlocal :
    ∀ n < N,
      ‖SparseSGD.Logistic.slowPosition (x n)‖ ≤ M →
        ‖SparseSGD.Logistic.slowPosition (x (n + 1)) - SparseSGD.Logistic.slowPosition (x n)‖ ≤
            z * K * (1 + SparseSGD.Logistic.slowTrackingError r h Phi (x n)) ∧
          ‖SparseSGD.Logistic.slowPosition (x (n + 1)) -
                  (SparseSGD.Logistic.slowPosition (x n) +
                    z • SparseSGD.Logistic.slowVectorField r Phi (SparseSGD.Logistic.slowPosition (x n)))‖ ≤
              z * Cres * (SparseSGD.Logistic.slowTrackingError r h Phi (x n) + z + e) ∧
            (‖SparseSGD.Logistic.slowPosition (x (n + 1))‖ ≤ M →
              SparseSGD.Logistic.slowTrackingError r h Phi (x (n + 1)) ≤
                (1 - h / 4) * SparseSGD.Logistic.slowTrackingError r h Phi (x n) + Ctr * (z + h * e)))
  (hmove : z * K * (1 + J0 + 4 * Ctr * (z / h + e)) ≤ 1)
  (hsmall :
    (4 * z * (Cres * J0) / h + T * (Cres * (4 * Ctr * (z / h + e) + z + e) + ↑Lf * F * z)) * Real.exp (T * ↑Lf) ≤ 1)
  (n : ℕ) :
  n ≤ N →
    ‖SparseSGD.Logistic.slowPosition (x n) - y (↑n * z)‖ ≤
        (4 * z * (Cres * J0) / h + T * (Cres * (4 * Ctr * (z / h + e) + z + e) + ↑Lf * F * z)) * Real.exp (T * ↑Lf) ∧
      SparseSGD.Logistic.slowTrackingError r h Phi (x n) ≤ (1 - h / 4) ^ n * J0 + 4 * Ctr * (z / h + e)
SparseSGD.Logistic.slow_invariant_rectangle (r Phi a : ℝ) (y : ℝ → ℝ × ℝ) (hr : 0 ≤ r) (hPhi : 0 ≤ Phi)
  (htheta0 : 0 ≤ (y a).1) (hR0 : 0 ≤ (y a).2)
  (hy : ∀ (t : ℝ), a ≤ t → HasDerivAt y (SparseSGD.Logistic.slowField r Phi (y t).1 (y t).2) t) (t : ℝ) :
  a ≤ t →
    0 ≤ (y t).1 ∧
      (y t).1 ≤ max (y a).1 (r / Real.exp (-r ^ 2 / 2)) ∧
        0 ≤ (y t).2 ∧ (y t).2 ≤ max (y a).2 (Phi / Real.exp (-r ^ 2 / 2))
SparseSGD.Logistic.stopped_condLExp_exp_le.{u_2} {Ω : Type u_2} [mΩ : MeasurableSpace Ω] (μ : MeasureTheory.Measure Ω)
  [MeasureTheory.IsProbabilityMeasure μ] {m : MeasurableSpace Ω} (hm : m ≤ mΩ) (A : Set Ω) (hA : MeasurableSet A)
  (Y : Ω → ℝ) (hY : Measurable Y) (t c : ℝ) (hc : 0 ≤ c)
  (hmgf : ∀ᵐ (ω : Ω) ∂μ, ω ∈ A → μ⁻[fun ω => ENNReal.ofReal (Real.exp (t * Y ω)) | m] ω ≤ ENNReal.ofReal (Real.exp c)) :
  μ⁻[fun ω => ENNReal.ofReal (Real.exp (t * A.indicator Y ω)) | m] ≤ᵐ[μ] fun x => ENNReal.ofReal (Real.exp c)
SparseSGD.Logistic.summary_eq_iff_rotation {d : ℕ} (mu : SparseSGD.Logistic.Vec d) (hr : 0 < SparseSGD.Logistic.r mu)
  (s t : SparseSGD.Logistic.State d) :
  SparseSGD.Logistic.summary mu s = SparseSGD.Logistic.summary mu t ↔
    ∃ O, O mu = mu ∧ SparseSGD.Logistic.rotateState O s = t
SparseSGD.Logistic.summary_transition_eq {d B : ℕ} (eta beta : ℝ) (p : ↑unitInterval) (mu : SparseSGD.Logistic.Vec d)
  (hr : 0 < SparseSGD.Logistic.r mu) (s t : SparseSGD.Logistic.State d)
  (hs : SparseSGD.Logistic.summary mu s = SparseSGD.Logistic.summary mu t) :
  MeasureTheory.Measure.map (fun a => SparseSGD.Logistic.summary mu (SparseSGD.Logistic.update eta beta p mu s a))
      (SparseSGD.Logistic.batchLaw d B p) =
    MeasureTheory.Measure.map (fun a => SparseSGD.Logistic.summary mu (SparseSGD.Logistic.update eta beta p mu t a))
      (SparseSGD.Logistic.batchLaw d B p)
SparseSGD.Logistic.tameError_source_formula {d : ℕ} (p : ↑unitInterval) (mu theta : SparseSGD.Logistic.Vec d)
  (hr : 0 < SparseSGD.Logistic.r mu) :
  SparseSGD.Logistic.tameError p mu theta =
    ↑p *
      (Real.exp (2 * ‖theta‖ ^ 2 - SparseSGD.Logistic.r mu ^ 2) +
          Real.exp ((3 * ‖theta‖ ^ 2 - SparseSGD.Logistic.r mu ^ 2) / 2) +
        (1 + SparseSGD.Logistic.gaussianAlpha mu theta) *
          Real.exp (SparseSGD.Logistic.r mu * |SparseSGD.Logistic.signalCoord mu theta|))
SparseSGD.Logistic.tame_batch_projection_mgf {d B : ℕ}
  (H : SparseSGD.External.BernsteinMomentsCertificate (SparseSGD.Logistic.Sample d)) (p : ↑unitInterval)
  (mu theta u : SparseSGD.Logistic.Vec d) (Q t : ℝ) (hB : 0 < B) (hp : 0 < ↑p)
  (htame : SparseSGD.Logistic.tameError p mu theta ≤ 1 / 2) (hθ : ‖theta‖ ≤ Q) (hu : ‖u‖ ≤ 1)
  (ht : |t| * (SparseSGD.Logistic.projectionScale mu / ↑B) < 1) :
  MeasureTheory.Integrable (fun a => Real.exp (t * inner ℝ u (SparseSGD.Logistic.centeredBatchGradient p mu theta a)))
      (SparseSGD.Logistic.batchLaw d B p) ∧
    ∫ (a : SparseSGD.Logistic.Batch d B),
        Real.exp
          (t * inner ℝ u (SparseSGD.Logistic.centeredBatchGradient p mu theta a)) ∂SparseSGD.Logistic.batchLaw d B p ≤
      Real.exp
        (t ^ 2 * (SparseSGD.Logistic.projectionVariance p mu Q / ↑B) /
          (2 * (1 - |t| * (SparseSGD.Logistic.projectionScale mu / ↑B))))
SparseSGD.Logistic.tame_bulk_square_mgf {d B : ℕ}
  (H : ∀ (n : ℕ), SparseSGD.External.BernsteinMomentsCertificate (SparseSGD.Logistic.Sample n))
  (J : ∀ (n : ℕ), SparseSGD.External.HoeffdingCertificate (SparseSGD.Logistic.Sample n))
  (G : SparseSGD.External.GaussianQuadraticCertificate) (S : SparseSGD.External.GaussianSteinCertificate d)
  (p : ↑unitInterval) (mu theta momentum : SparseSGD.Logistic.Vec d) (Q t : ℝ) (hB : 0 < B) (hp : 0 < ↑p)
  (hr : 0 < SparseSGD.Logistic.r mu) (htame : SparseSGD.Logistic.tameError p mu theta ≤ 1 / 2) (hθ : ‖theta‖ ≤ Q)
  (ht : |t| * SparseSGD.Logistic.bulkQuadraticScale Q d B < 1) :
  MeasureTheory.Integrable (fun a => Real.exp (t * SparseSGD.Logistic.centeredBulkSquare p mu theta a))
      (SparseSGD.Logistic.batchLaw d B p) ∧
    ∫ (a : SparseSGD.Logistic.Batch d B),
        Real.exp (t * SparseSGD.Logistic.centeredBulkSquare p mu theta a) ∂SparseSGD.Logistic.batchLaw d B p ≤
      Real.exp
        (t ^ 2 * SparseSGD.Logistic.bulkQuadraticVariance Q p d B /
          (2 * (1 - |t| * SparseSGD.Logistic.bulkQuadraticScale Q d B)))
SparseSGD.Logistic.tame_coefficients {d : ℕ} (p : ↑unitInterval) (mu theta : SparseSGD.Logistic.Vec d) (hp0 : 0 < ↑p)
  (htame : SparseSGD.Logistic.tameError p mu theta ≤ 1 / 2) :
  |SparseSGD.Logistic.coefA p mu theta - ↑p * SparseSGD.Logistic.gaussianAlpha mu theta| ≤
      6 * ↑p * SparseSGD.Logistic.gaussianAlpha mu theta * SparseSGD.Logistic.tameError p mu theta ∧
    |SparseSGD.Logistic.coefB p mu theta + ↑p| ≤ 2 * ↑p * SparseSGD.Logistic.tameError p mu theta ∧
      |SparseSGD.Logistic.coefD0 p mu theta - ↑p| ≤ 6 * ↑p * SparseSGD.Logistic.tameError p mu theta ∧
        |SparseSGD.Logistic.coefDtheta p mu theta| ≤ 12 * ↑p * SparseSGD.Logistic.tameError p mu theta
SparseSGD.Logistic.tame_fixedPoint_covariance_tendsto {dim : ℕ → ℕ} (p : ℕ → ↑unitInterval)
  (mu theta : (n : ℕ) → SparseSGD.Logistic.Vec (dim n)) (beta C R : ℕ → ℝ) (P : ℝ) (hp : ∀ (n : ℕ), 0 < ↑(p n))
  (hb : ∀ (n : ℕ), 0 ≤ beta n ∧ beta n ≤ 1)
  (ht : ∀ (n : ℕ), SparseSGD.Logistic.tameError (p n) (mu n) (theta n) ≤ 1 / 12) (hR : ∀ (n : ℕ), 0 ≤ R n)
  (henergy : ∀ (n : ℕ), SparseSGD.Logistic.gaussianAlpha (mu n) (theta n) * R n ≤ P)
  (hcov : ∀ (n : ℕ), C n = -(1 - beta n) * SparseSGD.Logistic.coefA (p n) (mu n) (theta n) * R n / (1 + beta n))
  (hrare : Filter.Tendsto (fun n => ↑(p n)) Filter.atTop (nhds 0)) : Filter.Tendsto C Filter.atTop (nhds 0)
SparseSGD.Logistic.tame_scalarJets_first_second :
  ∃ C,
    0 ≤ C ∧
      ∀ (a b : ℕ),
        1 ≤ a + b →
          a + b ≤ 2 →
            ∀ {d : ℕ} (p : ↑unitInterval) (mu theta : SparseSGD.Logistic.Vec d),
              0 < SparseSGD.Logistic.r mu →
                0 < ↑p →
                  SparseSGD.Logistic.tameError p mu theta ≤ 1 / 2 →
                    SparseSGD.Logistic.TameScalarJetBounds a b C p mu theta
SparseSGD.Logistic.tame_unit_gradient_projection_moments {d : ℕ} (p : ↑unitInterval)
  (mu theta u : SparseSGD.Logistic.Vec d) (Q : ℝ) (hp : 0 < ↑p)
  (htame : SparseSGD.Logistic.tameError p mu theta ≤ 1 / 2) (hθ : ‖theta‖ ≤ Q) (hu : ‖u‖ ≤ 1) (n : ℕ) (hn : 2 ≤ n) :
  ∫ (a : SparseSGD.Logistic.Sample d),
      |inner ℝ u (SparseSGD.Logistic.gradient p mu theta a)| ^ n ∂SparseSGD.Logistic.sampleLaw d p ≤
    ↑n.factorial * (↑p * SparseSGD.Logistic.rareProjectionConstant Q) * (1 + SparseSGD.Logistic.r mu) ^ n
SparseSGD.Logistic.worldLaw {d B : ℕ} (p : ↑unitInterval) (ρ : MeasureTheory.Measure (SparseSGD.Logistic.State d)) :
  MeasureTheory.Measure (SparseSGD.Logistic.World d B)
SparseSGD.Params.comparisonFlow_squareRootLift_R (p : SparseSGD.Params) (s : SparseSGD.Moments) (x : Fin 2 → ℝ)
  (hx : s.cov = Matrix.vecMulVec x x) (hnoise : p.noise = 0) (hadd : p.additive = 0) (t : ℝ) :
  (p.comparisonFlow s t).R = p.squareRootLiftX x t ^ 2
SparseSGD.Params.comparisonFlow_squareRootLift_rank (p : SparseSGD.Params) (s : SparseSGD.Moments) (x : Fin 2 → ℝ)
  (hx : s.cov = Matrix.vecMulVec x x) (hne : x ≠ 0) (hb0 : 1 / 2 ≤ p.beta) (hb1 : p.beta < 1) (hw0 : 0 < p.w)
  (hw1 : p.w < 2 * (1 + p.beta)) (hnoise : p.noise = 0) (hadd : p.additive = 0) (t : ℝ) :
  (p.comparisonFlow s t).cov.rank = 1
SparseSGD.Params.exact_embedding_renewal (p : SparseSGD.Params) (hb0 : 1 / 2 ≤ p.beta) (hb1 : p.beta < 1)
  (hw0 : 0 < p.w) (hw1 : p.w < 2 * (1 + p.beta)) (jury : SparseSGD.External.JuryStability) (s : SparseSGD.Moments)
  (k : ℕ) :
  (p.trajectory s k).R =
    p.matchedFreeRisk s (↑k * p.matchedStep) +
      ∑ j ∈ Finset.range k,
        p.gridImpulseFactor * p.sampledImpulse (k - j) ^ 2 * (p.renormNoise * (p.trajectory s j).R + p.renormAdditive)
SparseSGD.Params.exact_embedding_step (p : SparseSGD.Params) (hb0 : 1 / 2 ≤ p.beta) (hb1 : p.beta < 1) (hw0 : 0 < p.w)
  (hw1 : p.w < 2 * (1 + p.beta)) (jury : SparseSGD.External.JuryStability) (s : SparseSGD.Moments) :
  p.matchedCovariance (p.step s) =
    p.matchedMeanFlow *
        (p.matchedCovariance s +
          (p.gridImpulseFactor * (p.renormNoise * s.R + p.renormAdditive)) • Matrix.vecMulVec ![0, 1] ![0, 1]) *
      p.matchedMeanFlow.transpose
SparseSGD.Params.exact_matching_existsUnique (p : SparseSGD.Params) (hb0 : 1 / 2 ≤ p.beta) (hb1 : p.beta < 1)
  (hw0 : 0 < p.w) (hw1 : p.w < 2 * (1 + p.beta)) :
  ∃! P, P 0 = ![1, 0] ∧ P.IsLowerTriangular ∧ P.det ≠ 0 ∧ p.meanMatrix = p.matchingSign • (P * p.matchedMeanFlow * P⁻¹)
SparseSGD.Params.exact_matching_kick (p : SparseSGD.Params) (hb0 : 1 / 2 ≤ p.beta) (hb1 : p.beta < 1) (hw0 : 0 < p.w)
  (hw1 : p.w < 2 * (1 + p.beta)) :
  p.matchingMatrix⁻¹.mulVec SparseSGD.kick =
    (p.matchingSign / (p.beta * p.matchingMatrix 1 1)) • p.matchedMeanFlow.mulVec ![0, 1]
SparseSGD.Params.exact_matching_similarity (p : SparseSGD.Params) (hb0 : 1 / 2 ≤ p.beta) (hb1 : p.beta < 1)
  (hw0 : 0 < p.w) (hw1 : p.w < 2 * (1 + p.beta)) :
  p.meanMatrix = p.matchingSign • (p.matchingMatrix * p.matchedMeanFlow * p.matchingMatrix⁻¹)
SparseSGD.Params.foldedAngle (p : SparseSGD.Params) : ℝ
SparseSGD.Params.gridImpulseFactor_eq (p : SparseSGD.Params) (hb0 : 1 / 2 ≤ p.beta) (hb1 : p.beta < 1) (hw0 : 0 < p.w)
  (hw1 : p.w < 2 * (1 + p.beta)) (jury : SparseSGD.External.JuryStability) :
  p.gridImpulseFactor = (1 - p.curvature) * 2 * p.w * p.eps / (p.beta * p.matchingMatrix 1 1) ^ 2
SparseSGD.Params.matchedCovariance_first_entry (p : SparseSGD.Params) (hb0 : 1 / 2 ≤ p.beta) (hb1 : p.beta < 1)
  (hw0 : 0 < p.w) (hw1 : p.w < 2 * (1 + p.beta)) (s : SparseSGD.Moments) : p.matchedCovariance s 0 0 = s.R
SparseSGD.Params.matchedDelta (p : SparseSGD.Params) : ℝ
SparseSGD.Params.matchedDelta_pos (p : SparseSGD.Params) (hb0 : 0 < p.beta) (hb1 : p.beta < 1) (hw0 : 0 < p.w)
  (hw1 : p.w < 2 * (1 + p.beta)) : 0 < p.matchedDelta
SparseSGD.Params.matchedMeanFlow (p : SparseSGD.Params) : Matrix (Fin 2) (Fin 2) ℝ
SparseSGD.Params.matchedMeanFlow_invariants (p : SparseSGD.Params) (hb0 : 1 / 2 ≤ p.beta) (hb1 : p.beta < 1)
  (hw0 : 0 < p.w) (hw1 : p.w < 2 * (1 + p.beta)) :
  p.matchedMeanFlow.det = p.beta ∧
    p.matchedMeanFlow.trace = p.matchingSign * (1 + p.beta - p.w) ∧ p.matchedMeanFlow 0 1 ≠ 0
SparseSGD.Params.matchedStep (p : SparseSGD.Params) : ℝ
SparseSGD.Params.matchingMatrix (p : SparseSGD.Params) : Matrix (Fin 2) (Fin 2) ℝ
SparseSGD.Params.matchingSign (p : SparseSGD.Params) : ℝ
SparseSGD.Params.noiseFree_rankOne_rank (p : SparseSGD.Params) (s : SparseSGD.Moments) (x : Fin 2 → ℝ)
  (hx : s.cov = Matrix.vecMulVec x x) (hne : x ≠ 0) (hb : p.beta ≠ 0) (hnoise : p.noise = 0) (hadd : p.additive = 0)
  (k : ℕ) : (p.trajectory s k).cov.rank = 1
SparseSGD.Params.noiseFree_risk_eq_matched_grid (p : SparseSGD.Params) (hb0 : 1 / 2 ≤ p.beta) (hb1 : p.beta < 1)
  (hw0 : 0 < p.w) (hw1 : p.w < 2 * (1 + p.beta)) (s : SparseSGD.Moments) (hnoise : p.noise = 0) (hadd : p.additive = 0)
  (k : ℕ) : (p.trajectory s k).R = p.matchedFreeRisk s (↑k * p.matchedStep)
SparseSGD.Params.noiseFree_risk_squareRootLift_grid (p : SparseSGD.Params) (s : SparseSGD.Moments) (x : Fin 2 → ℝ)
  (hx : s.cov = Matrix.vecMulVec x x) (hb0 : 1 / 2 ≤ p.beta) (hb1 : p.beta < 1) (hw0 : 0 < p.w)
  (hw1 : p.w < 2 * (1 + p.beta)) (hnoise : p.noise = 0) (hadd : p.additive = 0) (k : ℕ) :
  (p.trajectory s k).R = p.squareRootLiftX x (↑k * p.matchedStep) ^ 2
SparseSGD.Params.normalizedKernelLag_eq_continuum_sampling (p : SparseSGD.Params) (hb0 : 1 / 2 ≤ p.beta)
  (hb1 : p.beta < 1) (hw0 : 0 < p.w) (hw1 : p.w < 2 * (1 + p.beta)) (jury : SparseSGD.External.JuryStability) (n : ℕ) :
  SparseSGD.normalizedKernelLag p n =
    SparseSGD.continuumRenewalKernel p.matchedDelta (↑n * p.matchedStep) /
      ∑' (m : ℕ), SparseSGD.continuumRenewalKernel p.matchedDelta (↑(m + 1) * p.matchedStep)
SparseSGD.Params.renewal_kernel_nonneg (p : SparseSGD.Params) (n : ℕ) (hw : 0 ≤ p.w) (he : 0 ≤ p.eps) :
  0 ≤ 2 * p.w * p.eps * SparseSGD.kickResponse p n ^ 2
SparseSGD.Params.sampled_continuum_kernel_normalized_hasSum (p : SparseSGD.Params) (hb0 : 1 / 2 ≤ p.beta)
  (hb1 : p.beta < 1) (hw0 : 0 < p.w) (hw1 : p.w < 2 * (1 + p.beta)) (jury : SparseSGD.External.JuryStability) :
  HasSum
    (fun n =>
      SparseSGD.continuumRenewalKernel p.matchedDelta (↑(n + 1) * p.matchedStep) /
        ∑' (m : ℕ), SparseSGD.continuumRenewalKernel p.matchedDelta (↑(m + 1) * p.matchedStep))
    1
SparseSGD.Params.squareRootLiftX_hasDerivAt (p : SparseSGD.Params) (x : Fin 2 → ℝ) (t : ℝ) :
  HasDerivAt (p.squareRootLiftX x) (-p.matchedDelta * p.squareRootLiftY x t) t
SparseSGD.Params.squareRootLiftX_second_hasDerivAt (p : SparseSGD.Params) (x : Fin 2 → ℝ) (t : ℝ) :
  HasDerivAt (deriv (p.squareRootLiftX x)) (-deriv (p.squareRootLiftX x) t - p.matchedDelta * p.squareRootLiftX x t) t
SparseSGD.Params.squareRootLiftY_hasDerivAt (p : SparseSGD.Params) (x : Fin 2 → ℝ) (t : ℝ) :
  HasDerivAt (p.squareRootLiftY x) (p.squareRootLiftX x t - p.squareRootLiftY x t) t
SparseSGD.Params.squareRootLift_initial (p : SparseSGD.Params) (x : Fin 2 → ℝ) :
  p.squareRootLiftVector x 0 = p.matchingMatrix⁻¹.mulVec x
SparseSGD.Params.squareRootLift_oscillator_defect (jury : SparseSGD.External.JuryStability) (p : SparseSGD.Params)
  (s : SparseSGD.Moments) (hs : s.psd) (x : Fin 2 → ℝ) (hx : s.cov = Matrix.vecMulVec x x) (hb0 : 1 / 2 ≤ p.beta)
  (hb1 : p.beta < 1) (hw0 : 0 < p.w) (hw1 : p.w < 2 * (1 + p.beta)) (hnoise : 0 ≤ p.noise) (hadd : 0 ≤ p.additive)
  (hload : p.renormNoise < 1) (k : ℕ) :
  0 ≤ (p.trajectory s k).R - p.squareRootLiftX x (↑k * p.matchedStep) ^ 2 ∧
    (p.trajectory s k).R - p.squareRootLiftX x (↑k * p.matchedStep) ^ 2 ≤
      ((p.renormNoise * ⨆ j, p.squareRootLiftX x (↑j * p.matchedStep) ^ 2) + p.renormAdditive) / (1 - p.renormNoise)
SparseSGD.Params.trajectory_R_renewal (p : SparseSGD.Params) (s : SparseSGD.Moments) (k : ℕ) :
  (p.trajectory s k).R =
    (p.meanMatrix ^ k * s.cov * (p.meanMatrix ^ k).transpose) 0 0 +
      ∑ j ∈ Finset.range k,
        2 * p.w * p.eps * (p.noise * (p.trajectory s j).R + p.additive) * SparseSGD.kickResponse p (k - 1 - j) ^ 2
SparseSGD.Params.trajectory_cov_unroll (p : SparseSGD.Params) (s : SparseSGD.Moments) (k : ℕ) :
  (p.trajectory s k).cov =
    p.meanMatrix ^ k * s.cov * (p.meanMatrix ^ k).transpose +
      ∑ j ∈ Finset.range k,
        (2 * p.w * p.eps * (p.noise * (p.trajectory s j).R + p.additive)) •
          (p.meanMatrix ^ (k - 1 - j) * Matrix.vecMulVec SparseSGD.kick SparseSGD.kick *
            (p.meanMatrix ^ (k - 1 - j)).transpose)
SparseSGD.Params.windowOsc_grid (p : SparseSGD.Params) (margin : ℝ) (hm : 0 < margin) (hb0 : 1 / 2 ≤ p.beta)
  (hb1 : p.beta < 1) (hD : SparseSGD.windowDeltaThreshold margin ≤ p.matchedDelta) (s : SparseSGD.Moments) (k : ℕ) :
  p.windowOsc s (↑k * p.matchedStep) =
    SparseSGD.oscillatoryEnergy p.matchedDelta (SparseSGD.oscillatoryRoot √(p.matchedDelta - 1 / 4))
          (p.matchedMoments s) *
        ↑(Real.exp (-(1 + p.renormNoise / 2) * (↑k * p.matchedStep))) *
      Complex.exp (2 * Complex.I * ↑k * ↑p.foldedAngle)
SparseSGD.Probability.LeastSquares.batchOracle {d B : ℕ} (hB : 0 < B) (p : ↑unitInterval) (ν : MeasureTheory.Measure ℝ)
  [MeasureTheory.IsProbabilityMeasure ν] (hz : MeasureTheory.MemLp id 2 ν) (hmean : ∫ (z : ℝ), z ∂ν = 0) :
  SparseSGD.Probability.LeastSquares.BatchOracle d B p ν
SparseSGD.Probability.LeastSquares.leastSquares_conditional_gradient {d B : ℕ} (hB : 0 < B) (p : ↑unitInterval)
  (ν : MeasureTheory.Measure ℝ) (ρ : MeasureTheory.Measure (SparseSGD.Probability.LeastSquares.State d))
  [MeasureTheory.IsProbabilityMeasure ν] [MeasureTheory.IsProbabilityMeasure ρ] (hz : MeasureTheory.MemLp id 2 ν)
  (hmean : ∫ (z : ℝ), z ∂ν = 0) (beta eta : ℝ) (he0 : MeasureTheory.MemLp (fun s => s.1) 2 ρ)
  (hq0 : MeasureTheory.MemLp (fun s => s.2) 2 ρ) (k : ℕ) :
  (SparseSGD.Probability.LeastSquares.worldLaw p ν ρ)[fun ω =>
      SparseSGD.Probability.LeastSquares.batchGradient (SparseSGD.Probability.LeastSquares.process beta eta ω k).1
        (ω.2 k) |
      SparseSGD.Probability.LeastSquares.sourceSigma d B beta eta
        k] =ᵐ[SparseSGD.Probability.LeastSquares.worldLaw p ν ρ]
    fun ω => ↑p • (SparseSGD.Probability.LeastSquares.process beta eta ω k).1
SparseSGD.Probability.LeastSquares.leastSquares_conditional_oracle {d B : ℕ} (hB : 0 < B) (p : ↑unitInterval)
  (ν : MeasureTheory.Measure ℝ) (ρ : MeasureTheory.Measure (SparseSGD.Probability.LeastSquares.State d))
  [MeasureTheory.IsProbabilityMeasure ν] [MeasureTheory.IsProbabilityMeasure ρ] (hz : MeasureTheory.MemLp id 2 ν)
  (hmean : ∫ (z : ℝ), z ∂ν = 0) (beta eta : ℝ) (he0 : MeasureTheory.MemLp (fun s => s.1) 2 ρ)
  (hq0 : MeasureTheory.MemLp (fun s => s.2) 2 ρ) (k : ℕ) :
  MeasureTheory.MemLp
      (fun ω =>
        SparseSGD.Probability.LeastSquares.residual p (SparseSGD.Probability.LeastSquares.process beta eta ω k).1
          (ω.2 k))
      2 (SparseSGD.Probability.LeastSquares.worldLaw p ν ρ) ∧
    (SparseSGD.Probability.LeastSquares.worldLaw p ν ρ)[fun ω =>
          SparseSGD.Probability.LeastSquares.residual p (SparseSGD.Probability.LeastSquares.process beta eta ω k).1
            (ω.2 k) |
          SparseSGD.Probability.LeastSquares.sourceSigma d B beta eta
            k] =ᵐ[SparseSGD.Probability.LeastSquares.worldLaw p ν ρ]
        0 ∧
      (SparseSGD.Probability.LeastSquares.worldLaw p ν ρ)[fun ω =>
          ‖SparseSGD.Probability.LeastSquares.residual p (SparseSGD.Probability.LeastSquares.process beta eta ω k).1
                (ω.2 k)‖ ^
            2 |
          SparseSGD.Probability.LeastSquares.sourceSigma d B beta eta
            k] =ᵐ[SparseSGD.Probability.LeastSquares.worldLaw p ν ρ]
        fun ω =>
        SparseSGD.Probability.LeastSquares.vinc d B p *
            ‖(SparseSGD.Probability.LeastSquares.process beta eta ω k).1‖ ^ 2 +
          SparseSGD.Probability.LeastSquares.vadd d B p ν
SparseSGD.Probability.LeastSquares.leastSquares_process_memLp {d B : ℕ} (hB : 0 < B) (p : ↑unitInterval)
  (ν : MeasureTheory.Measure ℝ) (ρ : MeasureTheory.Measure (SparseSGD.Probability.LeastSquares.State d))
  [MeasureTheory.IsProbabilityMeasure ν] [MeasureTheory.IsProbabilityMeasure ρ] (hz : MeasureTheory.MemLp id 2 ν)
  (hmean : ∫ (z : ℝ), z ∂ν = 0) (beta eta : ℝ) (he0 : MeasureTheory.MemLp (fun s => s.1) 2 ρ)
  (hq0 : MeasureTheory.MemLp (fun s => s.2) 2 ρ) (k : ℕ) :
  MeasureTheory.MemLp (fun ω => (SparseSGD.Probability.LeastSquares.process beta eta ω k).1) 2
      (SparseSGD.Probability.LeastSquares.worldLaw p ν ρ) ∧
    MeasureTheory.MemLp (fun ω => (SparseSGD.Probability.LeastSquares.process beta eta ω k).2) 2
      (SparseSGD.Probability.LeastSquares.worldLaw p ν ρ)
SparseSGD.Probability.LeastSquares.totalLoad_lt_one_iff_eta_lt_critical (d B : ℕ) (hB : 0 < B) (p : ↑unitInterval)
  (hp : 0 < ↑p) (ν : MeasureTheory.Measure ℝ) (beta eta : ℝ) (hb0 : 0 ≤ beta) (hb1 : beta < 1) :
  (SparseSGD.Probability.LeastSquares.params d B p ν beta eta).totalLoad < 1 ↔
    eta < SparseSGD.Probability.LeastSquares.criticalRate d B p beta
SparseSGD.RawOracleHypotheses.{u_1, u_2} {Ω : Type u_1} {E : Type u_2} [mΩ : MeasurableSpace Ω] [NormedAddCommGroup E]
  [InnerProductSpace ℝ E] (μ : MeasureTheory.Measure Ω) (F : ℕ → MeasurableSpace Ω) (e q ξ : ℕ → Ω → E)
  (vinc vadd : ℝ) : Prop
SparseSGD.Scaling.actualLSParams_learningClock (pStar kappa bStar sigma epsStar gamma etaStar alpha : ℝ)
  (p : ℕ → ↑unitInterval) (ν : MeasureTheory.Measure ℝ) (d : ℕ) (hp : ↑(p d) ≠ 0)
  (he : SparseSGD.Scaling.scaledRetention epsStar gamma d ≠ 0) :
  (SparseSGD.Scaling.actualLSParams pStar kappa bStar sigma epsStar gamma etaStar alpha p ν d).w /
      (SparseSGD.Scaling.actualLSParams pStar kappa bStar sigma epsStar gamma etaStar alpha p ν d).eps =
    SparseSGD.Scaling.scaledLearningRate etaStar alpha d * ↑(p d)
SparseSGD.Scaling.actualLSParams_matchedStep_over_retention_tendsto_one
  (pStar kappa bStar sigma epsStar gamma etaStar alpha : ℝ) (p : ℕ → ↑unitInterval) (ν : MeasureTheory.Measure ℝ)
  (heps : 0 < epsStar) (hg : 0 < gamma) :
  Filter.Tendsto
    (fun d =>
      (SparseSGD.Scaling.actualLSParams pStar kappa bStar sigma epsStar gamma etaStar alpha p ν d).matchedStep /
        SparseSGD.Scaling.scaledRetention epsStar gamma d)
    Filter.atTop (nhds 1)
SparseSGD.Scaling.actual_critical_activity_tendsto (pStar bStar sigma : ℝ) (p : ℕ → ↑unitInterval) (hp : 0 < pStar)
  (hb : 0 < bStar) (hs : 0 < sigma)
  (hpd : ∀ᶠ (d : ℕ) in Filter.atTop, ↑(p d) = SparseSGD.Scaling.scaledSparsity pStar sigma d) :
  Filter.Tendsto (fun d => SparseSGD.Scaling.batchActivity (↑(p d)) (SparseSGD.Scaling.scaledBatch bStar sigma d))
    Filter.atTop (nhds (1 - Real.exp (-(bStar * pStar))))
SparseSGD.Scaling.actual_curvature_noise_ratio_tendsto (pStar kappa b sigma epsStar gamma etaStar alpha : ℝ)
  (p : ℕ → ↑unitInterval) (ν : MeasureTheory.Measure ℝ) (hpstar : 0 < pStar) (hk : 0 ≤ kappa) (hb : 0 < b)
  (hs : 0 ≤ sigma) (heps : 0 < epsStar) (hg : 0 < gamma) (heta : 0 < etaStar)
  (hpd : ∀ᶠ (d : ℕ) in Filter.atTop, ↑(p d) = SparseSGD.Scaling.scaledSparsity pStar kappa d) :
  Filter.Tendsto
    (fun d =>
      (SparseSGD.Scaling.actualLSParams pStar kappa b sigma epsStar gamma etaStar alpha p ν d).curvature /
          (SparseSGD.Scaling.actualLSParams pStar kappa b sigma epsStar gamma etaStar alpha p ν d).noise /
        (epsStar * SparseSGD.Scaling.realizedBatchScale b sigma * pStar / 2 * ↑d ^ (sigma - kappa - gamma - 1)))
    Filter.atTop (nhds 1)
SparseSGD.Scaling.actual_dense_activity_tendsto_one (pStar kappa b sigma : ℝ) (p : ℕ → ↑unitInterval) (hp : 0 < pStar)
  (hb : 0 < b) (hs : 0 ≤ sigma) (hks : kappa < sigma)
  (hpd : ∀ᶠ (d : ℕ) in Filter.atTop, ↑(p d) = SparseSGD.Scaling.scaledSparsity pStar kappa d) :
  Filter.Tendsto (fun d => SparseSGD.Scaling.batchActivity (↑(p d)) (SparseSGD.Scaling.scaledBatch b sigma d))
    Filter.atTop (nhds 1)
SparseSGD.Scaling.actual_dimension_correction_tendsto_one (pStar kappa : ℝ) (p : ℕ → ↑unitInterval) (hk : 0 ≤ kappa)
  (hpd : ∀ᶠ (d : ℕ) in Filter.atTop, ↑(p d) = SparseSGD.Scaling.scaledSparsity pStar kappa d) :
  Filter.Tendsto (fun d => (↑d + 2 - ↑(p d)) / ↑d) Filter.atTop (nhds 1)
SparseSGD.Scaling.actual_fluid_fixed_sparsity_parameter_limits (pStar b sigma epsStar gamma etaStar alpha : ℝ)
  (p : ℕ → ↑unitInterval) (ν : MeasureTheory.Measure ℝ) (hp : 0 < pStar) (hp1 : pStar ≤ 1) (hb : 0 < b) (hs : 0 ≤ sigma)
  (heps : 0 < epsStar) (hg : 0 ≤ gamma) (heta : 0 < etaStar) (ha : 0 < alpha) (hfixed : gamma = 0 → epsStar ≤ 1 / 2)
  (hpd : ∀ᶠ (d : ℕ) in Filter.atTop, ↑(p d) = SparseSGD.Scaling.scaledSparsity pStar 0 d) (cap : ℝ) (hcap : pStar ≤ cap)
  (hPhi : 1 - sigma - alpha < 0 ∨ 1 - sigma - alpha = 0) (hDelta : gamma - alpha < 0 ∨ gamma - alpha = 0) :
  (∀ᶠ (d : ℕ) in Filter.atTop,
      1 / 2 ≤ (SparseSGD.Scaling.actualLSParams pStar 0 b sigma epsStar gamma etaStar alpha p ν d).beta ∧
        (SparseSGD.Scaling.actualLSParams pStar 0 b sigma epsStar gamma etaStar alpha p ν d).beta < 1 ∧ ↑(p d) ≤ cap) ∧
    Filter.Tendsto (fun d => ↑(p d)) Filter.atTop (nhds pStar) ∧
      Filter.Tendsto (fun d => SparseSGD.Scaling.scaledLearningRate etaStar alpha d * ↑(p d)) Filter.atTop (nhds 0) ∧
        (if 1 - sigma - alpha < 0 then
            Filter.Tendsto
              (fun d =>
                SparseSGD.Logistic.logisticPhi d (SparseSGD.Scaling.scaledBatch b sigma d)
                  (SparseSGD.Scaling.scaledLearningRate etaStar alpha d))
              Filter.atTop (nhds 0)
          else
            Filter.Tendsto
              (fun d =>
                SparseSGD.Logistic.logisticPhi d (SparseSGD.Scaling.scaledBatch b sigma d)
                  (SparseSGD.Scaling.scaledLearningRate etaStar alpha d))
              Filter.atTop (nhds (etaStar / (2 * SparseSGD.Scaling.realizedBatchScale b sigma)))) ∧
          if gamma - alpha < 0 then
            Filter.Tendsto
              (fun d =>
                SparseSGD.Scaling.rawDelta
                  (SparseSGD.Scaling.actualLSParams pStar 0 b sigma epsStar gamma etaStar alpha p ν d))
              Filter.atTop (nhds 0)
          else
            Filter.Tendsto
              (fun d =>
                SparseSGD.Scaling.rawDelta
                  (SparseSGD.Scaling.actualLSParams pStar 0 b sigma epsStar gamma etaStar alpha p ν d))
              Filter.atTop (nhds (etaStar * pStar / epsStar))
SparseSGD.Scaling.actual_ls_curvature_to_noise_ratio (d B : ℕ) (p : ↑unitInterval) (ν : MeasureTheory.Measure ℝ)
  (beta eta : ℝ) (hd : 0 < d) (hB : 0 < B) (hp : ↑p ≠ 0) (heta : eta ≠ 0) :
  (SparseSGD.Probability.LeastSquares.params d B p ν beta eta).curvature /
      (SparseSGD.Probability.LeastSquares.params d B p ν beta eta).noise =
    (1 - beta) * ↑p * ↑B / ((1 + beta) * (↑d + 2 - ↑p))
SparseSGD.Scaling.actual_signal_increment_ratio_tendsto (pStar kappa b sigma : ℝ) (p : ℕ → ↑unitInterval)
  (hpstar : 0 < pStar) (hb : 0 < b) (hs : 0 ≤ sigma) (hk : 0 ≤ kappa)
  (hpd : ∀ᶠ (d : ℕ) in Filter.atTop, ↑(p d) = SparseSGD.Scaling.scaledSparsity pStar kappa d) :
  Filter.Tendsto
    (fun d =>
      ↑(p d) ^ 2 / SparseSGD.Probability.LeastSquares.vinc d (SparseSGD.Scaling.scaledBatch b sigma d) (p d) /
        (SparseSGD.Scaling.realizedBatchScale b sigma * pStar * ↑d ^ (sigma - kappa - 1)))
    Filter.atTop (nhds 1)
SparseSGD.Scaling.actual_sparse_activity_clock_ratio (pStar kappa b sigma epsStar gamma : ℝ) (p : ℕ → ↑unitInterval)
  (hp : 0 < pStar) (hb : 0 < b) (hs : 0 ≤ sigma) (he : 0 < epsStar) (hks : sigma < kappa)
  (hpd : ∀ᶠ (d : ℕ) in Filter.atTop, ↑(p d) = SparseSGD.Scaling.scaledSparsity pStar kappa d) :
  Filter.Tendsto
    (fun d =>
      SparseSGD.Scaling.batchActivity (↑(p d)) (SparseSGD.Scaling.scaledBatch b sigma d) /
          SparseSGD.Scaling.scaledRetention epsStar gamma d /
        (SparseSGD.Scaling.realizedBatchScale b sigma * pStar / epsStar * ↑d ^ (gamma + sigma - kappa)))
    Filter.atTop (nhds 1)
SparseSGD.Scaling.actual_sparse_activity_ratio (pStar kappa b sigma : ℝ) (p : ℕ → ↑unitInterval) (hp : 0 < pStar)
  (hb : 0 < b) (hs : 0 ≤ sigma) (hks : sigma < kappa)
  (hpd : ∀ᶠ (d : ℕ) in Filter.atTop, ↑(p d) = SparseSGD.Scaling.scaledSparsity pStar kappa d) :
  Filter.Tendsto
    (fun d =>
      SparseSGD.Scaling.batchActivity (↑(p d)) (SparseSGD.Scaling.scaledBatch b sigma d) /
        (SparseSGD.Scaling.realizedBatchScale b sigma * pStar * ↑d ^ (sigma - kappa)))
    Filter.atTop (nhds 1)
SparseSGD.Scaling.actual_sparse_memory_threshold (pStar kappa b sigma epsStar gamma : ℝ) (p : ℕ → ↑unitInterval)
  (hp : 0 < pStar) (hb : 0 < b) (hs : 0 ≤ sigma) (he : 0 < epsStar) (hks : sigma < kappa)
  (hpd : ∀ᶠ (d : ℕ) in Filter.atTop, ↑(p d) = SparseSGD.Scaling.scaledSparsity pStar kappa d) :
  (gamma < kappa - sigma →
      Filter.Tendsto
        (fun d =>
          SparseSGD.Scaling.batchActivity (↑(p d)) (SparseSGD.Scaling.scaledBatch b sigma d) /
            SparseSGD.Scaling.scaledRetention epsStar gamma d)
        Filter.atTop (nhds 0)) ∧
    (gamma = kappa - sigma →
        Filter.Tendsto
          (fun d =>
            SparseSGD.Scaling.batchActivity (↑(p d)) (SparseSGD.Scaling.scaledBatch b sigma d) /
              SparseSGD.Scaling.scaledRetention epsStar gamma d)
          Filter.atTop (nhds (SparseSGD.Scaling.realizedBatchScale b sigma * pStar / epsStar))) ∧
      (kappa - sigma < gamma →
        Filter.Tendsto
          (fun d =>
            SparseSGD.Scaling.batchActivity (↑(p d)) (SparseSGD.Scaling.scaledBatch b sigma d) /
              SparseSGD.Scaling.scaledRetention epsStar gamma d)
          Filter.atTop Filter.atTop)
SparseSGD.Scaling.actual_window_rate_ratio (pStar kappa bStar sigma epsStar gamma etaStar alpha u : ℝ)
  (p : ℕ → ↑unitInterval) (ν : MeasureTheory.Measure ℝ) (he : 0 < epsStar) (hg : 0 < gamma)
  (hnu :
    Filter.Tendsto
      (fun d =>
        (SparseSGD.Scaling.actualLSParams pStar kappa bStar sigma epsStar gamma etaStar alpha p ν d).renormNoise)
      Filter.atTop (nhds u)) :
  Filter.Tendsto
    (fun d =>
      have P := SparseSGD.Scaling.actualLSParams pStar kappa bStar sigma epsStar gamma etaStar alpha p ν d;
      P.matchedStep * (1 - P.renormNoise) / SparseSGD.Scaling.scaledRetention epsStar gamma d)
    Filter.atTop (nhds (1 - u))
SparseSGD.Scaling.batchLaw_someMaskActive_real (d B : ℕ) (p : ↑unitInterval) (ν : MeasureTheory.Measure ℝ)
  [MeasureTheory.IsProbabilityMeasure ν] :
  (SparseSGD.Probability.LeastSquares.batchLaw d B p ν).real {a | SparseSGD.Scaling.someMaskActive a} =
    SparseSGD.Scaling.batchActivity (↑p) B
SparseSGD.Scaling.coldOscillator_equation (delta R t : ℝ) :
  deriv (deriv (SparseSGD.Scaling.coldOscillatorX delta R)) t + deriv (SparseSGD.Scaling.coldOscillatorX delta R) t +
      delta * SparseSGD.Scaling.coldOscillatorX delta R t =
    0
SparseSGD.Scaling.coldOscillator_initial (delta R : ℝ) :
  SparseSGD.Scaling.coldOscillatorX delta R 0 = √R ∧ deriv (SparseSGD.Scaling.coldOscillatorX delta R) 0 = 0
SparseSGD.Scaling.continuum_cold_zero_loads_square (delta R t : ℝ) (hR : 0 ≤ R) :
  (SparseSGD.continuumFlow delta 0 0 { R := R, V := 0, C := 0 } t).R = SparseSGD.Scaling.coldOscillatorX delta R t ^ 2
SparseSGD.Scaling.cor_resonance_fixed_rate (pStar kappa bStar epsStar gamma etaStar R : ℝ) (p : ℕ → ↑unitInterval)
  (ν : MeasureTheory.Measure ℝ) (jury : SparseSGD.External.JuryStability) (hp : 0 < pStar) (hk : 0 ≤ kappa)
  (hb : 0 < bStar) (he : 0 < epsStar) (hg : 0 < gamma) (heta : 0 < etaStar) (hline : gamma = 1 + kappa)
  (hpd : ∀ᶠ (d : ℕ) in Filter.atTop, ↑(p d) = SparseSGD.Scaling.scaledSparsity pStar kappa d) (hR : 0 ≤ R)
  (hu1 : etaStar / (2 * ↑(SparseSGD.Scaling.fixedRealizedBatch bStar)) < 1) :
  ∃ C > 0,
    ∀ᶠ (d : ℕ) in Filter.atTop,
      ∀ (k : ℕ),
        have P := SparseSGD.Scaling.actualLSParams pStar kappa bStar 0 epsStar gamma etaStar 1 p ν d;
        |(P.trajectory { R := R, V := 0, C := 0 } k).R -
              (SparseSGD.continuumFlow (etaStar * pStar / epsStar)
                  (etaStar / (2 * ↑(SparseSGD.Scaling.fixedRealizedBatch bStar)))
                  (SparseSGD.Probability.LeastSquares.labelVariance ν *
                    (etaStar / (2 * ↑(SparseSGD.Scaling.fixedRealizedBatch bStar))))
                  { R := R, V := 0, C := 0 } (↑k * P.matchedStep)).R| ≤
          C * (↑d ^ (-gamma) + ↑d ^ (-1))
SparseSGD.Scaling.cor_resonance_fixed_rate_min (pStar kappa bStar epsStar gamma etaStar R : ℝ) (p : ℕ → ↑unitInterval)
  (ν : MeasureTheory.Measure ℝ) (jury : SparseSGD.External.JuryStability) (hp : 0 < pStar) (hk : 0 ≤ kappa)
  (hb : 0 < bStar) (he : 0 < epsStar) (hg : 0 < gamma) (heta : 0 < etaStar) (hline : gamma = 1 + kappa)
  (hpd : ∀ᶠ (d : ℕ) in Filter.atTop, ↑(p d) = SparseSGD.Scaling.scaledSparsity pStar kappa d) (hR : 0 ≤ R)
  (hu1 : etaStar / (2 * ↑(SparseSGD.Scaling.fixedRealizedBatch bStar)) < 1) :
  ∃ C > 0,
    ∀ᶠ (d : ℕ) in Filter.atTop,
      ∀ (k : ℕ),
        have P := SparseSGD.Scaling.actualLSParams pStar kappa bStar 0 epsStar gamma etaStar 1 p ν d;
        |(P.trajectory { R := R, V := 0, C := 0 } k).R -
              (SparseSGD.continuumFlow (etaStar * pStar / epsStar)
                  (etaStar / (2 * ↑(SparseSGD.Scaling.fixedRealizedBatch bStar)))
                  (SparseSGD.Probability.LeastSquares.labelVariance ν *
                    (etaStar / (2 * ↑(SparseSGD.Scaling.fixedRealizedBatch bStar))))
                  { R := R, V := 0, C := 0 } (↑k * P.matchedStep)).R| ≤
          C * ↑d ^ (-min gamma 1)
SparseSGD.Scaling.cor_resonance_rate (pStar kappa bStar sigma epsStar gamma etaStar R : ℝ) (p : ℕ → ↑unitInterval)
  (ν : MeasureTheory.Measure ℝ) (jury : SparseSGD.External.JuryStability) (hp : 0 < pStar) (hk : 0 ≤ kappa)
  (hb : 0 < bStar) (hs : 0 < sigma) (he : 0 < epsStar) (hg : 0 < gamma) (heta : 0 < etaStar)
  (hline : gamma = 1 - sigma + kappa)
  (hpd : ∀ᶠ (d : ℕ) in Filter.atTop, ↑(p d) = SparseSGD.Scaling.scaledSparsity pStar kappa d) (hR : 0 ≤ R)
  (hu1 : etaStar / (2 * bStar) < 1) :
  ∃ C > 0,
    ∀ᶠ (d : ℕ) in Filter.atTop,
      ∀ (k : ℕ),
        have P := SparseSGD.Scaling.actualLSParams pStar kappa bStar sigma epsStar gamma etaStar (1 - sigma) p ν d;
        |(P.trajectory { R := R, V := 0, C := 0 } k).R -
              (SparseSGD.continuumFlow (etaStar * pStar / epsStar) (etaStar / (2 * bStar))
                  (SparseSGD.Probability.LeastSquares.labelVariance ν * (etaStar / (2 * bStar)))
                  { R := R, V := 0, C := 0 } (↑k * P.matchedStep)).R| ≤
          C * (↑d ^ (-gamma) + ↑d ^ (-1) + ↑d ^ (-sigma))
SparseSGD.Scaling.cor_resonance_rate_min (pStar kappa bStar sigma epsStar gamma etaStar R : ℝ) (p : ℕ → ↑unitInterval)
  (ν : MeasureTheory.Measure ℝ) (jury : SparseSGD.External.JuryStability) (hp : 0 < pStar) (hk : 0 ≤ kappa)
  (hb : 0 < bStar) (hs : 0 < sigma) (he : 0 < epsStar) (hg : 0 < gamma) (heta : 0 < etaStar)
  (hline : gamma = 1 - sigma + kappa)
  (hpd : ∀ᶠ (d : ℕ) in Filter.atTop, ↑(p d) = SparseSGD.Scaling.scaledSparsity pStar kappa d) (hR : 0 ≤ R)
  (hu1 : etaStar / (2 * bStar) < 1) :
  ∃ C > 0,
    ∀ᶠ (d : ℕ) in Filter.atTop,
      ∀ (k : ℕ),
        have P := SparseSGD.Scaling.actualLSParams pStar kappa bStar sigma epsStar gamma etaStar (1 - sigma) p ν d;
        |(P.trajectory { R := R, V := 0, C := 0 } k).R -
              (SparseSGD.continuumFlow (etaStar * pStar / epsStar) (etaStar / (2 * bStar))
                  (SparseSGD.Probability.LeastSquares.labelVariance ν * (etaStar / (2 * bStar)))
                  { R := R, V := 0, C := 0 } (↑k * P.matchedStep)).R| ≤
          C * ↑d ^ (-min gamma (min 1 sigma))
SparseSGD.Scaling.fixedBatch_ratio (B : ℕ) (hB : 0 < B) (d : ℕ) : ↑B / (↑B * ↑d ^ 0) = 1
SparseSGD.Scaling.fluidGridHorizon_eventually_le_polynomial (T etaStar pStar alpha kappa epsStar gamma : ℝ) (hT : 0 ≤ T)
  (heta : 0 < etaStar) (hp : 0 < pStar) (heps : 0 < epsStar) (ha : 0 ≤ alpha + kappa) (hg : 0 ≤ gamma) :
  ∃ q,
    0 ≤ q ∧
      ∀ᶠ (d : ℕ) in Filter.atTop,
        ↑(SparseSGD.Scaling.fluidGridHorizon T etaStar pStar alpha kappa epsStar gamma d) ≤ ↑d ^ q
SparseSGD.Scaling.gridHorizon_gap (T h : ℝ) (hh : 0 < h) : T - ↑⌊T / h⌋₊ * h < h
SparseSGD.Scaling.gridHorizon_le (T h : ℝ) (hT : 0 ≤ T) (hh : 0 < h) : ↑⌊T / h⌋₊ * h ≤ T
SparseSGD.Scaling.integerBatch_pos (scale exponent : ℝ) (d : ℕ) : 0 < SparseSGD.Scaling.integerBatch scale exponent d
SparseSGD.Scaling.integerBatch_ratio_tendsto (scale exponent : ℝ) (hs : 0 < scale) (he : 0 < exponent) :
  Filter.Tendsto (fun d => ↑(SparseSGD.Scaling.integerBatch scale exponent d) / (scale * ↑d ^ exponent)) Filter.atTop
    (nhds 1)
SparseSGD.Scaling.learningProfile_excess_grid (u phi R z : ℝ) (k : ℕ) :
  SparseSGD.Scaling.learningProfile u phi R (↑k * z) - phi / (1 - u) =
    (R - phi / (1 - u)) * Real.exp (-(2 * z * (1 - u)) * ↑k)
SparseSGD.Scaling.learningProfile_hasDerivAt (u phi R t : ℝ) (hu : u ≠ 1) :
  HasDerivAt (SparseSGD.Scaling.learningProfile u phi R)
    (-2 * (1 - u) * SparseSGD.Scaling.learningProfile u phi R t + 2 * phi) t
SparseSGD.Scaling.learningProfile_initial (u phi R : ℝ) : SparseSGD.Scaling.learningProfile u phi R 0 = R
SparseSGD.Scaling.ls_curvature_cells_energy (pStar kappa bStar sigma epsStar gamma etaStar alpha u margin : ℝ)
  (p : ℕ → ↑unitInterval) (ν : MeasureTheory.Measure ℝ) (jury : SparseSGD.External.JuryStability) (hp : 0 < pStar)
  (hk : 0 ≤ kappa) (hb : 0 < bStar) (hs : 0 ≤ sigma) (he : 0 < epsStar) (hg : 0 < gamma) (heta : 0 < etaStar)
  (hpd : ∀ᶠ (d : ℕ) in Filter.atTop, ↑(p d) = SparseSGD.Scaling.scaledSparsity pStar kappa d)
  (hw : -(alpha + gamma + kappa) = 0)
  (hcell :
    1 - sigma - alpha < 0 ∧ u = 0 ∨
      1 - sigma - alpha = 0 ∧ u = etaStar / (2 * SparseSGD.Scaling.realizedBatchScale bStar sigma))
  (hw4 : etaStar * epsStar * pStar < 4) (hm : 0 < margin) (hum : u / (1 - etaStar * epsStar * pStar / 4) ≤ 1 - margin)
  (hnyq : 2 * Real.sin margin ≤ |etaStar * epsStar * pStar - 2|) (s : ℕ → SparseSGD.Moments)
  (hsPSD : ∀ (d : ℕ), (s d).psd) :
  have P := SparseSGD.Scaling.actualLSParams pStar kappa bStar sigma epsStar gamma etaStar alpha p ν;
  ∃ C ≥ 0,
    Filter.Tendsto (fun d => C * (P d).matchedStep) Filter.atTop (nhds 0) ∧
      ∀ᶠ (d : ℕ) in Filter.atTop,
        ∀ (k : ℕ),
          |SparseSGD.slowEnergy (P d).matchedDelta ((P d).matchedMoments ((P d).trajectory (s d) k)) -
                  (P d).windowSlow (s d) (↑k * (P d).matchedStep)| ≤
              C * (P d).matchedStep * ((P d).comparisonInitialSize (s d) + (P d).renormAdditive) ∧
            ‖SparseSGD.oscillatoryEnergy (P d).matchedDelta (SparseSGD.oscillatoryRoot √((P d).matchedDelta - 1 / 4))
                    ((P d).matchedMoments ((P d).trajectory (s d) k)) -
                  (P d).windowOsc (s d) (↑k * (P d).matchedStep)‖ ≤
              C * (P d).matchedStep * ((P d).comparisonInitialSize (s d) + (P d).renormAdditive)
SparseSGD.Scaling.ls_curvature_cells_envelope_rate (pStar kappa bStar sigma epsStar gamma etaStar alpha u margin : ℝ)
  (p : ℕ → ↑unitInterval) (ν : MeasureTheory.Measure ℝ) (hp : 0 < pStar) (hk : 0 ≤ kappa) (hb : 0 < bStar)
  (hs : 0 ≤ sigma) (he : 0 < epsStar) (hg : 0 < gamma) (heta : 0 < etaStar)
  (hpd : ∀ᶠ (d : ℕ) in Filter.atTop, ↑(p d) = SparseSGD.Scaling.scaledSparsity pStar kappa d)
  (hw : -(alpha + gamma + kappa) = 0)
  (hcell :
    1 - sigma - alpha < 0 ∧ u = 0 ∨
      1 - sigma - alpha = 0 ∧ u = etaStar / (2 * SparseSGD.Scaling.realizedBatchScale bStar sigma))
  (hw4 : etaStar * epsStar * pStar < 4) (hm : 0 < margin) (hum : u / (1 - etaStar * epsStar * pStar / 4) ≤ 1 - margin)
  (hnyq : 2 * Real.sin margin ≤ |etaStar * epsStar * pStar - 2|) :
  have P := SparseSGD.Scaling.actualLSParams pStar kappa bStar sigma epsStar gamma etaStar alpha p ν;
  Filter.Tendsto
    (fun d => (P d).matchedStep * (1 - (P d).renormNoise) / SparseSGD.Scaling.scaledRetention epsStar gamma d)
    Filter.atTop (nhds (1 - u / (1 - etaStar * epsStar * pStar / 4)))
SparseSGD.Scaling.ls_curvature_cells_parameters (pStar kappa bStar sigma epsStar gamma etaStar alpha u margin : ℝ)
  (p : ℕ → ↑unitInterval) (ν : MeasureTheory.Measure ℝ) (hp : 0 < pStar) (hk : 0 ≤ kappa) (hb : 0 < bStar)
  (hs : 0 ≤ sigma) (he : 0 < epsStar) (hg : 0 < gamma) (heta : 0 < etaStar)
  (hpd : ∀ᶠ (d : ℕ) in Filter.atTop, ↑(p d) = SparseSGD.Scaling.scaledSparsity pStar kappa d)
  (hw : -(alpha + gamma + kappa) = 0)
  (hcell :
    1 - sigma - alpha < 0 ∧ u = 0 ∨
      1 - sigma - alpha = 0 ∧ u = etaStar / (2 * SparseSGD.Scaling.realizedBatchScale bStar sigma))
  (hw4 : etaStar * epsStar * pStar < 4) (hm : 0 < margin) (hum : u / (1 - etaStar * epsStar * pStar / 4) ≤ 1 - margin)
  (hnyq : 2 * Real.sin margin ≤ |etaStar * epsStar * pStar - 2|) :
  have P := SparseSGD.Scaling.actualLSParams pStar kappa bStar sigma epsStar gamma etaStar alpha p ν;
  (∀ᶠ (d : ℕ) in Filter.atTop, SparseSGD.WindowParameters (P d) (margin / 2) ∧ 0 ≤ (P d).renormAdditive) ∧
    Filter.Tendsto (fun d => (P d).renormNoise) Filter.atTop (nhds (u / (1 - etaStar * epsStar * pStar / 4))) ∧
      Filter.Tendsto (fun d => (P d).renormAdditive) Filter.atTop
        (nhds (SparseSGD.Probability.LeastSquares.labelVariance ν * u / (1 - etaStar * epsStar * pStar / 4)))
SparseSGD.Scaling.ls_curvature_cells_risk (pStar kappa bStar sigma epsStar gamma etaStar alpha u margin : ℝ)
  (p : ℕ → ↑unitInterval) (ν : MeasureTheory.Measure ℝ) (jury : SparseSGD.External.JuryStability) (hp : 0 < pStar)
  (hk : 0 ≤ kappa) (hb : 0 < bStar) (hs : 0 ≤ sigma) (he : 0 < epsStar) (hg : 0 < gamma) (heta : 0 < etaStar)
  (hpd : ∀ᶠ (d : ℕ) in Filter.atTop, ↑(p d) = SparseSGD.Scaling.scaledSparsity pStar kappa d)
  (hw : -(alpha + gamma + kappa) = 0)
  (hcell :
    1 - sigma - alpha < 0 ∧ u = 0 ∨
      1 - sigma - alpha = 0 ∧ u = etaStar / (2 * SparseSGD.Scaling.realizedBatchScale bStar sigma))
  (hw4 : etaStar * epsStar * pStar < 4) (hm : 0 < margin) (hum : u / (1 - etaStar * epsStar * pStar / 4) ≤ 1 - margin)
  (hnyq : 2 * Real.sin margin ≤ |etaStar * epsStar * pStar - 2|) (s : ℕ → SparseSGD.Moments)
  (hsPSD : ∀ (d : ℕ), (s d).psd) :
  have P := SparseSGD.Scaling.actualLSParams pStar kappa bStar sigma epsStar gamma etaStar alpha p ν;
  ∃ C ≥ 0,
    Filter.Tendsto (fun d => C * (P d).matchedStep) Filter.atTop (nhds 0) ∧
      ∀ᶠ (d : ℕ) in Filter.atTop,
        ∀ (k : ℕ),
          |((P d).trajectory (s d) k).R -
                ((P d).windowSlow (s d) (↑k * (P d).matchedStep) / 2 +
                  ((P d).windowOsc (s d) (↑k * (P d).matchedStep)).re / 2)| ≤
            C * (P d).matchedStep * ((P d).comparisonInitialSize (s d) + (P d).renormAdditive)
SparseSGD.Scaling.ls_learning_cells_all_batches (pStar kappa bStar sigma epsStar gamma etaStar alpha R u : ℝ)
  (p : ℕ → ↑unitInterval) (ν : MeasureTheory.Measure ℝ) (jury : SparseSGD.External.JuryStability) (hp : 0 < pStar)
  (hk : 0 ≤ kappa) (hb : 0 < bStar) (hs : 0 ≤ sigma) (he : 0 < epsStar) (hg : 0 ≤ gamma) (heta : 0 < etaStar)
  (hfixed : gamma = 0 → epsStar ≤ 1 / 2)
  (hpd : ∀ᶠ (d : ℕ) in Filter.atTop, ↑(p d) = SparseSGD.Scaling.scaledSparsity pStar kappa d)
  (hD : gamma - alpha - kappa < 0)
  (hcell :
    1 - sigma - alpha < 0 ∧ u = 0 ∨
      1 - sigma - alpha = 0 ∧ u = etaStar / (2 * SparseSGD.Scaling.realizedBatchScale bStar sigma))
  (hR : 0 ≤ R) (hu1 : u < 1) (e : ℝ) :
  e > 0 →
    ∀ᶠ (d : ℕ) in Filter.atTop,
      ∀ (k : ℕ),
        have P := SparseSGD.Scaling.actualLSParams pStar kappa bStar sigma epsStar gamma etaStar alpha p ν d;
        |(P.trajectory { R := R, V := 0, C := 0 } k).R -
              SparseSGD.Scaling.learningProfile u (SparseSGD.Probability.LeastSquares.labelVariance ν * u) R
                (↑k * (P.w / P.eps))| <
          e
SparseSGD.Scaling.ls_regular_cells_all_batches (pStar kappa bStar sigma epsStar gamma etaStar alpha R u : ℝ)
  (p : ℕ → ↑unitInterval) (ν : MeasureTheory.Measure ℝ) (jury : SparseSGD.External.JuryStability) (hp : 0 < pStar)
  (hk : 0 ≤ kappa) (hb : 0 < bStar) (hs : 0 ≤ sigma) (he : 0 < epsStar) (hg : 0 < gamma) (heta : 0 < etaStar)
  (hpd : ∀ᶠ (d : ℕ) in Filter.atTop, ↑(p d) = SparseSGD.Scaling.scaledSparsity pStar kappa d)
  (hD : gamma - alpha - kappa = 0)
  (hcell :
    1 - sigma - alpha < 0 ∧ u = 0 ∨
      1 - sigma - alpha = 0 ∧ u = etaStar / (2 * SparseSGD.Scaling.realizedBatchScale bStar sigma))
  (hR : 0 ≤ R) (hu1 : u < 1) (e : ℝ) :
  e > 0 →
    ∀ᶠ (d : ℕ) in Filter.atTop,
      ∀ (k : ℕ),
        have P := SparseSGD.Scaling.actualLSParams pStar kappa bStar sigma epsStar gamma etaStar alpha p ν d;
        |(P.trajectory { R := R, V := 0, C := 0 } k).R -
              (SparseSGD.continuumFlow (etaStar * pStar / epsStar) u
                  (SparseSGD.Probability.LeastSquares.labelVariance ν * u) { R := R, V := 0, C := 0 }
                  (↑k * P.matchedStep)).R| <
          e
SparseSGD.Scaling.ls_signal_to_increment_ratio {d B : ℕ} (p : ↑unitInterval) (hd : 0 < d) (hB : 0 < B) (hp : ↑p ≠ 0) :
  ↑p ^ 2 / SparseSGD.Probability.LeastSquares.vinc d B p = ↑p * ↑B / (↑d + 2 - ↑p)
SparseSGD.Scaling.ls_small_curvature_window_parameters (pStar kappa bStar sigma epsStar gamma etaStar alpha u : ℝ)
  (p : ℕ → ↑unitInterval) (ν : MeasureTheory.Measure ℝ) (hp : 0 < pStar) (hk : 0 ≤ kappa) (hb : 0 < bStar)
  (hs : 0 ≤ sigma) (he : 0 < epsStar) (hg : 0 < gamma) (heta : 0 < etaStar)
  (hpd : ∀ᶠ (d : ℕ) in Filter.atTop, ↑(p d) = SparseSGD.Scaling.scaledSparsity pStar kappa d)
  (hD : 0 < gamma - alpha - kappa) (hw : -(alpha + gamma + kappa) < 0)
  (hcell :
    1 - sigma - alpha < 0 ∧ u = 0 ∨
      1 - sigma - alpha = 0 ∧ u = etaStar / (2 * SparseSGD.Scaling.realizedBatchScale bStar sigma))
  (hu1 : u < 1) :
  have P := SparseSGD.Scaling.actualLSParams pStar kappa bStar sigma epsStar gamma etaStar alpha p ν;
  ∃ margin > 0,
    (∀ᶠ (d : ℕ) in Filter.atTop, SparseSGD.WindowParameters (P d) margin ∧ 0 ≤ (P d).renormAdditive) ∧
      Filter.Tendsto (fun d => (P d).matchedStep + 1 / √(P d).matchedDelta) Filter.atTop (nhds 0) ∧
        Filter.Tendsto (fun d => (P d).renormNoise) Filter.atTop (nhds u) ∧
          Filter.Tendsto (fun d => (P d).renormAdditive) Filter.atTop
            (nhds (SparseSGD.Probability.LeastSquares.labelVariance ν * u))
SparseSGD.Scaling.ls_window_cells_energy (pStar kappa bStar sigma epsStar gamma etaStar alpha u : ℝ)
  (p : ℕ → ↑unitInterval) (ν : MeasureTheory.Measure ℝ) (jury : SparseSGD.External.JuryStability) (hp : 0 < pStar)
  (hk : 0 ≤ kappa) (hb : 0 < bStar) (hs : 0 ≤ sigma) (he : 0 < epsStar) (hg : 0 < gamma) (heta : 0 < etaStar)
  (hpd : ∀ᶠ (d : ℕ) in Filter.atTop, ↑(p d) = SparseSGD.Scaling.scaledSparsity pStar kappa d)
  (hD : 0 < gamma - alpha - kappa) (hw : -(alpha + gamma + kappa) < 0)
  (hcell :
    1 - sigma - alpha < 0 ∧ u = 0 ∨
      1 - sigma - alpha = 0 ∧ u = etaStar / (2 * SparseSGD.Scaling.realizedBatchScale bStar sigma))
  (hu1 : u < 1) (s : ℕ → SparseSGD.Moments) (hsPSD : ∀ (d : ℕ), (s d).psd) :
  have P := SparseSGD.Scaling.actualLSParams pStar kappa bStar sigma epsStar gamma etaStar alpha p ν;
  ∃ C ≥ 0,
    Filter.Tendsto (fun d => C * ((P d).matchedStep + 1 / √(P d).matchedDelta)) Filter.atTop (nhds 0) ∧
      ∀ᶠ (d : ℕ) in Filter.atTop,
        ∀ (k : ℕ),
          |SparseSGD.slowEnergy (P d).matchedDelta ((P d).matchedMoments ((P d).trajectory (s d) k)) -
                  (P d).windowSlow (s d) (↑k * (P d).matchedStep)| ≤
              C * ((P d).matchedStep + 1 / √(P d).matchedDelta) *
                ((P d).comparisonInitialSize (s d) + (P d).renormAdditive) ∧
            ‖SparseSGD.oscillatoryEnergy (P d).matchedDelta (SparseSGD.oscillatoryRoot √((P d).matchedDelta - 1 / 4))
                    ((P d).matchedMoments ((P d).trajectory (s d) k)) -
                  (P d).windowOsc (s d) (↑k * (P d).matchedStep)‖ ≤
              C * ((P d).matchedStep + 1 / √(P d).matchedDelta) *
                ((P d).comparisonInitialSize (s d) + (P d).renormAdditive)
SparseSGD.Scaling.ls_window_cells_envelope_rate (pStar kappa bStar sigma epsStar gamma etaStar alpha u : ℝ)
  (p : ℕ → ↑unitInterval) (ν : MeasureTheory.Measure ℝ) (hp : 0 < pStar) (hk : 0 ≤ kappa) (hb : 0 < bStar)
  (hs : 0 ≤ sigma) (he : 0 < epsStar) (hg : 0 < gamma) (heta : 0 < etaStar)
  (hpd : ∀ᶠ (d : ℕ) in Filter.atTop, ↑(p d) = SparseSGD.Scaling.scaledSparsity pStar kappa d)
  (hD : 0 < gamma - alpha - kappa) (hw : -(alpha + gamma + kappa) < 0)
  (hcell :
    1 - sigma - alpha < 0 ∧ u = 0 ∨
      1 - sigma - alpha = 0 ∧ u = etaStar / (2 * SparseSGD.Scaling.realizedBatchScale bStar sigma))
  (hu1 : u < 1) :
  have P := SparseSGD.Scaling.actualLSParams pStar kappa bStar sigma epsStar gamma etaStar alpha p ν;
  Filter.Tendsto
    (fun d => (P d).matchedStep * (1 - (P d).renormNoise) / SparseSGD.Scaling.scaledRetention epsStar gamma d)
    Filter.atTop (nhds (1 - u))
SparseSGD.Scaling.ls_window_cells_risk (pStar kappa bStar sigma epsStar gamma etaStar alpha u : ℝ)
  (p : ℕ → ↑unitInterval) (ν : MeasureTheory.Measure ℝ) (jury : SparseSGD.External.JuryStability) (hp : 0 < pStar)
  (hk : 0 ≤ kappa) (hb : 0 < bStar) (hs : 0 ≤ sigma) (he : 0 < epsStar) (hg : 0 < gamma) (heta : 0 < etaStar)
  (hpd : ∀ᶠ (d : ℕ) in Filter.atTop, ↑(p d) = SparseSGD.Scaling.scaledSparsity pStar kappa d)
  (hD : 0 < gamma - alpha - kappa) (hw : -(alpha + gamma + kappa) < 0)
  (hcell :
    1 - sigma - alpha < 0 ∧ u = 0 ∨
      1 - sigma - alpha = 0 ∧ u = etaStar / (2 * SparseSGD.Scaling.realizedBatchScale bStar sigma))
  (hu1 : u < 1) (s : ℕ → SparseSGD.Moments) (hsPSD : ∀ (d : ℕ), (s d).psd) :
  have P := SparseSGD.Scaling.actualLSParams pStar kappa bStar sigma epsStar gamma etaStar alpha p ν;
  ∃ C ≥ 0,
    Filter.Tendsto (fun d => C * ((P d).matchedStep + 1 / √(P d).matchedDelta)) Filter.atTop (nhds 0) ∧
      ∀ᶠ (d : ℕ) in Filter.atTop,
        ∀ (k : ℕ),
          |((P d).trajectory (s d) k).R -
                ((P d).windowSlow (s d) (↑k * (P d).matchedStep) / 2 +
                  ((P d).windowOsc (s d) (↑k * (P d).matchedStep)).re / 2)| ≤
            C * ((P d).matchedStep + 1 / √(P d).matchedDelta) *
              ((P d).comparisonInitialSize (s d) + (P d).renormAdditive)
SparseSGD.Scaling.no_positive_integer_batch_negative_exponent (B : ℕ → ℕ) (hB : ∀ (d : ℕ), 0 < B d) (scale exponent : ℝ)
  (he : exponent < 0) : ¬Filter.Tendsto (fun d => ↑(B d) / (scale * ↑d ^ exponent)) Filter.atTop (nhds 1)
SparseSGD.Scaling.sample_retention_clock_ratio (b sigma epsStar gamma : ℝ) (hb : 0 < b) (hs : 0 ≤ sigma)
  (he : 0 < epsStar) :
  Filter.Tendsto
    (fun d =>
      ↑(SparseSGD.Scaling.scaledBatch b sigma d) / SparseSGD.Scaling.scaledRetention epsStar gamma d /
        (SparseSGD.Scaling.realizedBatchScale b sigma / epsStar * ↑d ^ (gamma + sigma)))
    Filter.atTop (nhds 1)
SparseSGD.Scaling.scaledMomentum_gamma_zero (epsStar : ℝ) (d : ℕ) :
  SparseSGD.Scaling.scaledMomentum epsStar 0 d = 1 - epsStar
SparseSGD.Scaling.scaledRetention_gamma_zero (epsStar : ℝ) (d : ℕ) :
  SparseSGD.Scaling.scaledRetention epsStar 0 d = epsStar
SparseSGD.Scaling.scaled_critical_activity_tendsto (pStar bStar sigma : ℝ) (hp : 0 < pStar) (hb : 0 < bStar)
  (hs : 0 < sigma) :
  Filter.Tendsto
    (fun d =>
      SparseSGD.Scaling.batchActivity (↑(SparseSGD.Scaling.scaledProbabilityFamily pStar sigma d))
        (SparseSGD.Scaling.scaledBatch bStar sigma d))
    Filter.atTop (nhds (1 - Real.exp (-(bStar * pStar))))
SparseSGD.Scaling.scaled_critical_memory_ratio_tendsto_atTop (pStar bStar sigma epsStar gamma : ℝ) (hp : 0 < pStar)
  (hb : 0 < bStar) (he : 0 < epsStar) (hs : 0 < sigma) (hg : 0 < gamma) :
  Filter.Tendsto
    (fun d =>
      SparseSGD.Scaling.batchActivity (↑(SparseSGD.Scaling.scaledProbabilityFamily pStar sigma d))
          (SparseSGD.Scaling.scaledBatch bStar sigma d) /
        SparseSGD.Scaling.scaledRetention epsStar gamma d)
    Filter.atTop Filter.atTop
SparseSGD.Scaling.scaled_dense_memory_ratio_tendsto_atTop (pStar kappa bStar sigma epsStar gamma : ℝ) (hp : 0 < pStar)
  (hb : 0 < bStar) (he : 0 < epsStar) (hk : 0 ≤ kappa) (hp1 : pStar ≤ 1) (hks : kappa < sigma) (hg : 0 < gamma) :
  Filter.Tendsto
    (fun d =>
      SparseSGD.Scaling.batchActivity (↑(SparseSGD.Scaling.scaledProbabilityFamily pStar kappa d))
          (SparseSGD.Scaling.scaledBatch bStar sigma d) /
        SparseSGD.Scaling.scaledRetention epsStar gamma d)
    Filter.atTop Filter.atTop
SparseSGD.Scaling.scaled_fixed_activity_tendsto (pStar bStar : ℝ) (hp : 0 < pStar) (hp1 : pStar ≤ 1) :
  Filter.Tendsto
    (fun d =>
      SparseSGD.Scaling.batchActivity (↑(SparseSGD.Scaling.scaledProbabilityFamily pStar 0 d))
        (SparseSGD.Scaling.scaledBatch bStar 0 d))
    Filter.atTop (nhds (1 - (1 - pStar) ^ SparseSGD.Scaling.fixedRealizedBatch bStar))
SparseSGD.Scaling.scaled_fixed_memory_ratio_tendsto_atTop (pStar bStar epsStar gamma : ℝ) (hp : 0 < pStar)
  (hp1 : pStar ≤ 1) (hb : 0 < bStar) (he : 0 < epsStar) (hg : 0 < gamma) :
  Filter.Tendsto
    (fun d =>
      SparseSGD.Scaling.batchActivity (↑(SparseSGD.Scaling.scaledProbabilityFamily pStar 0 d))
          (SparseSGD.Scaling.scaledBatch bStar 0 d) /
        SparseSGD.Scaling.scaledRetention epsStar gamma d)
    Filter.atTop Filter.atTop
SparseSGD.apparent_line_intersections (sigma kappa gamma : ℝ) :
  (kappa = sigma → gamma = 1 - sigma + kappa → gamma = 1) ∧
    (kappa = sigma - 1 → gamma = 1 - sigma + kappa → gamma = 0) ∧
      (kappa = sigma - 1 → gamma = sigma - 1 - kappa → gamma = 0) ∧
        (gamma = kappa - sigma → gamma = 1 - sigma + kappa → False) ∧
          (gamma = kappa - sigma → gamma = sigma - 1 - kappa → gamma = -1 / 2) ∧
            (kappa = sigma → gamma = sigma - 1 - kappa → gamma = -1)
SparseSGD.continuumCovarianceFlow_variation_of_constants (delta u phi : ℝ) (s : SparseSGD.Moments) (t : ℝ) :
  SparseSGD.continuumCovarianceFlow delta u phi s t =
    SparseSGD.continuumMeanFlow delta t * s.cov * (SparseSGD.continuumMeanFlow delta t).transpose +
      ∫ (x : ℝ) in 0..t,
        SparseSGD.continuumMeanFlow delta (t - x) *
            SparseSGD.continuumCovarianceSource delta u phi (SparseSGD.continuumFlow delta u phi s x) *
          (SparseSGD.continuumMeanFlow delta (t - x)).transpose
SparseSGD.continuumFlow_cov_posDef {delta u phi : ℝ} (hd : 0 < delta) (hu : 0 ≤ u) (hp : 0 ≤ phi) (hnoise : 0 < u + phi)
  (s : SparseSGD.Moments) (hs : s.psd) (hnonzero : ∃ y, 0 ≤ y ∧ (SparseSGD.continuumFlow delta u phi s y).R ≠ 0) {t : ℝ}
  (ht : 0 < t) : (SparseSGD.continuumFlow delta u phi s t).cov.PosDef
SparseSGD.continuumFlow_equilibrium_exponential_bound {delta u : ℝ} (hd : 0 < delta) (hu0 : 0 ≤ u) (hu1 : u < 1) :
  ∃ A lambda,
    0 < A ∧
      0 < lambda ∧
        ∀ (phi : ℝ) (s q : SparseSGD.Moments),
          SparseSGD.continuumField delta u phi q = 0 →
            ∀ (t : ℝ),
              0 ≤ t →
                SparseSGD.continuumMomentSize
                    (SparseSGD.continuumMomentDifference (SparseSGD.continuumFlow delta u phi s t) q) ≤
                  A * SparseSGD.continuumMomentSize (SparseSGD.continuumMomentDifference s q) * Real.exp (-lambda * t)
SparseSGD.continuumFlow_exponentially_stable_iff {delta u : ℝ} (hd : 0 < delta) (hu : 0 ≤ u) :
  (∃ A lambda,
      0 < A ∧
        0 < lambda ∧
          ∀ (s : SparseSGD.Moments) (t : ℝ),
            0 ≤ t →
              SparseSGD.continuumMomentSize (SparseSGD.continuumFlow delta u 0 s t) ≤
                A * SparseSGD.continuumMomentSize s * Real.exp (-lambda * t)) ↔
    u < 1
SparseSGD.continuumFlow_largeMode_sum (delta u phi a : ℝ) (s : SparseSGD.Moments) (hd : 1 ≤ delta) (hu : u ≠ 1)
  (ha : a ^ 3 + (4 * delta - 1) * a - 4 * delta * u = 0) (t : ℝ) (ht : 0 ≤ t) :
  ↑(SparseSGD.continuumFlow delta u phi s t).R =
    ↑(phi / (1 - u)) +
      ∑ i, SparseSGD.largeModeCoefficients delta u phi a s i * Complex.exp (SparseSGD.largeModeRates delta a i * ↑t)
SparseSGD.continuumFlow_largeMode_sum_coefficients_bound (delta u phi a : ℝ) (s : SparseSGD.Moments) (hd : 4 ≤ delta)
  (hu : u < 1) (hp : 0 ≤ phi) (ha0 : 0 ≤ a) (ha1 : a ≤ 1) (hs : s.psd) :
  ∑ i, ‖SparseSGD.largeModeCoefficients delta u phi a s i‖ ≤ 22 * (s.R + delta * s.V + phi / (1 - u))
SparseSGD.continuumFlow_psd {delta u phi : ℝ} (hd : 0 < delta) (hu : 0 ≤ u) (hp : 0 ≤ phi) (s : SparseSGD.Moments)
  (hs : s.psd) {t : ℝ} (ht : 0 ≤ t) : (SparseSGD.continuumFlow delta u phi s t).psd
SparseSGD.continuumFlow_rankDefect_pos {delta u phi : ℝ} (hd : 0 < delta) (hu : 0 ≤ u) (hp : 0 ≤ phi)
  (hnoise : 0 < u + phi) (s : SparseSGD.Moments) (hs : s.psd)
  (hnonzero : ∃ y, 0 ≤ y ∧ (SparseSGD.continuumFlow delta u phi s y).R ≠ 0) {t : ℝ} (ht : 0 < t) :
  0 < (SparseSGD.continuumFlow delta u phi s t).rankDefect
SparseSGD.continuumFlow_renewal (delta u phi : ℝ) (s : SparseSGD.Moments) (t : ℝ) :
  (SparseSGD.continuumFlow delta u phi s t).R =
    SparseSGD.continuumFreeRisk delta s t +
      ∫ (x : ℝ) in 0..t,
        SparseSGD.continuumRenewalKernel delta (t - x) * (u * (SparseSGD.continuumFlow delta u phi s x).R + phi)
SparseSGD.continuumFlow_tendstoUniformlyOn_nonneg.{u_1} {ι : Type u_1} {l : Filter ι} {delta u phi : ι → ℝ}
  {s : ι → SparseSGD.Moments} {delta₀ u₀ phi₀ : ℝ} {s₀ : SparseSGD.Moments} (hd : Filter.Tendsto delta l (nhds delta₀))
  (hu : Filter.Tendsto u l (nhds u₀)) (hp : Filter.Tendsto phi l (nhds phi₀))
  (hsR : Filter.Tendsto (fun n => (s n).R) l (nhds s₀.R)) (hsV : Filter.Tendsto (fun n => (s n).V) l (nhds s₀.V))
  (hsC : Filter.Tendsto (fun n => (s n).C) l (nhds s₀.C)) (hd0 : 0 < delta₀) (hu00 : 0 ≤ u₀) (hu01 : u₀ < 1)
  (hpositive : ∀ᶠ (n : ι) in l, 0 < delta n ∧ 0 ≤ u n ∧ u n < 1 ∧ 0 ≤ phi n ∧ (s n).psd) :
  TendstoUniformlyOn
    (fun n t => SparseSGD.regularMomentVector (SparseSGD.continuumFlow (delta n) (u n) (phi n) (s n) t))
    (fun t => SparseSGD.regularMomentVector (SparseSGD.continuumFlow delta₀ u₀ phi₀ s₀ t)) l (Set.Ici 0)
SparseSGD.continuumFreeRisk_le_initial_energy (delta : ℝ) (hd : 0 < delta) (s : SparseSGD.Moments) (hs : s.psd) (t : ℝ)
  (ht : 0 ≤ t) : SparseSGD.continuumFreeRisk delta s t ≤ s.R + delta * s.V
SparseSGD.continuumKernelLaplace_eq {delta s : ℝ} (hd : 0 < delta) (hs : 0 ≤ s) :
  SparseSGD.continuumKernelLaplace delta s = 4 * delta / ((s + 1) * (s ^ 2 + 2 * s + 4 * delta))
SparseSGD.continuumKernelLaplace_integrable {delta s : ℝ} (hd : 0 < delta) (hs : 0 ≤ s) :
  MeasureTheory.IntegrableOn (fun t => Real.exp (-s * t) * SparseSGD.continuumRenewalKernel delta t) (Set.Ioi 0)
    MeasureTheory.volume
SparseSGD.continuumKernelTotalVariation_le {delta : ℝ} (hd : 0 < delta) :
  SparseSGD.continuumKernelTotalVariation delta ≤ 2 * √delta
SparseSGD.continuumPerronRate_attained (delta u : ℝ) (hd : 0 < delta) (hu0 : 0 ≤ u) (hu1 : u < 1) :
  ∃ z ∈ SparseSGD.continuumCharacteristicRoots delta u, z.re = -SparseSGD.continuumPerronRate delta u
SparseSGD.continuumPerronRate_lt_one_sub_load (delta u : ℝ) (hd : 0 < delta) (hu0 : 0 < u) (hu1 : u < 1) :
  SparseSGD.continuumPerronRate delta u < 1 - u
SparseSGD.continuumPerronRate_pos (delta u : ℝ) (hd : 0 < delta) (hu0 : 0 ≤ u) (hu1 : u < 1) :
  0 < SparseSGD.continuumPerronRate delta u
SparseSGD.continuumRenewalKernel_eVariationOn_le {delta : ℝ} (hd : 0 < delta) :
  eVariationOn (SparseSGD.continuumRenewalKernel delta) (Set.Ici 0) ≤ ENNReal.ofReal (2 * √delta)
SparseSGD.continuumRenewalKernel_integrableOn {delta : ℝ} (hd : 0 < delta) :
  MeasureTheory.IntegrableOn (SparseSGD.continuumRenewalKernel delta) (Set.Ioi 0) MeasureTheory.volume
SparseSGD.continuumRenewalKernel_mass {delta : ℝ} (hd : 0 < delta) :
  ∫ (t : ℝ) in Set.Ioi 0, SparseSGD.continuumRenewalKernel delta t = 1
SparseSGD.continuum_largeDelta_cold_risk_uniform (margin u phi R : ℝ) (hm : 0 < margin) (hu0 : 0 ≤ u)
  (hu : u ≤ 1 - margin) (hp : 0 ≤ phi) (hR : 0 ≤ R) :
  TendstoUniformlyOn
    (fun D tau =>
      (SparseSGD.continuumFlow D u phi { R := R, V := 0, C := 0 } tau).R -
        ((2 * phi / (1 - u) + (R - 2 * phi / (1 - u)) * Real.exp ((u - 1) * tau)) / 2 +
          (↑R * Complex.exp (SparseSGD.windowOscillatoryRate u √(D - 1 / 4) * ↑tau)).re / 2))
    (fun x => 0) Filter.atTop (Set.Ici 0)
SparseSGD.continuum_smallDelta_tendstoUniformlyOn_learningClock (u phi R : ℝ) (jury : SparseSGD.External.JuryStability)
  (hu0 : 0 ≤ u) (hu1 : u < 1) (hp : 0 ≤ phi) (hR : 0 ≤ R) :
  TendstoUniformlyOn (fun D t => (SparseSGD.continuumFlow D u phi { R := R, V := 0, C := 0 } (t / D)).R)
    (SparseSGD.Scaling.learningProfile u phi R) (nhdsWithin 0 (Set.Ioi 0)) (Set.Ici 0)
SparseSGD.continuum_solution_exists (delta u phi : ℝ) (s : SparseSGD.Moments) :
  ∃ f, f 0 = s ∧ SparseSGD.IsMomentSolution delta u phi f
SparseSGD.continuum_solution_unique (delta u phi : ℝ) (s : SparseSGD.Moments) (f : ℝ → SparseSGD.Moments)
  (hf0 : f 0 = s) (hf : SparseSGD.IsMomentSolution delta u phi f) (t : ℝ) (ht : 0 ≤ t) :
  f t = SparseSGD.continuumFlow delta u phi s t
SparseSGD.cor_regular (K : Set ℝ) (hK : IsCompact K) (hKpos : K ⊆ Set.Ioi 0) (margin : ℝ) (hm : 0 < margin) :
  ∃ step₀ > 0,
    ∃ C > 0,
      ∀ (p : SparseSGD.Params) (s : SparseSGD.Moments) (delta₀ u₀ phi₀ : ℝ) (s₀ : SparseSGD.Moments),
        0 < p.beta →
          p.beta < 1 →
            0 < p.w →
              p.w < 2 * (1 + p.beta) →
                SparseSGD.External.JuryStability →
                  s.psd →
                    p.matchedStep ≤ step₀ →
                      p.matchedDelta ∈ K →
                        delta₀ ∈ K →
                          0 ≤ p.renormNoise →
                            p.renormNoise ≤ 1 - margin →
                              0 ≤ u₀ →
                                u₀ ≤ 1 - margin →
                                  0 ≤ p.renormAdditive →
                                    ∀ (k : ℕ),
                                      |(p.trajectory s k).R -
                                            (SparseSGD.continuumFlow delta₀ u₀ phi₀ s₀ (↑k * p.matchedStep)).R| ≤
                                        C *
                                          ((p.matchedStep + |p.matchedDelta - delta₀| + |p.renormNoise - u₀|) *
                                                (p.comparisonInitialSize s + p.renormAdditive) +
                                              |p.renormAdditive - phi₀| +
                                            ‖(p.matchedMoments s).cov - s₀.cov‖)
SparseSGD.cor_resonance_neighboring_limits (u phi R : ℝ) (jury : SparseSGD.External.JuryStability) (hu0 : 0 ≤ u)
  (hu1 : u < 1) (hp : 0 ≤ phi) (hR : 0 ≤ R) :
  TendstoUniformlyOn (fun D t => (SparseSGD.continuumFlow D u phi { R := R, V := 0, C := 0 } (t / D)).R)
      (SparseSGD.Scaling.learningProfile u phi R) (nhdsWithin 0 (Set.Ioi 0)) (Set.Ici 0) ∧
    TendstoUniformlyOn
      (fun D tau =>
        (SparseSGD.continuumFlow D u phi { R := R, V := 0, C := 0 } tau).R -
          ((2 * phi / (1 - u) + (R - 2 * phi / (1 - u)) * Real.exp ((u - 1) * tau)) / 2 +
            (↑R * Complex.exp (SparseSGD.windowOscillatoryRate u √(D - 1 / 4) * ↑tau)).re / 2))
      (fun x => 0) Filter.atTop (Set.Ici 0)
SparseSGD.cor_resonance_rank (D u variance R : ℝ) (hD : 0 < D) (hu : 0 < u) (hvar : 0 ≤ variance) (hR : 0 ≤ R)
  (hn : 0 < R ∨ 0 < variance) (t : ℝ) (ht : 0 < t) :
  0 < (SparseSGD.continuumFlow D u (variance * u) { R := R, V := 0, C := 0 } t).rankDefect ∧
    (SparseSGD.continuumFlow D u (variance * u) { R := R, V := 0, C := 0 } t).cov.PosDef
SparseSGD.cor_tikhonov (margin : ℝ) (hm : 0 < margin) :
  ∃ Delta1 C,
    0 < Delta1 ∧
      0 < C ∧
        ∀ (p : SparseSGD.Params) (Delta R : ℝ),
          SparseSGD.External.JuryStability →
            1 / 2 ≤ p.beta →
              p.beta < 1 →
                0 < Delta →
                  Delta ≤ Delta1 →
                    p.w = SparseSGD.smallDeltaW p.beta Delta →
                      0 ≤ R →
                        0 ≤ p.renormNoise →
                          p.renormNoise ≤ 1 - margin →
                            0 ≤ p.renormAdditive →
                              ∀ (k : ℕ),
                                |(p.trajectory { R := R, V := 0, C := 0 } k).R -
                                      SparseSGD.Scaling.learningProfile p.renormNoise p.renormAdditive R
                                        (↑k * (p.w / p.eps))| ≤
                                  C * Delta * (R + p.renormAdditive / (1 - p.renormNoise))
SparseSGD.critical_plane_cell_classification (sigma kappa gamma : ℝ) (hg : 0 < gamma) :
  SparseSGD.Cell2 (SparseSGD.eDelta gamma kappa (SparseSGD.criticalAlpha sigma kappa gamma))
      (SparseSGD.eNoise sigma (SparseSGD.criticalAlpha sigma kappa gamma))
      (SparseSGD.eCurvature gamma kappa (SparseSGD.criticalAlpha sigma kappa gamma)) ∨
    SparseSGD.Cell4 (SparseSGD.eDelta gamma kappa (SparseSGD.criticalAlpha sigma kappa gamma))
        (SparseSGD.eNoise sigma (SparseSGD.criticalAlpha sigma kappa gamma))
        (SparseSGD.eCurvature gamma kappa (SparseSGD.criticalAlpha sigma kappa gamma)) ∨
      SparseSGD.Cell6 (SparseSGD.eDelta gamma kappa (SparseSGD.criticalAlpha sigma kappa gamma))
          (SparseSGD.eNoise sigma (SparseSGD.criticalAlpha sigma kappa gamma))
          (SparseSGD.eCurvature gamma kappa (SparseSGD.criticalAlpha sigma kappa gamma)) ∨
        SparseSGD.Cell7 (SparseSGD.eDelta gamma kappa (SparseSGD.criticalAlpha sigma kappa gamma))
            (SparseSGD.eNoise sigma (SparseSGD.criticalAlpha sigma kappa gamma))
            (SparseSGD.eCurvature gamma kappa (SparseSGD.criticalAlpha sigma kappa gamma)) ∨
          SparseSGD.Cell8 (SparseSGD.eDelta gamma kappa (SparseSGD.criticalAlpha sigma kappa gamma))
            (SparseSGD.eNoise sigma (SparseSGD.criticalAlpha sigma kappa gamma))
            (SparseSGD.eCurvature gamma kappa (SparseSGD.criticalAlpha sigma kappa gamma))
SparseSGD.curvature_eventually_window (p : ℕ → SparseSGD.Params) (w u margin : ℝ)
  (hb : Filter.Tendsto (fun n => (p n).beta) Filter.atTop (nhds 1))
  (hw : Filter.Tendsto (fun n => (p n).w) Filter.atTop (nhds w))
  (hu : Filter.Tendsto (fun n => (p n).noise) Filter.atTop (nhds u)) (hw0 : 0 < w) (hw4 : w < 4) (hm : 0 < margin)
  (hb1 : ∀ᶠ (n : ℕ) in Filter.atTop, (p n).beta < 1) (hu0 : ∀ᶠ (n : ℕ) in Filter.atTop, 0 ≤ (p n).noise)
  (hum : u / (1 - w / 4) ≤ 1 - margin) (hnyq : 2 * Real.sin margin ≤ |w - 2|) :
  ∀ᶠ (n : ℕ) in Filter.atTop, SparseSGD.WindowParameters (p n) (margin / 2)
SparseSGD.curvature_foldedAngle_tendsto (p : ℕ → SparseSGD.Params) (w : ℝ)
  (hb : Filter.Tendsto (fun n => (p n).beta) Filter.atTop (nhds 1))
  (hw : Filter.Tendsto (fun n => (p n).w) Filter.atTop (nhds w)) :
  Filter.Tendsto (fun n => (p n).foldedAngle) Filter.atTop (nhds (Real.arccos |1 - w / 2|))
SparseSGD.curvature_load_tendsto (p : ℕ → SparseSGD.Params) (w : ℝ)
  (hb : Filter.Tendsto (fun n => (p n).beta) Filter.atTop (nhds 1))
  (hw : Filter.Tendsto (fun n => (p n).w) Filter.atTop (nhds w)) :
  Filter.Tendsto (fun n => (p n).curvature) Filter.atTop (nhds (w / 4))
SparseSGD.curvature_noise_tendsto (p : ℕ → SparseSGD.Params) (w u : ℝ)
  (hb : Filter.Tendsto (fun n => (p n).beta) Filter.atTop (nhds 1))
  (hw : Filter.Tendsto (fun n => (p n).w) Filter.atTop (nhds w))
  (hu : Filter.Tendsto (fun n => (p n).noise) Filter.atTop (nhds u)) (hw4 : w < 4) :
  Filter.Tendsto (fun n => (p n).renormNoise) Filter.atTop (nhds (u / (1 - w / 4)))
SparseSGD.curvature_only_rate (w : ℝ) : 1 - 0 / (1 - w / 4) = 1
SparseSGD.curvature_perronRate_tendsto (p : ℕ → SparseSGD.Params) (w u : ℝ)
  (hb : Filter.Tendsto (fun n => (p n).beta) Filter.atTop (nhds 1))
  (hw : Filter.Tendsto (fun n => (p n).w) Filter.atTop (nhds w))
  (hu : Filter.Tendsto (fun n => (p n).noise) Filter.atTop (nhds u)) (hw0 : 0 < w) (hw4 : w < 4)
  (hb1 : ∀ᶠ (n : ℕ) in Filter.atTop, (p n).beta < 1) (hu0 : ∀ᶠ (n : ℕ) in Filter.atTop, 0 ≤ (p n).renormNoise)
  (hu1 : u / (1 - w / 4) < 1) :
  Filter.Tendsto (fun n => SparseSGD.continuumPerronRate (p n).matchedDelta (p n).renormNoise) Filter.atTop
    (nhds (1 - u / (1 - w / 4)))
SparseSGD.curvature_profile_rates_tendsto (p : ℕ → SparseSGD.Params) (w u : ℝ)
  (hb : Filter.Tendsto (fun n => (p n).beta) Filter.atTop (nhds 1))
  (hw : Filter.Tendsto (fun n => (p n).w) Filter.atTop (nhds w))
  (hu : Filter.Tendsto (fun n => (p n).noise) Filter.atTop (nhds u)) (hw4 : w < 4) :
  Filter.Tendsto (fun n => 1 - (p n).renormNoise) Filter.atTop (nhds (1 - u / (1 - w / 4))) ∧
    Filter.Tendsto (fun n => 1 + (p n).renormNoise / 2) Filter.atTop (nhds (1 + u / (1 - w / 4) / 2))
SparseSGD.curvature_scaledDelta_tendsto (p : ℕ → SparseSGD.Params) (w : ℝ)
  (hb : Filter.Tendsto (fun n => (p n).beta) Filter.atTop (nhds 1))
  (hw : Filter.Tendsto (fun n => (p n).w) Filter.atTop (nhds w)) (hw0 : 0 < w) (hw4 : w < 4)
  (hb1 : ∀ᶠ (n : ℕ) in Filter.atTop, (p n).beta < 1) :
  Filter.Tendsto (fun n => (p n).matchedDelta * (p n).matchedStep ^ 2) Filter.atTop (nhds (Real.arccos |1 - w / 2| ^ 2))
SparseSGD.curvature_switch_rate (w u : ℝ) (hw0 : 0 < w) (hw4 : w < 4) (hu0 : 0 < u) (hu1 : u + w / 4 < 1) :
  1 - (u + w / 4) < 1 - u / (1 - w / 4) ∧ 1 - u / (1 - w / 4) < 1
SparseSGD.curvature_window_comparison (p : ℕ → SparseSGD.Params) (s : ℕ → SparseSGD.Moments) (w u margin : ℝ)
  (jury : SparseSGD.External.JuryStability) (hb : Filter.Tendsto (fun n => (p n).beta) Filter.atTop (nhds 1))
  (hw : Filter.Tendsto (fun n => (p n).w) Filter.atTop (nhds w))
  (hu : Filter.Tendsto (fun n => (p n).noise) Filter.atTop (nhds u)) (hw0 : 0 < w) (hw4 : w < 4) (hm : 0 < margin)
  (hb1 : ∀ᶠ (n : ℕ) in Filter.atTop, (p n).beta < 1) (hu0 : ∀ᶠ (n : ℕ) in Filter.atTop, 0 ≤ (p n).noise)
  (hp : ∀ᶠ (n : ℕ) in Filter.atTop, 0 ≤ (p n).renormAdditive) (hs : ∀ (n : ℕ), (s n).psd)
  (hum : u / (1 - w / 4) ≤ 1 - margin) (hnyq : 2 * Real.sin margin ≤ |w - 2|) :
  ∃ C,
    0 ≤ C ∧
      ∀ᶠ (n : ℕ) in Filter.atTop,
        ∀ (k : ℕ),
          |SparseSGD.slowEnergy (p n).matchedDelta ((p n).matchedMoments ((p n).trajectory (s n) k)) -
                  (p n).windowSlow (s n) (↑k * (p n).matchedStep)| ≤
              C * (p n).matchedStep * ((p n).comparisonInitialSize (s n) + (p n).renormAdditive) ∧
            ‖SparseSGD.oscillatoryEnergy (p n).matchedDelta (SparseSGD.oscillatoryRoot √((p n).matchedDelta - 1 / 4))
                      ((p n).matchedMoments ((p n).trajectory (s n) k)) -
                    (p n).windowOsc (s n) (↑k * (p n).matchedStep)‖ ≤
                C * (p n).matchedStep * ((p n).comparisonInitialSize (s n) + (p n).renormAdditive) ∧
              |((p n).trajectory (s n) k).R -
                    ((p n).windowSlow (s n) (↑k * (p n).matchedStep) / 2 +
                      ((p n).windowOsc (s n) (↑k * (p n).matchedStep)).re / 2)| ≤
                C * (p n).matchedStep * ((p n).comparisonInitialSize (s n) + (p n).renormAdditive)
SparseSGD.curvature_window_local_average (p : ℕ → SparseSGD.Params) (s : ℕ → SparseSGD.Moments) (w u margin : ℝ)
  (jury : SparseSGD.External.JuryStability) (hb : Filter.Tendsto (fun n => (p n).beta) Filter.atTop (nhds 1))
  (hw : Filter.Tendsto (fun n => (p n).w) Filter.atTop (nhds w))
  (hu : Filter.Tendsto (fun n => (p n).noise) Filter.atTop (nhds u)) (hw0 : 0 < w) (hw4 : w < 4) (hm : 0 < margin)
  (hb1 : ∀ᶠ (n : ℕ) in Filter.atTop, (p n).beta < 1) (hu0 : ∀ᶠ (n : ℕ) in Filter.atTop, 0 ≤ (p n).noise)
  (hp : ∀ᶠ (n : ℕ) in Filter.atTop, 0 ≤ (p n).renormAdditive) (hs : ∀ (n : ℕ), (s n).psd)
  (hum : u / (1 - w / 4) ≤ 1 - margin) (hnyq : 2 * Real.sin margin ≤ |w - 2|) :
  ∃ C,
    0 ≤ C ∧
      ∀ᶠ (n : ℕ) in Filter.atTop,
        ∀ (k N : ℕ),
          0 < N →
            |(∑ j ∈ Finset.range N, ((p n).trajectory (s n) (k + j)).R) / ↑N -
                  (p n).windowSlow (s n) (↑k * (p n).matchedStep) / 2| ≤
              C * (p n).matchedStep * ((p n).comparisonInitialSize (s n) + (p n).renormAdditive) +
                8 / margin * ((p n).comparisonInitialSize (s n) + (p n).renormAdditive) *
                  (↑N * (p n).matchedStep + 1 / (↑N * (p n).foldedAngle))
SparseSGD.eight_cells_exhaustive (gamma d n c : ℝ) (hg : gamma > 0) (hc : c = d - 2 * gamma) (hn : n ≤ 0)
  (hload : c ≤ 0) :
  SparseSGD.Cell1 d n c ∨
    SparseSGD.Cell2 d n c ∨
      SparseSGD.Cell3 d n c ∨
        SparseSGD.Cell4 d n c ∨
          SparseSGD.Cell5 d n c ∨ SparseSGD.Cell6 d n c ∨ SparseSGD.Cell7 d n c ∨ SparseSGD.Cell8 d n c
SparseSGD.exists_largeMode_parameter (delta u : ℝ) (hd : 0 < delta) (hu0 : 0 ≤ u) (hu1 : u < 1) :
  ∃ a, 0 ≤ a ∧ a < 1 ∧ a ^ 3 + (4 * delta - 1) * a - 4 * delta * u = 0
SparseSGD.exponential_pair_quadrature_bound (δ : ℝ) (hδ : 0 < δ) :
  ∃ C,
    0 ≤ C ∧
      ∀ (mu lambda : ℂ) (h : ℝ) (k : ℕ),
        0 < h →
          |((lambda - mu) * ↑h).re| ≤ 3 →
            |((lambda - mu) * ↑h).im| ≤ 2 * Real.pi - δ →
              ‖SparseSGD.sampledPairSum mu lambda (↑h) k - SparseSGD.pairIntegral mu lambda (↑k * h)‖ ≤
                C * h * ‖Complex.exp (lambda * ↑(↑k * h)) - Complex.exp (mu * ↑(↑k * h))‖
SparseSGD.exponential_pair_quadrature_bound_stable (δ : ℝ) (hδ : 0 < δ) :
  ∃ C,
    0 ≤ C ∧
      ∀ (mu lambda : ℂ) (h : ℝ) (k : ℕ),
        mu.re ≤ 0 →
          lambda.re ≤ 0 →
            0 < h →
              |((lambda - mu) * ↑h).re| ≤ 3 →
                |((lambda - mu) * ↑h).im| ≤ 2 * Real.pi - δ →
                  ‖SparseSGD.sampledPairSum mu lambda (↑h) k - SparseSGD.pairIntegral mu lambda (↑k * h)‖ ≤ 2 * C * h
SparseSGD.floor_identity (p : SparseSGD.Params) (hc : p.curvature ≠ 1) (hu : p.totalLoad ≠ 1) :
  p.renormAdditive / (1 - p.renormNoise) = p.additive / (1 - p.totalLoad)
SparseSGD.free_oscillator_energy_bound (delta : ℝ) (x y : ℝ → ℝ) (hd : 0 ≤ delta)
  (hx : ∀ (t : ℝ), 0 ≤ t → HasDerivAt x (-delta * y t) t) (hy : ∀ (t : ℝ), 0 ≤ t → HasDerivAt y (x t - y t) t) (t : ℝ)
  (ht : 0 ≤ t) : x t ^ 2 + delta * y t ^ 2 ≤ x 0 ^ 2 + delta * y 0 ^ 2
SparseSGD.hasSum_sampled_exp (mu : ℂ) (ebar : ℝ) (hmu : mu.re < 0) (hebar : 0 < ebar) :
  HasSum (fun n => ↑ebar * Complex.exp (mu * ↑(n + 1) * ↑ebar)) (SparseSGD.m (-mu * ↑ebar) / -mu)
SparseSGD.kickResponse_eq_chebyshev (p : SparseSGD.Params) (hb : 0 < p.beta) (n : ℕ) :
  SparseSGD.kickResponse p n = SparseSGD.chebyResponse p n
SparseSGD.largeModeFrequency_deviation (delta a omega : ℝ) (hd : 1 ≤ delta) (ha0 : 0 ≤ a) (ha1 : a ≤ 1) (ho : 0 < omega)
  (hosq : omega ^ 2 = delta - 1 / 4) :
  0 ≤ SparseSGD.largeModeFrequency delta a - 2 * omega ∧
    SparseSGD.largeModeFrequency delta a - 2 * omega ≤ 3 / (16 * omega)
SparseSGD.largeModeRates_real_parts (delta a : ℝ) (ha0 : 0 ≤ a) (ha1 : a < 1) (i : Fin 3) :
  -3 / 2 ≤ (SparseSGD.largeModeRates delta a i).re ∧ (SparseSGD.largeModeRates delta a i).re < 0
SparseSGD.largeModeRootPlus_deviation (delta a omega : ℝ) (hd : 4 ≤ delta) (ha0 : 0 ≤ a) (ha1 : a ≤ 1) (ho : 0 < omega)
  (hosq : omega ^ 2 = delta - 1 / 4) :
  ‖SparseSGD.largeModeRootPlus delta a - SparseSGD.oscillatoryRoot omega‖ ≤ 3 ∧
    |(SparseSGD.largeModeRootPlus delta a).im - 2 * omega| ≤ 22 / omega
SparseSGD.largeMode_cubic_factor (delta u a : ℝ) (hd : 1 ≤ delta) (ha : a ^ 3 + (4 * delta - 1) * a - 4 * delta * u = 0)
  (z : ℂ) :
  z ^ 3 + 3 * z ^ 2 + (2 + 4 * ↑delta) * z + 4 * ↑delta * (1 - ↑u) =
    (z - ↑(a - 1)) * ((z + ↑(1 + a / 2)) ^ 2 + ↑(SparseSGD.largeModeFrequency delta a) ^ 2)
SparseSGD.load_exponents_nonpos_iff (sigma kappa gamma alpha : ℝ) :
  SparseSGD.eNoise sigma alpha ≤ 0 ∧ SparseSGD.eCurvature gamma kappa alpha ≤ 0 ↔
    alpha ≥ SparseSGD.criticalAlpha sigma kappa gamma
SparseSGD.moment_comparison (margin : ℝ) (hm : 0 < margin) :
  ∃ C,
    0 ≤ C ∧
      ∀ (p : SparseSGD.Params) (s : SparseSGD.Moments),
        1 / 2 ≤ p.beta →
          p.beta < 1 →
            0 < p.w →
              p.w < 2 * (1 + p.beta) →
                SparseSGD.External.JuryStability →
                  s.psd →
                    0 ≤ p.renormNoise →
                      p.renormNoise ≤ 1 - margin →
                        0 ≤ p.renormAdditive →
                          (SparseSGD.comparisonDeltaThreshold margin ≤ p.matchedDelta →
                              p.foldedAngle ≤ Real.pi / 2 - margin) →
                            ∀ (k : ℕ),
                              |(p.trajectory s k).R - (p.comparisonFlow s (↑k * p.matchedStep)).R| ≤
                                  C * p.matchedStep * (p.comparisonInitialSize s + p.renormAdditive) ∧
                                (1 ≤ p.matchedDelta →
                                  |SparseSGD.slowEnergy p.matchedDelta (p.matchedMoments (p.trajectory s k)) -
                                          SparseSGD.slowEnergy p.matchedDelta
                                            (p.comparisonFlow s (↑k * p.matchedStep))| ≤
                                      C * p.matchedStep * (p.comparisonInitialSize s + p.renormAdditive) ∧
                                    ‖SparseSGD.oscillatoryEnergy p.matchedDelta
                                            (SparseSGD.oscillatoryRoot √(p.matchedDelta - 1 / 4))
                                            (p.matchedMoments (p.trajectory s k)) -
                                          SparseSGD.oscillatoryEnergy p.matchedDelta
                                            (SparseSGD.oscillatoryRoot √(p.matchedDelta - 1 / 4))
                                            (p.comparisonFlow s (↑k * p.matchedStep))‖ ≤
                                      C * p.matchedStep * (p.comparisonInitialSize s + p.renormAdditive))
SparseSGD.noise_only_rate (u : ℝ) : 1 - u / (1 - 0 / 4) = 1 - u
SparseSGD.oscillatoryEnergy_hasDerivAt {delta u phi : ℝ} {s : ℝ → SparseSGD.Moments}
  (hs : SparseSGD.IsMomentSolution delta u phi s) (hd : delta ≠ 0) (lambda : ℂ) (hl : lambda + 2 ≠ 0)
  (hq : lambda ^ 2 + 2 * lambda + 4 * ↑delta = 0) {t : ℝ} (ht : 0 ≤ t) :
  HasDerivAt (fun t => SparseSGD.oscillatoryEnergy delta lambda (s t))
    (lambda * SparseSGD.oscillatoryEnergy delta lambda (s t) - 2 * lambda / (lambda + 2) * (↑u * ↑(s t).R + ↑phi)) t
SparseSGD.quadrature_factor_bound (δ : ℝ) (hδ : 0 < δ) :
  ∃ C, 0 ≤ C ∧ ∀ (y : ℂ), |y.re| ≤ 3 → |y.im| ≤ 2 * Real.pi - δ → ‖SparseSGD.m y - 1‖ ≤ C * ‖y‖
SparseSGD.raw_oracle_covariance_step.{u_1, u_2} {Ω : Type u_1} {E : Type u_2} [mΩ : MeasurableSpace Ω]
  [NormedAddCommGroup E] [InnerProductSpace ℝ E] [CompleteSpace E] {μ : MeasureTheory.Measure Ω}
  [MeasureTheory.IsProbabilityMeasure μ] {F : ℕ → MeasurableSpace Ω} {e q ξ : ℕ → Ω → E} {vinc vadd : ℝ}
  (O : SparseSGD.RawOracleHypotheses μ F e q ξ vinc vadd) (beta eta A : ℝ) (hA : 0 < A)
  (he0 : MeasureTheory.MemLp (e 0) 2 μ) (hq0 : MeasureTheory.MemLp (q 0) 2 μ)
  (heStep : ∀ (k : ℕ), e (k + 1) = (1 - eta * (1 - beta) * A) • e k - beta • q k - (eta * (1 - beta)) • ξ k)
  (hqStep : ∀ (k : ℕ), q (k + 1) = (eta * (1 - beta) * A) • e k + beta • q k + (eta * (1 - beta)) • ξ k) (k : ℕ) :
  have p := SparseSGD.oracleParams beta eta A vinc vadd;
  have s := SparseSGD.Probability.LeastSquares.integratedMoments μ (e k) (q k);
  (SparseSGD.Probability.LeastSquares.integratedMoments μ (e (k + 1)) (q (k + 1))).cov =
    p.meanMatrix * s.cov * p.meanMatrix.transpose +
      (2 * p.w * p.eps * (p.noise * s.R + p.additive)) • Matrix.vecMulVec SparseSGD.kick SparseSGD.kick
SparseSGD.raw_oracle_memLp.{u_1, u_2} {Ω : Type u_1} {E : Type u_2} [mΩ : MeasurableSpace Ω] [NormedAddCommGroup E]
  [InnerProductSpace ℝ E] [CompleteSpace E] {μ : MeasureTheory.Measure Ω} [MeasureTheory.IsProbabilityMeasure μ]
  {F : ℕ → MeasurableSpace Ω} {e q ξ : ℕ → Ω → E} {vinc vadd : ℝ}
  (O : SparseSGD.RawOracleHypotheses μ F e q ξ vinc vadd) (beta eta A : ℝ) (he0 : MeasureTheory.MemLp (e 0) 2 μ)
  (hq0 : MeasureTheory.MemLp (q 0) 2 μ)
  (heStep : ∀ (k : ℕ), e (k + 1) = (1 - eta * (1 - beta) * A) • e k - beta • q k - (eta * (1 - beta)) • ξ k)
  (hqStep : ∀ (k : ℕ), q (k + 1) = (eta * (1 - beta) * A) • e k + beta • q k + (eta * (1 - beta)) • ξ k) (k : ℕ) :
  MeasureTheory.MemLp (e k) 2 μ ∧ MeasureTheory.MemLp (q k) 2 μ ∧ MeasureTheory.MemLp (ξ k) 2 μ
SparseSGD.raw_oracle_moment_trajectory.{u_1, u_2} {Ω : Type u_1} {E : Type u_2} [mΩ : MeasurableSpace Ω]
  [NormedAddCommGroup E] [InnerProductSpace ℝ E] [CompleteSpace E] {μ : MeasureTheory.Measure Ω}
  [MeasureTheory.IsProbabilityMeasure μ] {F : ℕ → MeasurableSpace Ω} {e q ξ : ℕ → Ω → E} {vinc vadd : ℝ}
  (O : SparseSGD.RawOracleHypotheses μ F e q ξ vinc vadd) (beta eta A : ℝ) (hA : 0 < A)
  (he0 : MeasureTheory.MemLp (e 0) 2 μ) (hq0 : MeasureTheory.MemLp (q 0) 2 μ)
  (heStep : ∀ (k : ℕ), e (k + 1) = (1 - eta * (1 - beta) * A) • e k - beta • q k - (eta * (1 - beta)) • ξ k)
  (hqStep : ∀ (k : ℕ), q (k + 1) = (eta * (1 - beta) * A) • e k + beta • q k + (eta * (1 - beta)) • ξ k) (k : ℕ) :
  SparseSGD.Probability.LeastSquares.integratedMoments μ (e k) (q k) =
    (SparseSGD.oracleParams beta eta A vinc vadd).trajectory
      (SparseSGD.Probability.LeastSquares.integratedMoments μ (e 0) (q 0)) k
SparseSGD.regular_chain_uniform_convergence (P : ℕ → SparseSGD.Params) (s : ℕ → SparseSGD.Moments) (delta₀ u₀ phi₀ : ℝ)
  (s₀ : SparseSGD.Moments) (margin : ℝ) (hm : 0 < margin) (jury : SparseSGD.External.JuryStability)
  (hchain :
    ∀ (n : ℕ),
      1 / 2 ≤ (P n).beta ∧
        (P n).beta < 1 ∧
          0 < (P n).w ∧
            (P n).w < 2 * (1 + (P n).beta) ∧
              (s n).psd ∧
                0 ≤ (P n).renormNoise ∧
                  (P n).renormNoise ≤ 1 - margin ∧
                    0 ≤ (P n).renormAdditive ∧
                      (SparseSGD.comparisonDeltaThreshold margin ≤ (P n).matchedDelta →
                        (P n).foldedAngle ≤ Real.pi / 2 - margin))
  (hh : Filter.Tendsto (fun n => (P n).matchedStep) Filter.atTop (nhds 0))
  (hd : Filter.Tendsto (fun n => (P n).matchedDelta) Filter.atTop (nhds delta₀))
  (hu : Filter.Tendsto (fun n => (P n).renormNoise) Filter.atTop (nhds u₀))
  (hp : Filter.Tendsto (fun n => (P n).renormAdditive) Filter.atTop (nhds phi₀))
  (hsR : Filter.Tendsto (fun n => ((P n).matchedMoments (s n)).R) Filter.atTop (nhds s₀.R))
  (hsV : Filter.Tendsto (fun n => ((P n).matchedMoments (s n)).V) Filter.atTop (nhds s₀.V))
  (hsC : Filter.Tendsto (fun n => ((P n).matchedMoments (s n)).C) Filter.atTop (nhds s₀.C)) (hd0 : 0 < delta₀) (ε : ℝ) :
  ε > 0 →
    ∀ᶠ (n : ℕ) in Filter.atTop,
      ∀ (k : ℕ),
        |((P n).trajectory (s n) k).R - (SparseSGD.continuumFlow delta₀ u₀ phi₀ s₀ (↑k * (P n).matchedStep)).R| < ε
SparseSGD.renormNoise_lt_one_iff (p : SparseSGD.Params) (hc : p.curvature < 1) : p.renormNoise < 1 ↔ p.totalLoad < 1
SparseSGD.risk_modal_inversion (delta omega : ℝ) (s : SparseSGD.Moments) (ho : omega ≠ 0)
  (h : omega ^ 2 = delta - 1 / 4) :
  s.R =
    SparseSGD.riskSlowCoefficient delta omega * SparseSGD.slowEnergy delta s +
      2 *
        (SparseSGD.riskOscillatoryCoefficient omega *
            SparseSGD.oscillatoryEnergy delta (SparseSGD.oscillatoryRoot omega) s).re
SparseSGD.sampled_pair_sum_quadrature (mu lambda : ℂ) (ebar : ℝ) (k : ℕ)
  (hpole : (lambda - mu) * ↑ebar = 0 ∨ Complex.exp ((lambda - mu) * ↑ebar) ≠ 1) :
  SparseSGD.sampledPairSum mu lambda (↑ebar) k =
    SparseSGD.m ((lambda - mu) * ↑ebar) * SparseSGD.pairIntegral mu lambda (↑k * ebar)
SparseSGD.slowEnergy_hasDerivAt {delta u phi : ℝ} {s : ℝ → SparseSGD.Moments}
  (hs : SparseSGD.IsMomentSolution delta u phi s) (hd : delta ≠ 0) {t : ℝ} (ht : 0 ≤ t) :
  HasDerivAt (fun t => SparseSGD.slowEnergy delta (s t)) (-SparseSGD.slowEnergy delta (s t) + 2 * (u * (s t).R + phi)) t
SparseSGD.smallDelta_trajectory_learningProfile (p : SparseSGD.Params) (Delta R : ℝ)
  (jury : SparseSGD.External.JuryStability) (hb0 : 1 / 2 ≤ p.beta) (hb1 : p.beta < 1) (hD0 : 0 < Delta)
  (hD1 : Delta ≤ 1 / 8) (hw : p.w = SparseSGD.smallDeltaW p.beta Delta) (hR : 0 ≤ R) (hu0 : 0 ≤ p.renormNoise)
  (hu1 : p.renormNoise < 1) (hp : 0 ≤ p.renormAdditive) (k : ℕ) :
  |(p.trajectory { R := R, V := 0, C := 0 } k).R -
        SparseSGD.Scaling.learningProfile p.renormNoise p.renormAdditive R (↑k * (p.w / p.eps))| ≤
    (538 / (1 - p.renormNoise) + 8) * Delta * (R + p.renormAdditive / (1 - p.renormNoise))
SparseSGD.stable_kernel_masses (jury : SparseSGD.External.JuryStability) (p : SparseSGD.Params) (hb0 : 1 / 2 ≤ p.beta)
  (hb1 : p.beta < 1) (hw0 : 0 < p.w) (hw1 : p.w < 2 * (1 + p.beta)) :
  HasSum (fun n => 2 * p.w * p.eps * p.noise * SparseSGD.kickResponse p n ^ 2) p.renormNoise ∧
    HasSum (fun n => 2 * p.w * p.eps * p.additive * SparseSGD.kickResponse p n ^ 2) p.renormAdditive
SparseSGD.trajectory_risk_geometric_convergence (jury : SparseSGD.External.JuryStability) (p : SparseSGD.Params)
  (s : SparseSGD.Moments) (hb0 : 1 / 2 ≤ p.beta) (hb1 : p.beta < 1) (hw0 : 0 < p.w) (hw1 : p.w < 2 * (1 + p.beta))
  (hnoise : 0 ≤ p.noise) (hadd : 0 ≤ p.additive) (hload : p.totalLoad < 1) :
  ∃ C r, 0 ≤ C ∧ 0 < r ∧ r < 1 ∧ ∀ (k : ℕ), |(p.trajectory s k).R - p.additive / (1 - p.totalLoad)| ≤ C * r ^ k
SparseSGD.trajectory_risk_not_geometrically_decaying (jury : SparseSGD.External.JuryStability) (p : SparseSGD.Params)
  (s : SparseSGD.Moments) (hs : s.psd) (hs0 : s ≠ 0) (hb0 : 1 / 2 ≤ p.beta) (hb1 : p.beta < 1) (hw0 : 0 < p.w)
  (hw1 : p.w < 2 * (1 + p.beta)) (hnoise : 0 ≤ p.noise) (hadd : p.additive = 0) (hload : 1 ≤ p.renormNoise) :
  ¬∃ C r, 0 ≤ C ∧ 0 ≤ r ∧ r < 1 ∧ ∀ (k : ℕ), (p.trajectory s k).R ≤ C * r ^ k
SparseSGD.trajectory_risk_not_summable (jury : SparseSGD.External.JuryStability) (p : SparseSGD.Params)
  (s : SparseSGD.Moments) (hs : s.psd) (hs0 : s ≠ 0) (hb0 : 1 / 2 ≤ p.beta) (hb1 : p.beta < 1) (hw0 : 0 < p.w)
  (hw1 : p.w < 2 * (1 + p.beta)) (hnoise : 0 ≤ p.noise) (hadd : p.additive = 0) (hload : 1 ≤ p.renormNoise) :
  ¬Summable fun k => (p.trajectory s k).R
SparseSGD.trajectory_risk_tendsto_floor (jury : SparseSGD.External.JuryStability) (p : SparseSGD.Params)
  (s : SparseSGD.Moments) (hb0 : 1 / 2 ≤ p.beta) (hb1 : p.beta < 1) (hw0 : 0 < p.w) (hw1 : p.w < 2 * (1 + p.beta))
  (hnoise : 0 ≤ p.noise) (hadd : 0 ≤ p.additive) (hload : p.totalLoad < 1) :
  Filter.Tendsto (fun k => (p.trajectory s k).R) Filter.atTop (nhds (p.additive / (1 - p.totalLoad)))
SparseSGD.trajectory_risk_uniform_bound (jury : SparseSGD.External.JuryStability) (p : SparseSGD.Params)
  (s : SparseSGD.Moments) (A : ℝ) (hb0 : 1 / 2 ≤ p.beta) (hb1 : p.beta < 1) (hw0 : 0 < p.w)
  (hw1 : p.w < 2 * (1 + p.beta)) (hnoise : 0 ≤ p.noise) (hadd : 0 ≤ p.additive) (hload : p.renormNoise < 1) (hA : 0 ≤ A)
  (hfree : ∀ (k : ℕ), SparseSGD.freeRisk p s k ≤ A) (k : ℕ) :
  (p.trajectory s k).R ≤ (A + p.renormAdditive) / (1 - p.renormNoise)
SparseSGD.windowSlowProfile_derivative (delta u phi : ℝ) (s : SparseSGD.Moments) (hu : u ≠ 1) (t : ℝ) :
  HasDerivAt (SparseSGD.windowSlowProfile delta u phi s)
    (-(1 - u) * SparseSGD.windowSlowProfile delta u phi s t + 2 * phi) t
SparseSGD.windowSlowProfile_initial (delta u phi : ℝ) (s : SparseSGD.Moments) :
  SparseSGD.windowSlowProfile delta u phi s 0 = SparseSGD.slowEnergy delta s
SparseSGD.window_chain_energy_comparison (margin : ℝ) (hm : 0 < margin) :
  ∃ C,
    0 ≤ C ∧
      ∀ (p : SparseSGD.Params) (s : SparseSGD.Moments),
        1 / 2 ≤ p.beta →
          p.beta < 1 →
            0 < p.w →
              p.w < 2 * (1 + p.beta) →
                SparseSGD.External.JuryStability →
                  s.psd →
                    0 ≤ p.renormNoise →
                      p.renormNoise ≤ 1 - margin →
                        0 ≤ p.renormAdditive →
                          SparseSGD.windowDeltaThreshold margin ≤ p.matchedDelta →
                            p.foldedAngle ≤ Real.pi / 2 - margin →
                              ∀ (k : ℕ),
                                |SparseSGD.slowEnergy p.matchedDelta (p.matchedMoments (p.trajectory s k)) -
                                        p.windowSlow s (↑k * p.matchedStep)| ≤
                                    C * (p.matchedStep + 1 / √p.matchedDelta) *
                                      (p.comparisonInitialSize s + p.renormAdditive) ∧
                                  ‖SparseSGD.oscillatoryEnergy p.matchedDelta
                                          (SparseSGD.oscillatoryRoot √(p.matchedDelta - 1 / 4))
                                          (p.matchedMoments (p.trajectory s k)) -
                                        p.windowOsc s (↑k * p.matchedStep)‖ ≤
                                    C * (p.matchedStep + 1 / √p.matchedDelta) *
                                      (p.comparisonInitialSize s + p.renormAdditive)
SparseSGD.window_chain_local_average (margin : ℝ) (hm : 0 < margin) :
  ∃ C,
    0 ≤ C ∧
      ∀ (p : SparseSGD.Params) (s : SparseSGD.Moments),
        1 / 2 ≤ p.beta →
          p.beta < 1 →
            0 < p.w →
              p.w < 2 * (1 + p.beta) →
                SparseSGD.External.JuryStability →
                  s.psd →
                    0 ≤ p.renormNoise →
                      p.renormNoise ≤ 1 - margin →
                        0 ≤ p.renormAdditive →
                          SparseSGD.windowDeltaThreshold margin ≤ p.matchedDelta →
                            p.foldedAngle ≤ Real.pi / 2 - margin →
                              ∀ (k N : ℕ),
                                0 < N →
                                  |(∑ j ∈ Finset.range N, (p.trajectory s (k + j)).R) / ↑N -
                                        p.windowSlow s (↑k * p.matchedStep) / 2| ≤
                                    C * (p.matchedStep + 1 / √p.matchedDelta) *
                                        (p.comparisonInitialSize s + p.renormAdditive) +
                                      4 / margin * (p.comparisonInitialSize s + p.renormAdditive) *
                                        (↑N * p.matchedStep + 1 / (↑N * p.foldedAngle))
SparseSGD.window_chain_risk_comparison (margin : ℝ) (hm : 0 < margin) :
  ∃ C,
    0 ≤ C ∧
      ∀ (p : SparseSGD.Params) (s : SparseSGD.Moments),
        1 / 2 ≤ p.beta →
          p.beta < 1 →
            0 < p.w →
              p.w < 2 * (1 + p.beta) →
                SparseSGD.External.JuryStability →
                  s.psd →
                    0 ≤ p.renormNoise →
                      p.renormNoise ≤ 1 - margin →
                        0 ≤ p.renormAdditive →
                          SparseSGD.windowDeltaThreshold margin ≤ p.matchedDelta →
                            p.foldedAngle ≤ Real.pi / 2 - margin →
                              ∀ (k : ℕ),
                                |(p.trajectory s k).R -
                                      (p.windowSlow s (↑k * p.matchedStep) / 2 +
                                        (p.windowOsc s (↑k * p.matchedStep)).re / 2)| ≤
                                  C * (p.matchedStep + 1 / √p.matchedDelta) *
                                    (p.comparisonInitialSize s + p.renormAdditive)
SparseSGD.window_continuum_rate_bound (delta u : ℝ) (hd : 1 ≤ delta) (hu0 : 0 ≤ u) (hu1 : u < 1) :
  0 ≤ 1 - u - SparseSGD.continuumPerronRate delta u ∧ 1 - u - SparseSGD.continuumPerronRate delta u ≤ 1 / (4 * delta)

$ /opt/e-py/bin/python3 scripts/coverage.py
332 modules; 1887 authored theorem declarations.
27 complete (including corrected statements) and 0 partial source entries; 0 pending. Source assumptions remain explicit.

Verified 332 imported modules and 0 of 29 frozen source hashes (29 source files not present).
